play	label	xmlid	count	pages
AlNaharotBavel-Amkreut&Freund1909	אֶלְיָקים	elyakim	3	28,63
AlNaharotBavel-Amkreut&Freund1909	אֶלְיָקים;	elyakim	1	63
AlNaharotBavel-Amkreut&Freund1909	אליקים	elyakim	123	7,8,9,10,11,12,13,14,15,28,29,30,32,33,34,35,36,58,60,61,62,63
AlNaharotBavel-Amkreut&Freund1909	בֶּן	ben_kaspi	27	13,14,15,16,28,29,30,32,33,35,36
AlNaharotBavel-Amkreut&Freund1909	בֶּן כַּסְפִּי	ben_kaspi	26	13,14,15,16,28,29,30,32,33,35,36
AlNaharotBavel-Amkreut&Freund1909	בֶּן כּספּי	ben_kaspi	1	14
AlNaharotBavel-Amkreut&Freund1909	בּן	ben_kaspi	2	15,31
AlNaharotBavel-Amkreut&Freund1909	בּן כַּסְפִּי	ben_kaspi	2	15,31
AlNaharotBavel-Amkreut&Freund1909	ביידע	beyde	2	49
AlNaharotBavel-Amkreut&Freund1909	דְלִילָה	delila	2	52
AlNaharotBavel-Amkreut&Freund1909	דוד	dovid	86	12,13,16,17,26,27,28,30,63
AlNaharotBavel-Amkreut&Freund1909	דלילה	delila	52	38,39,40,51,52,53,58
AlNaharotBavel-Amkreut&Freund1909	דניאל	daniel	20	8,9,10,11,31,34,35,36,56
AlNaharotBavel-Amkreut&Freund1909	הויפטמאן	hoyptman	57	34,35,36,37,40,41,49,51,52,54,55,56,57
AlNaharotBavel-Amkreut&Freund1909	זמרי	zimri	122	7,8,9,10,11,18,19,20,21,22,23,24,25,34,35,43,47,48,49,50,52,53,57,58,59
AlNaharotBavel-Amkreut&Freund1909	זרובבל	zerubavel	84	8,9,10,11,23,24,25,32,33,34,35,36,37,41,42,43,58,62,63
AlNaharotBavel-Amkreut&Freund1909	יְהוּדִית	yehudis	1	12
AlNaharotBavel-Amkreut&Freund1909	יהודִית'ל	yehudis	1	12
AlNaharotBavel-Amkreut&Freund1909	יהודית	yehudis	107	12,13,16,17,26,27,28,29,30,60,61,62,63
AlNaharotBavel-Amkreut&Freund1909	פאלמירא	palmira	97	19,20,21,22,23,24,25,44,45,46,47,52,53,54,55,59
AlNaharotBavel-Amkreut&Freund1909	קעניג	belshatsar	149	18,19,20,39,40,41,42,43,44,45,46,47,48,51,52,53,54,55,56,57,58
BasSheva	אבנר	bnr	46	12,13,15,16,17,59,60,61,62,63,65,66,67,68,69
BasSheva	אבנר, בנימין	bnr bnimin	1	16
BasSheva	אלע	alle	22	13,14,26,51,59,60,62,67,68,69,70
BasSheva	אסתר	ssr	65	28,29,30,31,32,33,46,47,48,49,50,51,52,60,61,62,63
BasSheva	בּת שבע	bs_shbe	81	7,8,9,10,11,12,14,15,23,24,26,27,36,37,38,39,49,50,51,52,53,60,61,65,66,67,68,69
BasSheva	ביידע	beyde	7	9,33,45,63
BasSheva	בנימִין	bnimin	2	47,48
BasSheva	בנימין	bnimin	87	13,15,16,17,30,31,32,33,39,40,41,42,43,44,45,46,47,48,49,60,61,63
BasSheva	בנימן	bnimin	2	16,45
BasSheva	בת שבע	bnimin	1	67
BasSheva	טייפעל	teyfel	47	18,19,20,21,35,42,43,44,45
BasSheva	למך	lmkh	25	15,22,23,26,27,61,62,63,66,68,69
BasSheva	מעדכען	meydkhen	2	35,36
BasSheva	מענער	mener	1	7
BasSheva	עָזריה	ezrih	7	7,8,9,17,21,42,65
BasSheva	עזריה	ezrih	122	8,9,12,13,14,15,16,17,18,19,20,21,27,34,35,36,38,39,40,41,42,50,51,52,53,63,64,65,66,67,68,70
BasSheva	צדוק	tsduk	123	10,11,12,13,14,15,22,23,25,26,27,28,29,30,50,54,55,56,57,58,59,60,67,68,69
BasSheva	צדיק	tsduk	5	10,26,29,67,68
BasSheva	קַאהר	chor	1	7
BasSheva	קאהר	chor	15	21,22,27,37,38,49,50,52,71
BasSheva	שלומיאל	shlumil	96	9,10,11,14,15,22,23,24,25,26,49,50,55,56,57,58,59,60,61,64,65,67,69
Blimele-AhronFaust1903	איינער	eyner	5	22,23,47,65
Blimele-AhronFaust1903	אלע	alle	12	10,15,16,22,25,40,65,67
Blimele-AhronFaust1903	בּליהמעלע	blimele	3	51,52
Blimele-AhronFaust1903	באטע	bote	2	48
Blimele-AhronFaust1903	ביידע	beyde	5	13,14,63
Blimele-AhronFaust1903	בליהמעלע	blimele	43	15,16,28,29,51,52,53,54,55,64,65
Blimele-AhronFaust1903	בערל	berele	17	7,8,9
Blimele-AhronFaust1903	גראף	graf_stanislav	111	17,18,19,20,21,22,23,24,25,40,41,43,44,48,56,57,58,59,60,61,64,65,66
Blimele-AhronFaust1903	דאמען	damen	6	10,15,26,27
Blimele-AhronFaust1903	דאניאל	doktor_daniel	81	15,16,22,23,24,25,26,27,37,38,39,40,41,48,49,50,51,52,54,55,56,65,67
Blimele-AhronFaust1903	דאניאל ליעפע זעליקל	doktor_daniel liepe zelikel_mnagen	1	41
Blimele-AhronFaust1903	דער איינער	der_einer	1	66
Blimele-AhronFaust1903	זֶעלִיקל	zelikel_mnagen	1	35
Blimele-AhronFaust1903	זעליק	zelikel_mnagen	28	7,8,9,11,12,13
Blimele-AhronFaust1903	זעליקל	zelikel_mnagen	68	8,12,15,34,35,37,38,39,42,43,44,45,46,47,48
Blimele-AhronFaust1903	ליעפע	liepe	29	7,10,14,15,16,41,42,43,44,47
Blimele-AhronFaust1903	ליעפע זעליק	liepe zelikel_mnagen	1	41
Blimele-AhronFaust1903	מאקסים	maksim	115	17,18,19,20,21,22,23,24,41,43,44,45,46,47,48,56,57,58,59,60,61,66,67
Blimele-AhronFaust1903	מאקסים גראף	maksim graf_stanislav	1	41
Blimele-AhronFaust1903	מענער	mener	6	10,15,26,27
Blimele-AhronFaust1903	מרים	miriam	24	29,31,32,33,48,49,51,54,55
Blimele-AhronFaust1903	פאויל	berele	50	16,17,19,21,22,28,29,30,31,32,33,55,56,58,59,66
Blimele-AhronFaust1903	פאזשע	pazshe	3	62,63
Blimele-AhronFaust1903	ציערעלע	tsierele	41	12,13,49,50,51,52,53,54,55
Blimele-AhronFaust1903	ציערעלע זעליקל	tsierele	3	16
Blimele-AhronFaust1903	קאר	chor	24	7,10,15,16,25,26,39,40,41,62
Blimele-AhronFaust1903	קעניג	kenig_oygust	57	23,24,25,26,27,33,34,35,36,40,62,63,64,65,66,67
DerManUnterTiff	טוּרניווער	turniver	43	5,6,7,9,10,11,12,13,14,15,16,17
DerManUnterTiff	יאכטשע	yokhtshe	45	5,6,7,8,9,11,12,13,15,16,17
DerManUnterTiff	סאָבּעֶלעֶ	sobele	1	16
DerManUnterTiff	סאבּעלע	sobele	36	5,6,7,8,9,10,11,12,13,14,15,16,17
DerManUnterTiff	קראָקעֶוועֶר	krokover	2	8,11
DerManUnterTiff	קראקאווער	krokover	3	10
DerManUnterTiff	קראקעווער	krokover	7	7,10,11,18
Di_seyder_nakht_Emkroyt_1908	) קינד	kind_2	2	65
Di_seyder_nakht_Emkroyt_1908	אַלט	alt	6	56,70
Di_seyder_nakht_Emkroyt_1908	אַלע	alle	4	32,64
Di_seyder_nakht_Emkroyt_1908	אַלע:	alle	1	64
Di_seyder_nakht_Emkroyt_1908	אלט	alt	2	70
Di_seyder_nakht_Emkroyt_1908	אלע	alle	20	5,6,9,11,19,31,42,43,48,54,64,65
Di_seyder_nakht_Emkroyt_1908	אלע:	alle	1	64
Di_seyder_nakht_Emkroyt_1908	באס	bas	2	70
Di_seyder_nakht_Emkroyt_1908	ביידע	beyde	2	59
Di_seyder_nakht_Emkroyt_1908	ביידע:	beyde	2	59
Di_seyder_nakht_Emkroyt_1908	דאמען	damen	1	62
Di_seyder_nakht_Emkroyt_1908	דאמען:	damen	1	62
Di_seyder_nakht_Emkroyt_1908	דוד	dovid_kahn	111	5,6,7,8,9,11,12,13,14,15,16,18,19,26,27,31,32,39,43,45,46
Di_seyder_nakht_Emkroyt_1908	דומיטריע	dumitriye_rizvan	130	15,16,17,20,21,22,23,44,45,46,47,49,52,53,54
Di_seyder_nakht_Emkroyt_1908	דועט	duet	1	59
Di_seyder_nakht_Emkroyt_1908	דועט:	duet	1	59
Di_seyder_nakht_Emkroyt_1908	דימיטריע	dumitriye_rizvan	2	14
Di_seyder_nakht_Emkroyt_1908	דיענער	dyener	2	14
Di_seyder_nakht_Emkroyt_1908	דעמיטריע	dumitriye_rizvan	2	14
Di_seyder_nakht_Emkroyt_1908	העלפגאט	helpgot	33	50,51,52,53,54
Di_seyder_nakht_Emkroyt_1908	העלפנאט	helpgot	1	52
Di_seyder_nakht_Emkroyt_1908	וואסילע	vasile_talhar	60	23,24,45,47,50,51,52,54
Di_seyder_nakht_Emkroyt_1908	זלמן	zelmen_kahn	133	8,9,10,11,12,13,18,19,31,35,36,37,38,39,42,43,44,46,47,49,54,67,68
Di_seyder_nakht_Emkroyt_1908	טודרוס	tudris_bik	2	29
Di_seyder_nakht_Emkroyt_1908	טודריס	tudris_bik	56	28,29,30,31,33,34
Di_seyder_nakht_Emkroyt_1908	טענאר	tenor	4	70
Di_seyder_nakht_Emkroyt_1908	מאיר	meir_dreyer	150	6,7,8,10,11,12,13,14,18,26,27,28,29,30,31,32,33,34,40,41,42,43,54
Di_seyder_nakht_Emkroyt_1908	מרים	miryam	60	6,9,10,11,12,13,14,18,26,27,31,32,39,40,41
Di_seyder_nakht_Emkroyt_1908	סאפראן	sopran	2	56
Di_seyder_nakht_Emkroyt_1908	פרעפעקט	prefekt	12	51,52,53,54
Di_seyder_nakht_Emkroyt_1908	קאָהר	kor	4	58,67
Di_seyder_nakht_Emkroyt_1908	קאהר	kor	28	55,56,58,67,68,69,70
Di_seyder_nakht_Emkroyt_1908	קאטינקא	katinka	100	20,21,22,23,24,25,35,47,48,49,53,54
Di_seyder_nakht_Emkroyt_1908	קארל	karl_rizvan	112	5,12,13,14,16,17,18,23,24,25,35,36,37,38,39,54,55,56,57,59,60
Di_seyder_nakht_Emkroyt_1908	קינדער	kinder	2	64
Di_seyder_nakht_Emkroyt_1908	ראשיל	rashel	2	68
Di_seyder_nakht_Emkroyt_1908	ראשעל	rashel	94	5,6,8,9,10,11,12,13,14,17,18,37,38,39,40,41,42,45,54,57,59,60,68,70
Di_seyder_nakht_Emkroyt_1908	ריכטער	unterzukhungs_rikhter	40	44,45,46,47,48,50,52,54
Di_seyder_nakht_Emkroyt_1908	שמש	getsil	48	30,31,33,34,42,43,44,50,51
DosYudisheHerts-1910	2 קינדער	tsvey_kinder	1	39
DosYudisheHerts-1910	אַלע	alle	3	54,69
DosYudisheHerts-1910	בּיידע	beyde	1	24
DosYudisheHerts-1910	דִינְה	dinhle	11	17,18,19,21,27,37,46,55,56
DosYudisheHerts-1910	דִינה	dinhle	6	17,38,39,55
DosYudisheHerts-1910	דיִנְה	dinhle	1	20
DosYudisheHerts-1910	דיִנה	dinhle	13	14,15,16,17,18,21,22
DosYudisheHerts-1910	דינה	dinhle	35	15,16,17,18,19,20,21,22,24,37,38,46,48,54,56,61,62
DosYudisheHerts-1910	דיענער	diener	2	37
DosYudisheHerts-1910	דריטע	drite	1	69
DosYudisheHerts-1910	הֶערְמאן	hermn	1	51
DosYudisheHerts-1910	העֶרְמַאן	hermn	2	47,48
DosYudisheHerts-1910	הערמאן	herman	22	31,34,35,36,49,65,68
DosYudisheHerts-1910	הערמאן	hermn	42	28,29,30,47,48,49,50,51,53,65,66,67
DosYudisheHerts-1910	וויִקטאָר	viktor	9	39,40,41,42,60
DosYudisheHerts-1910	וויִקטאָר	viktr	2	7,59
DosYudisheHerts-1910	ווייַבּער	veyber	1	54
DosYudisheHerts-1910	ווייבּער	veyber	1	53
DosYudisheHerts-1910	ווייבער	veyber	1	54
DosYudisheHerts-1910	וויקטאָר	viktor	37	6,10,11,25,39,40,41,42,44,58,59,60,61
DosYudisheHerts-1910	וויקטאָר	viktr	6	7,59
DosYudisheHerts-1910	וויקטאר	viktor	1	6
DosYudisheHerts-1910	זי	zi	1	23
DosYudisheHerts-1910	זלמן	lmkh	2	34,49
DosYudisheHerts-1910	יעקב	iekb_shteren	6	9,27,56,57,58,59
DosYudisheHerts-1910	כֿאָר	chor	1	69
DosYudisheHerts-1910	כאָהר	chor	3	5,26,27
DosYudisheHerts-1910	ליִדאַ	lid	2	7,40
DosYudisheHerts-1910	ליִדאַ	lida	2	6,41
DosYudisheHerts-1910	לידא	lid	2	7
DosYudisheHerts-1910	לידא	lida	9	8,9,10,11,42,43,44
DosYudisheHerts-1910	לידאַ	lid	2	7
DosYudisheHerts-1910	לידאַ	lida	7	6,8,10,41,42,43
DosYudisheHerts-1910	ליידא	lid	3	7,37,42
DosYudisheHerts-1910	ליידאַ	lid	1	37
DosYudisheHerts-1910	למְך	lemekh_kretshmer	4	6,19,36,70
DosYudisheHerts-1910	למְך	lmkh	3	20,30,67
DosYudisheHerts-1910	למִך	lmkh	1	67
DosYudisheHerts-1910	למך	lemekh_kretshmer	35	6,8,19,24,25,31,34,35,36,49,65,68
DosYudisheHerts-1910	למך	lmkh	61	6,7,13,14,18,20,23,28,29,30,33,45,46,48,49,50,51,52,53,63,64,67
DosYudisheHerts-1910	מענער	mener	5	5,53,54
DosYudisheHerts-1910	משה	feter_mshh	44	21,22,23,24,25,26,27,28,29,31,45,46,47,52,53,63,64,65
DosYudisheHerts-1910	סֶערְקֶע	serkele	7	15,17,18,23,31,52
DosYudisheHerts-1910	סאלא	sl	1	68
DosYudisheHerts-1910	סעֶרְקע	serkele	1	16
DosYudisheHerts-1910	סעֶרְקעֶ	serkele	1	33
DosYudisheHerts-1910	סערְקֶע	serkele	7	14,19,30,51,63,67
DosYudisheHerts-1910	סערְקע	serkele	1	52
DosYudisheHerts-1910	סערקע	serkele	146	13,14,15,16,17,18,19,20,21,22,23,24,25,28,29,30,31,32,33,34,45,46,47,48,50,51,52,53,63,64,65,66,67
DosYudisheHerts-1910	סערקעלע	serkele	3	15,45,47
DosYudisheHerts-1910	ער	er	1	23
DosYudisheHerts-1910	פֶערְקֶע	serkele	1	30
DosYudisheHerts-1910	פּאַפּעֶסקאַ	ful_ffesk	1	38
DosYudisheHerts-1910	פּאַפּעסקא	ful_ffesk	1	58
DosYudisheHerts-1910	פּאַפּעסקאַ	ful_ffesk	2	44,55
DosYudisheHerts-1910	פּאָפעסקאַ	ful_ffesk	1	56
DosYudisheHerts-1910	פּאפּעסקא	ful_ffesk	8	11,12,37,40,41,56
DosYudisheHerts-1910	פּאפּעסקאַ	ful_ffesk	2	38,56
DosYudisheHerts-1910	פּאפעסקא	ful_ffesk	3	39,40,42
DosYudisheHerts-1910	פֿאָפעסקאַ	ful_ffesk	1	70
DosYudisheHerts-1910	פאָפּעֶסקאַ	ful_ffesk	1	42
DosYudisheHerts-1910	פאָפּעסקא	ful_ffesk	16	8,11,12,37,38,40,42,44,55,58,61,69
DosYudisheHerts-1910	פאָפּעסקאַ	ful_ffesk	5	38,56,58,70
DosYudisheHerts-1910	פאָפֿעסקאַ	ful_ffesk	1	9
DosYudisheHerts-1910	פאָפעסקא	ful_ffesk	5	7,11,39,43,56
DosYudisheHerts-1910	פאָפעסקאַ	ful_ffesk	1	37
DosYudisheHerts-1910	פאפעסקא	ful_ffesk	13	8,9,10,11,37,39,40,41,42,56,58,70
DosYudisheHerts-1910	פאפעסקאַ	ful_ffesk	1	9
DosYudisheHerts-1910	פערקע	serkele	1	46
DosYudisheHerts-1910	צווייטע	tsveyte	1	68
DosYudisheHerts-1910	קאמיסאַר	komisar	4	62,69
DosYudisheHerts-1910	ראָזאַ	roza	2	35,65
DosYudisheHerts-1910	ראָזאַ	rz	4	28,32,50,51
DosYudisheHerts-1910	ראזא	roza	8	31,34,35,36
DosYudisheHerts-1910	ראזא	rz	24	30,32,33,50,51,52,53,64,66
DosYudisheHerts-1910	ראזאַ	rz	2	34,35
DosYudisheHerts-1910	שטערען	iekb_shteren	1	9
DovidsFidele-1904	איצעלע	itsele_fifek	29	10,11,20,42,43,44,46,55,56,57,58,59,66,67,69,70
DovidsFidele-1904	אלטער	lteruniu	4	59,67,69,70
DovidsFidele-1904	אלטערוניו	lteruniu	18	11,12,13,42,43,46,47
DovidsFidele-1904	אלע	alle	16	19,20,40,44,47,55,56,66,68,69
DovidsFidele-1904	ביידע	beyde	4	30,35,41,66
DovidsFidele-1904	דאמען	damen	1	41
DovidsFidele-1904	דוד	dvid_geyger	56	20,21,24,25,26,27,37,38,39,43,44,45,63,64,65,66,67,70
DovidsFidele-1904	זיסע	r_zisse	5	22,23
DovidsFidele-1904	חוה	khuh	93	7,8,9,10,11,12,13,28,29,30,32,33,34,35,51,52,59,60,61,67,68,69
DovidsFidele-1904	טאבעלע	tbele	25	22,23,24,25,26,27,37,40,70
DovidsFidele-1904	טובה	tubih	3	44,63,64
DovidsFidele-1904	טוביה	tubih	162	14,15,16,17,18,19,20,21,30,31,32,33,34,35,43,44,47,49,50,51,52,53,55,56,57,58,59,60,61,62,63,64,65,66,68,69,70
DovidsFidele-1904	יענקעל	ienkele	61	14,15,16,17,18,19,37,38,39,41,49,50,70
DovidsFidele-1904	יענקעל טאבעלע	ienkele	1	41
DovidsFidele-1904	מינא	mina	11	54,55,56,57,58,61
DovidsFidele-1904	נח	nkh	76	9,10,18,19,20,30,31,32,33,36,38,39,47,52,53,55,56,67,68,69,70
DovidsFidele-1904	סאלאמאן	slmn	39	7,8,9,28,29,34,35,36,40,54,62,66,67,70
DovidsFidele-1904	סטודענט	student	1	40
DovidsFidele-1904	קֵיילֶע בּיילע	keyle_beyle	1	42
DovidsFidele-1904	קֵיילֶע ביילע	keyle_beyle	2	43,69
DovidsFidele-1904	קֵיילע ביילע	keyle_beyle	2	12,43
DovidsFidele-1904	קאהר	chor	7	19,40,41,42,46,47,70
DovidsFidele-1904	קיילֶע ביילע	keyle_beyle	1	67
DovidsFidele-1904	קיילע ביילע	keyle_beyle	32	11,12,13,42,43,46,47,56,58,59,66,68
Ezra-Emkroyt1908	איינער	eyner	1	19
Ezra-Emkroyt1908	אלע	alle	34	8,9,13,14,19,20,29
Ezra-Emkroyt1908	בּיידע	beyde	1	37
Ezra-Emkroyt1908	ביידע	beyde	13	8,9,12,13,15,17,32
Ezra-Emkroyt1908	גרעגאר	gregor	4	19,21
Ezra-Emkroyt1908	גרענאר	gregor	1	19
Ezra-Emkroyt1908	דעבָארא	debora	1	18
Ezra-Emkroyt1908	דעבאָרא	debora	1	4
Ezra-Emkroyt1908	דעבארא	debora	86	5,6,7,8,9,17,18,24,25,26,27,30,32,33,34,35,36,37
Ezra-Emkroyt1908	וואלֶענְטִין	valentin	1	5
Ezra-Emkroyt1908	וואלענטין	valentin	116	5,6,10,11,12,15,16,17,28,29,30,31,32
Ezra-Emkroyt1908	ווילניצקי	graf_vilnitsky	47	6,7,19,20,21,22,23,35,36
Ezra-Emkroyt1908	זיגיזמוּנד	zigizmund	2	21,24
Ezra-Emkroyt1908	זיגיזמונד	zigizmund	8	17,23,24,28
Ezra-Emkroyt1908	זייגעסמונד	zigizmund	1	15
Ezra-Emkroyt1908	יהודה	yehuda	1	13
Ezra-Emkroyt1908	לוי	doktor_levi	8	8,26,27
Ezra-Emkroyt1908	מארפא	marpa_tsutska	11	27,28,29
Ezra-Emkroyt1908	סאוויצקי	savitsky	31	8,9,19,20,21,22,26,27,28,35,36
Ezra-Emkroyt1908	סאלדאט	soldat	2	26,27
Ezra-Emkroyt1908	סטאניסלאוו	stanislav	5	27,28
Ezra-Emkroyt1908	עזרא	ezra	70	9,13,14,19,20,21,23,24,25,26,32,33,34,35,36
Ezra-Emkroyt1908	פאזש	zigizmund	13	15,16
Ezra-Emkroyt1908	קאהר	chor	15	13,14,29,30,36,37
Ezra-Emkroyt1908	קאטערינא	katerina	98	10,11,12,15,16,17,27,28,31,32
Ezra-Emkroyt1908	קעניג	kazimir	99	8,9,15,16,17,18,21,22,23,24,30,32,33,34,35,36,37
Ezra-Emkroyt1908	ריכטער	richter	26	26,27,28,29
Ezra-Emkroyt1908	שמעון	shimon	2	13
HinkePinke	אברהם	dr_brhm	39	5,6,7,8,9,10,11,12,43
HinkePinke	אדריאן	adryan	43	6,10,12,15,25,28,40,42,43,59,60,61
HinkePinke	אדריאן	drin	25	7,9,11,16,17,26,30,41,58
HinkePinke	איינער	eyner	1	33
HinkePinke	אללע	alle	4	5,6
HinkePinke	אלע	alle	6	55,57,61,62
HinkePinke	ביידע	beyde	12	17,19,23,24,37,38,50,51
HinkePinke	גבריאל	gavriel	53	20,22,25,27,28,34,53,54,55,56,59,60,62
HinkePinke	גבריאל	gbril	61	21,23,24,26,30,31,32,33,54,57,58
HinkePinke	"ד""ר"	dr_avrohom	37	38,39,40,42,43,44,50,51,55,56,60,61,62
HinkePinke	דינה	dina	50	20,22,25,27,28,29,43,44,46,55,56,59,60
HinkePinke	דינה	dinh	43	19,21,23,24,26,28,30,45,57,58
HinkePinke	הויפּטמאן	hoyptman	2	33,53
HinkePinke	הויפטמאן	hoyptman	1	53
HinkePinke	הערצאג	hertsg	34	9,11,30,31,32,33,41,45
HinkePinke	הערצאג	hertsog	62	8,10,12,28,29,38,39,40,42,43,44,46,61,62
HinkePinke	חינקע	hinke	56	14,15,27,34,35,38,46,47,50,51,55,56
HinkePinke	חינקע	khinke	74	16,17,18,19,26,34,36,37,48,49,52
HinkePinke	כאר	chor	14	13,14,33,34,62
HinkePinke	נבריאל	gbril	2	54
HinkePinke	פאזש	fzsh	13	5,9,13
HinkePinke	פאזש	pazsh	6	6,8
HinkePinke	פינקע	finke	82	16,17,18,19,26,36,37,48,49,52
HinkePinke	פינקע	pinke	77	14,15,27,34,35,38,46,47,50,51,53,54,55,56,62
HinkePinke	פריץ	frits	49	5,6,7,8,28,33,34,35,36,37,43
HinkePinke	קינד	kinder_kor	1	50
HinkePinke	קינדער	kinder	16	49,50
HinkePinke	קינדער כאר	kinder_kor	1	48
HinkePinke	ריכטער	rikhter	4	59,61
IshahRaah	אבנר	avner	70	19,20,21,22,23,29,30,31,32,33,51,52,53,55,56,57,58,59,60,61,62
IshahRaah	איזבל	izebel	60	6,7,12,13,14,21,22,31,32,33,41,42,43,44,45,46,47,48,68
IshahRaah	אלע	alle	12	20,21,22,35,36,37,55,62,67
IshahRaah	אנטיגנוס	antignos	74	11,12,13,14,15,16,17,30,31,34,35,37,38,39,40,41,66,67,68,69,70,72
IshahRaah	ביידע	beyde	16	27,28,47,49,55,59,62,64,65,72,73
IshahRaah	וועכטער	wechtter	11	50,51,52
IshahRaah	חנוד	khanokh	1	71
IshahRaah	חנוך	khanokh	63	15,16,17,38,39,40,41,64,65,66,70,71
IshahRaah	מילכּה	milkah	1	12
IshahRaah	מילכה	milkah	76	9,10,11,12,44,45,46,47,48,49,63,64,65,66,68,70,73
IshahRaah	מעדכען	meydkhen	2	5,6
IshahRaah	סעלים	selim	13	54,55,57,58,60,61,62
IshahRaah	פאזשע	pazshe	4	33,34
IshahRaah	פערזער	perzer	1	62
IshahRaah	פרי	perets	1	67
IshahRaah	פרע	perets	1	65
IshahRaah	פרץ	perets	102	7,9,10,11,12,35,36,43,44,45,46,47,48,49,63,64,65,66,67,69,70,72,73
IshahRaah	קאהר	chor	15	5,6,19,23,29,54
IshahRaah	קעניג	kenig_hurknos	75	20,22,24,29,30,31,32,33,34,35,36,37,66,67,68,69,70,71,72,73
IshahRaah	שלומי	shlomit	1	57
IshahRaah	שלומית	shlomit	66	5,6,7,20,22,23,25,26,27,28,50,51,52,53,55,56,60,62,72,73
IshahRaah	שלומית תלמי קאהר	shlomit talmai chor	1	23
IshahRaah	תלְמִי	talmai	1	27
IshahRaah	תלמי	talmai	46	19,21,25,26,27,41,42,54,55,57,58,59,60,61
KidushHashem	אִיזַאבֶּעלַא	izabella	2	15
KidushHashem	אַבַּארְבַּאנְעֶל	avraham_abarbanel	4	68,69
KidushHashem	אבארבאנעל	avraham_abarbanel	64	18,19,20,21,24,48,49,50,51,66,67,68,69,70
KidushHashem	איזאבעלא	izabella	138	16,17,19,20,21,22,23,24,28,29,30,59,60,61,66,67,68,69,70,72,74,75
KidushHashem	איזראעל	don_yisrael	87	13,14,15,35,36,37,38,59,60,61,72,74
KidushHashem	איינער	eyner	10	12,66
KidushHashem	אנדרעע	andree	48	53,54,63,64,71,72
KidushHashem	דועט	duet	2	67
KidushHashem	ויוליע	yulye	1	33
KidushHashem	וליע	yulye	1	45
KidushHashem	טָאבִּיאַס	tobyas	3	7,52
KidushHashem	טָאבִּיאַס.	tobyas	1	52
KidushHashem	טאבאס	tobyas	1	62
KidushHashem	טאביאם	tobyas	4	52,53,54,57
KidushHashem	טאביאס	tobyas	166	7,8,9,17,18,21,22,31,32,33,34,52,53,54,57,62,64,65,70,71,72,73,75
KidushHashem	יוליע	yulye	133	16,17,22,31,32,33,34,41,44,45,46,52,53,54,55,57,62,64,65,70,71,73
KidushHashem	לַארָאשׁ	graf_larash	2	41
KidushHashem	לאראש	graf_larash	194	10,11,12,13,14,15,26,27,29,30,35,36,37,38,39,43,44,47,48,49,50,55,56,61,65,68,69,70,71,72
KidushHashem	מֶענְדֶעם	mendes	1	43
KidushHashem	מֶענְדֶעס	mendes	1	43
KidushHashem	מעדכען	meydkhen	4	23,24
KidushHashem	מענדעם	mendes	9	26,42,43,55,56,62,71
KidushHashem	מענדעס	mendes	116	7,8,11,12,15,26,27,38,42,43,48,50,51,55,56,57,62,63,64,71
KidushHashem	מענער	menner	4	23
KidushHashem	פאזש	pazh	10	40,48
KidushHashem	פיקאלא	pikola	4	71
KidushHashem	פיקאלע	pikola	55	11,12,15,28,29,58,59,60,65
KidushHashem	קאָהר	chor	2	24
KidushHashem	קאהר	chor	26	12,15,16,23,24,25,26,27,62,67
MishkeMashke-Kultur1910	איינער	eyner	8	10,15
MishkeMashke-Kultur1910	בּיסינג	bising	3	5,7
MishkeMashke-Kultur1910	ביידע	beyde	2	15
MishkeMashke-Kultur1910	ביסיגג	bising	1	20
MishkeMashke-Kultur1910	ביסינג	bising	147	4,5,6,7,8,16,17,18,20,21
MishkeMashke-Kultur1910	דיענער	diener	8	5,17,20
MishkeMashke-Kultur1910	חינעזע	chinezer	2	10
MishkeMashke-Kultur1910	טאדט	todt	1	8
MishkeMashke-Kultur1910	טיראללע	tirale	4	9,10
MishkeMashke-Kultur1910	ליעבערמאן	lieberman	13	4,17,20,21
MishkeMashke-Kultur1910	מאנקאדזשאו	monkadshu	122	4,5,6,7,8,17,18,21
MishkeMashke-Kultur1910	מאשקע	mashke	161	4,10,11,12,13,14,15,18,19,20,21
MishkeMashke-Kultur1910	מינא	mina	7	4,16
MishkeMashke-Kultur1910	מישקע	mishke	203	4,10,11,12,13,14,15,18,19,20,21,22
MishkeMashke-Kultur1910	נאטאנזאהן	natanzon	39	4,6,7,8
MishkeMashke-Kultur1910	סאלא	sala	12	15
MishkeMashke-Kultur1910	סאלע	sala	6	10
MishkeMashke-Kultur1910	עמיליא	emilye	15	10,13
MishkeMashke-Kultur1910	עמיליע	emilye	5	4,20,21
MishkeMashke-Kultur1910	קאהר	chor	10	9,10
MishkeMashke-Kultur1910	קארְל	karl	1	18
MishkeMashke-Kultur1910	קארל	karl	75	4,10,11,12,13,17,18,19,20,21
MishkeMashke-Kultur1910	שארלאטא	sharlata	45	4,10,16,17,18,19,20,21
MishkeMashke-Kultur1910	שארלאטע	sharlata	6	15
SoreSheyndel	אַיינֶער	eyner	2	25,32
SoreSheyndel	אַלע	alle	4	10,31
SoreSheyndel	אברהמלע	brhmele	4	14,38,52
SoreSheyndel	אברהמעלע	brhmele	33	14,15,16,17,34,35,39,40,50,57,62
SoreSheyndel	איינער	eyner	2	25,31
SoreSheyndel	אלע	alle	4	41,52,58,64
SoreSheyndel	בּאבעלע	bbele	1	35
SoreSheyndel	באבּעלע	babele	8	48,49,61
SoreSheyndel	באבּעלע	bbele	25	15,35,36,43,44,46,47,50,51
SoreSheyndel	באבעלע	babele	11	42,48,49,52,61
SoreSheyndel	באבעלע	bbele	33	15,16,17,18,35,41,44,46,47,48,50,51,63
SoreSheyndel	גימפּעל	gimfel	36	25,26,27,29,32,41,43,53,54,58,63,64
SoreSheyndel	גימפּעל	gimpel	20	30,31,33,42,55,56,59
SoreSheyndel	גימפעל	gimfel	18	25,26,32,41,43,53,54,58,64
SoreSheyndel	גימפעל	gimpel	4	30,31,33
SoreSheyndel	דאקטאר	dktr	7	61,62
SoreSheyndel	דזִייק	dzeyk	1	58
SoreSheyndel	דזייק	dzeyk	72	18,19,20,21,22,28,29,30,33,37,38,54,55,56,57,58,59,61,62,63
SoreSheyndel	חנה'לע	khnhle	3	37,38
SoreSheyndel	חנהלע	khnhle	18	33,34,35,38,39,40,42,62,63
SoreSheyndel	יוהנצי	rb_iukhntsi	1	12
SoreSheyndel	יוחנְצִי	rb_iukhntsi	1	49
SoreSheyndel	יוחנצי	rb_iukhntsi	71	10,11,12,13,14,15,18,19,20,21,23,39,49,50,51,52,53,54,55,57,59,63,64
SoreSheyndel	כאָר	chor	2	27,28
SoreSheyndel	סֶעם	sem	1	31
SoreSheyndel	סעם	sem	86	18,19,20,21,22,28,29,30,31,32,33,35,36,46,47,48,49,61,62,63
SoreSheyndel	סעס	sem	4	20,48
SoreSheyndel	שאפּסע	shabse	10	38,55,56,59
SoreSheyndel	שאפּסע	shfse	28	12,13,14,18,25,26,27,43,44,53
SoreSheyndel	שאפסע	shabse	5	21,55,56
SoreSheyndel	שאפסע	shfse	25	9,10,12,13,17,19,20,22,23,25,26,27,44,58
SoreSheyndel	שרה שיינדעל	shrh_sheyndel	78	10,11,12,13,14,15,18,19,20,22,23,29,39,40,50,51,54,57,58,62,64
SoreSheyndel	שרה שיינדעל	sore_sheyndel	15	21,30,49,52,55,59
SoreSheyndel	שרה-שיינדעל	shrh_sheyndel	3	63
Yudale_der_blinder,_Emkroyt1908	איסר	iser	87	5,6,7,8,9,16,17,40,41,42,66
Yudale_der_blinder,_Emkroyt1908	אלטעריל	alteril	114	13,18,19,20,21,30,32,38,49,50,52,53,55,59,60
Yudale_der_blinder,_Emkroyt1908	בֶּערְמַאן	berman	2	46
Yudale_der_blinder,_Emkroyt1908	בּערמאן	berman	1	41
Yudale_der_blinder,_Emkroyt1908	ביידע	beyde	12	14,15,20,21,25,32,38
Yudale_der_blinder,_Emkroyt1908	בערמאן	berman	40	10,11,12,13,16,41,46,47,66
Yudale_der_blinder,_Emkroyt1908	דבורה	dvorele	76	11,13,14,15,22,23,24,25,39,42,43,44,46,47,48,65
Yudale_der_blinder,_Emkroyt1908	וואלדמאן	hertsl_valdman	220	16,17,18,34,35,36,37,40,41,42,43,44,45,46,47,48,53,54,55,56,58,59,60,61,62,63,64,65
Yudale_der_blinder,_Emkroyt1908	חזן	khazn	1	64
Yudale_der_blinder,_Emkroyt1908	יאַכנע	yakhne	1	45
Yudale_der_blinder,_Emkroyt1908	יאכנע	yakhne	82	5,6,7,8,9,10,11,12,13,27,28,30,31,42,43,45,55
Yudale_der_blinder,_Emkroyt1908	יודאלע	yudale	133	13,14,22,23,24,36,37,39,51,52,53,54,55,56,57,62,63,64,65,66
Yudale_der_blinder,_Emkroyt1908	יודעלא	yudale	2	64
Yudale_der_blinder,_Emkroyt1908	יידאלע	yudale	1	53
Yudale_der_blinder,_Emkroyt1908	ירוהם	yerukhem	2	6,27
Yudale_der_blinder,_Emkroyt1908	ירוחם	yerukhem	158	5,6,7,8,9,10,11,12,13,24,26,27,28,29,30,31,42,43,44,45,55,56,64,65
Yudale_der_blinder,_Emkroyt1908	עדעלמאן	profesor_edelman	61	27,28,29,30,31,36,39,60,61,62,63,64
Yudale_der_blinder,_Emkroyt1908	ערעלמאן	profesor_edelman	1	27
Yudale_der_blinder,_Emkroyt1908	פִישׁל	fishl	1	61
Yudale_der_blinder,_Emkroyt1908	פישל	fishl	82	9,10,11,12,13,23,26,27,28,29,30,32,61,62
Yudale_der_blinder,_Emkroyt1908	פישעל	fishl	8	10,64
Yudale_der_blinder,_Emkroyt1908	פריידאלע	freydale	2	54
Yudale_der_blinder,_Emkroyt1908	פריידע	freydale	24	9,49,50
Yudale_der_blinder,_Emkroyt1908	פריידעדע	freydale	1	19
Yudale_der_blinder,_Emkroyt1908	פריידעלע	freydale	65	5,6,7,8,9,18,19,20,21,30,32,38,50,52,55
Yudale_der_blinder,_Emkroyt1908	קאהר	kor	16	24,25,38,39,65
Yudale_der_blinder,_Emkroyt1908	ראזא	raza	68	17,18,34,35,37,51,58,59,60,66
Yudale_der_blinder,_Emkroyt1908	ראזע	raza	4	34
דאס_יידישע_קינד_Dos_yudishe_kind_a_komishe_operete	אַלע	alle	9	43,45,46,47,53,54
דאס_יידישע_קינד_Dos_yudishe_kind_a_komishe_operete	איינער	eyner	1	14
דאס_יידישע_קינד_Dos_yudishe_kind_a_komishe_operete	אלע	alle	1	53
דאס_יידישע_קינד_Dos_yudishe_kind_a_komishe_operete	בּיידע	beyde	8	12,13,19,20,26,32
דאס_יידישע_קינד_Dos_yudishe_kind_a_komishe_operete	ביידע	beyde	2	13,32
דאס_יידישע_קינד_Dos_yudishe_kind_a_komishe_operete	גייסט	gayst	1	42
דאס_יידישע_קינד_Dos_yudishe_kind_a_komishe_operete	דִיענֶער	dyener_rov	1	7
דאס_יידישע_קינד_Dos_yudishe_kind_a_komishe_operete	הֶענ	henele	12	10,11,12,36
דאס_יידישע_קינד_Dos_yudishe_kind_a_komishe_operete	הֶענִי	henele	13	18,19,20,21
דאס_יידישע_קינד_Dos_yudishe_kind_a_komishe_operete	הֶענֶע	henele	17	34,35,36,37,43,44,45,55
דאס_יידישע_קינד_Dos_yudishe_kind_a_komishe_operete	הֶענֶעלֶע	henele	1	10
דאס_יידישע_קינד_Dos_yudishe_kind_a_komishe_operete	הֶעני	henele	5	17,18,19
דאס_יידישע_קינד_Dos_yudishe_kind_a_komishe_operete	הֶעניִ	henele	1	31
דאס_יידישע_קינד_Dos_yudishe_kind_a_komishe_operete	הֶענע	henele	5	34,35,37,43
דאס_יידישע_קינד_Dos_yudishe_kind_a_komishe_operete	הענֶע	henele	1	37
דאס_יידישע_קינד_Dos_yudishe_kind_a_komishe_operete	העני	henele	1	21
דאס_יידישע_קינד_Dos_yudishe_kind_a_komishe_operete	הענע	henele	6	35,36,37,38,44
דאס_יידישע_קינד_Dos_yudishe_kind_a_komishe_operete	וולאַד	vladislav	72	4,5,6,7,8,9,11,12,19,20,30,31,32,43,44,45,46,47,53,54
דאס_יידישע_קינד_Dos_yudishe_kind_a_komishe_operete	וולאַדיסלאַוו	vladislav	2	32,43
דאס_יידישע_קינד_Dos_yudishe_kind_a_komishe_operete	וולאַדיסלאוו	vladislav	4	13,19,30
דאס_יידישע_קינד_Dos_yudishe_kind_a_komishe_operete	וולאד	vladislav	3	5,47
דאס_יידישע_קינד_Dos_yudishe_kind_a_komishe_operete	זֶעז	zaslavek	10	29,30,44,45,46
דאס_יידישע_קינד_Dos_yudishe_kind_a_komishe_operete	זֶעזֶעמִיר	graf_zezemir	1	28
דאס_יידישע_קינד_Dos_yudishe_kind_a_komishe_operete	זֶעזֶעמיר	graf_zezemir	1	43
דאס_יידישע_קינד_Dos_yudishe_kind_a_komishe_operete	זאַסל	zaslavek	36	4,10,11,16,17,29,30,34,35,38,39,40,41,42
דאס_יידישע_קינד_Dos_yudishe_kind_a_komishe_operete	זאַסלאַוועק	zaslavek	6	17,30,37,44
דאס_יידישע_קינד_Dos_yudishe_kind_a_komishe_operete	זאל	zaslavek	1	16
דאס_יידישע_קינד_Dos_yudishe_kind_a_komishe_operete	זאסל	zaslavek	1	11
דאס_יידישע_קינד_Dos_yudishe_kind_a_komishe_operete	זעז	zaslavek	7	29,43,44,45
דאס_יידישע_קינד_Dos_yudishe_kind_a_komishe_operete	מאַרטהָא	marta	3	8,9
דאס_יידישע_קינד_Dos_yudishe_kind_a_komishe_operete	מאַרטהא	marta	15	8,9,41,42
דאס_יידישע_קינד_Dos_yudishe_kind_a_komishe_operete	מאַרטהאַ	marta	2	8,9
דאס_יידישע_קינד_Dos_yudishe_kind_a_komishe_operete	מארְטהָא	marta	1	8
דאס_יידישע_קינד_Dos_yudishe_kind_a_komishe_operete	מארְטהא	marta	2	10
דאס_יידישע_קינד_Dos_yudishe_kind_a_komishe_operete	מארְטהאַ	marta	1	8
דאס_יידישע_קינד_Dos_yudishe_kind_a_komishe_operete	מארטהאַ	marta	2	8,9
דאס_יידישע_קינד_Dos_yudishe_kind_a_komishe_operete	נאַר	hofnar	5	5,6,27
דאס_יידישע_קינד_Dos_yudishe_kind_a_komishe_operete	פֶעט	graf_petefi	34	5,6,7,12,28,29,30,31,35,36,43,44,45
דאס_יידישע_קינד_Dos_yudishe_kind_a_komishe_operete	פֶעטֶעפִי	graf_petefi	6	4,6,35,43
דאס_יידישע_קינד_Dos_yudishe_kind_a_komishe_operete	פּעט	graf_petefi	5	5,6,30
דאס_יידישע_קינד_Dos_yudishe_kind_a_komishe_operete	פּעטיפי	graf_petefi	1	4
דאס_יידישע_קינד_Dos_yudishe_kind_a_komishe_operete	פּעטעפי	graf_petefi	9	4,27,29,32,35
דאס_יידישע_קינד_Dos_yudishe_kind_a_komishe_operete	פעֶט	graf_petefi	1	6
דאס_יידישע_קינד_Dos_yudishe_kind_a_komishe_operete	פעֶטיִפֿיִ	graf_petefi	4	3,4,12,13
דאס_יידישע_קינד_Dos_yudishe_kind_a_komishe_operete	קֶענִיג	kenig_zigmund	7	45,46,47
דאס_יידישע_קינד_Dos_yudishe_kind_a_komishe_operete	קאָהר	chor	7	14,31,32,33
דאס_יידישע_קינד_Dos_yudishe_kind_a_komishe_operete	קאָהר	kor	3	3,4
דאס_יידישע_קינד_Dos_yudishe_kind_a_komishe_operete	קעניג	kenig_zigmund	8	46,47
דאס_יידישע_קינד_Dos_yudishe_kind_a_komishe_operete	רב	rov	52	10,14,15,16,17,20,21,36,37,38,53,54,55
דאס_יידישע_קינד_Dos_yudishe_kind_a_komishe_operete	שׁמֶערְל	shmerl	4	16,24,25,40
דאס_יידישע_קינד_Dos_yudishe_kind_a_komishe_operete	שׁמֶערל	shmerl	5	15,24,53
דאס_יידישע_קינד_Dos_yudishe_kind_a_komishe_operete	שׁפרִינְצֶע	shprintse	1	24
דאס_יידישע_קינד_Dos_yudishe_kind_a_komishe_operete	שמֶערל	shmerl	1	23
דאס_יידישע_קינד_Dos_yudishe_kind_a_komishe_operete	שמערל	shmerl	51	15,16,22,23,24,25,38,39,40,48,49,50,53
דאס_יידישע_קינד_Dos_yudishe_kind_a_komishe_operete	שפּר	shprintse	16	48,49,50,53
דאס_יידישע_קינד_Dos_yudishe_kind_a_komishe_operete	שפּרינצע	shprintse	53	14,15,16,18,23,24,25,26,38,39,40,48,49,53,54
דאס_יידישע_קינד_Dos_yudishe_kind_a_komishe_operete	שפּריעצע	shprintse	2	15,39
דאס_יידישע_קינד_Dos_yudishe_kind_a_komishe_operete	שפּרנצע	shprintse	1	38
