play_id	title_yiddish	title_segments_norm	alt_titles	author_db_id	author_heading	attribution_status	same_title_as	df_corpus	ambiguity_flag	source	notes
PL-0001	400 יאָר	400 יאר		683	יאָזעף לאַטיינער	single		3		people_db.created_expressions	
PL-0002	א טאָג פאר דער מאמע	א טאג פאר דער מאמע		683	יאָזעף לאַטיינער	single		0		people_db.created_expressions	
PL-0003	אַ גן-עדן פֿאַר צוויי	א גנ עדנ פאר צוויי		683	יאָזעף לאַטיינער	single		4		people_db.created_expressions	
PL-0004	אַ יאָר נאָך דער חתונה	א יאר נאכ דער חתונה		683	יאָזעף לאַטיינער	single		3		people_db.created_expressions	
PL-0005	אַ יידישע נשמה אָדער אויסגעוואקסן אין קלויסטער	א יידישע נשמה|אויסגעוואקסנ אינ קלויסטער		684	פּראָפֿעסאָר משה איש הלוי הורוויץ	single		3		people_db.created_expressions	author corrected from worksReport (created_expressions split bug, 2026-07-26)
PL-0006	אַ לוסטיקע מינוט	א לוסטיקע מינוט		683	יאָזעף לאַטיינער	single		0		people_db.created_expressions	
PL-0007	אַ מאַמע פֿון יענער וועלט	א מאמע פונ יענער וועלט		683	יאָזעף לאַטיינער	single		1		people_db.created_expressions	
PL-0008	אַ מוטער האַרץ	א מוטער הארצ		683	יאָזעף לאַטיינער	single		1		people_db.created_expressions	
PL-0009	אַ פֿונק ייִדישקייט	א פונק יידישקייט		683	יאָזעף לאַטיינער	single		3		people_db.created_expressions	
PL-0010	אַ קרבן פֿון ליבע	א קרבנ פונ ליבע		683	יאָזעף לאַטיינער	single		2		people_db.created_expressions	
PL-0011	אברהם אבינו אין קאַלך אויוון	אברהמ אבינו אינ קאלכ אויוונ		684	פּראָפֿעסאָר משה איש הלוי הורוויץ	single		0		people_db.created_expressions	author corrected from worksReport (created_expressions split bug, 2026-07-26)
PL-0012	אדם וחוה אָדער דער פֿארלוירענער גן-עדן	אדמ וחוה|דער פארלוירענער גנ עדנ		684	פּראָפֿעסאָר משה איש הלוי הורוויץ	single		5		people_db.created_expressions	author corrected from worksReport (created_expressions split bug, 2026-07-26)
PL-0013	אהבת ציון	אהבת ציונ		683	יאָזעף לאַטיינער	single		7		people_db.created_expressions	
PL-0014	אומערלעכע מוטער	אומערלעכע מוטער		683	יאָזעף לאַטיינער	single		0		people_db.created_expressions	
PL-0015	אונקלס הגר	אונקלס הגר		684	פּראָפֿעסאָר משה איש הלוי הורוויץ	single		1		people_db.created_expressions	author corrected from worksReport (created_expressions split bug, 2026-07-26)
PL-0016	איר ווידוי	איר ווידוי		683	יאָזעף לאַטיינער	single		0		people_db.created_expressions	
PL-0017	איר לעצטע טאנץ	איר לעצטע טאנצ		683	יאָזעף לאַטיינער	single		0		people_db.created_expressions	
PL-0018	אישה רע	אישה רע		683	יאָזעף לאַטיינער	single		0		people_db.created_expressions	
PL-0019	אליהו הנביא, אָדער דער מיליאָנער און בעטלער פאַנטאַסטישע אָפּערעטע אין 5 אַקטן און פּראָלאָג	אליהו הנביא|דער מיליאנער אונ בעטלער פאנטאסטישע אפערעטע אינ 5 אקטנ אונ פראלאג		684	פּראָפֿעסאָר משה איש הלוי הורוויץ	single		21		people_db.created_expressions	author corrected from worksReport (created_expressions split bug, 2026-07-26)
PL-0020	אליהו הנביאס שלאָף-מיצל	אליהו הנביאס שלאפ מיצל		684	פּראָפֿעסאָר משה איש הלוי הורוויץ	single		1		people_db.created_expressions	author corrected from worksReport (created_expressions split bug, 2026-07-26)
PL-0021	אלכּסנדר אָדער קרוינפּרינץ פֿון ירושלים	אלכסנדר|קרוינפרינצ פונ ירושלימ		683	יאָזעף לאַטיינער	single		15	generic	people_db.created_expressions	
PL-0022	אלעקסאַנדער מוקדון	אלעקסאנדער מוקדונ		684	פּראָפֿעסאָר משה איש הלוי הורוויץ	single		2		people_db.created_expressions	author corrected from worksReport (created_expressions split bug, 2026-07-26)
PL-0023	אסתּר און המן	אסתר אונ המנ		683	יאָזעף לאַטיינער	single		3		people_db.created_expressions	
PL-0024	אפֿרים און מנשה	אפרימ אונ מנשה		683	יאָזעף לאַטיינער	single		0		people_db.created_expressions	
PL-0025	ארץ ישראל ליבע אָדער דער רבי און דער צאר	ארצ ישראל ליבע|דער רבי אונ דער צאר		684	פּראָפֿעסאָר משה איש הלוי הורוויץ	single		2		people_db.created_expressions	author corrected from worksReport (created_expressions split bug, 2026-07-26)
PL-0026	אשת-חיל	אשת חיל		683	יאָזעף לאַטיינער	single		9		people_db.created_expressions	
PL-0027	באָס און אַרבעטער	באס אונ ארבעטער		684	פּראָפֿעסאָר משה איש הלוי הורוויץ	single		1		people_db.created_expressions	author corrected from worksReport (created_expressions split bug, 2026-07-26)
PL-0028	באָרניי באַרנאַטא, לעבענסבילד	בארניי בארנאטא לעבענסבילד		684	פּראָפֿעסאָר משה איש הלוי הורוויץ	single		0		people_db.created_expressions	author corrected from worksReport (created_expressions split bug, 2026-07-26)
PL-0029	באראָן ראָטשילד	באראנ ראטשילד		684	פּראָפֿעסאָר משה איש הלוי הורוויץ	single		5		people_db.created_expressions	author corrected from worksReport (created_expressions split bug, 2026-07-26)
PL-0030	בועז אונד רות	בועז אונד רות		684	פּראָפֿעסאָר משה איש הלוי הורוויץ	single		0		people_db.created_expressions	author corrected from worksReport (created_expressions split bug, 2026-07-26)
PL-0031	בוקאַרעשטער פּונגאַש	בוקארעשטער פונגאש		683	יאָזעף לאַטיינער	unattributed_in_works		0		people_db.created_expressions	worksReport has no author; author kept from (corrupt) created_expressions
PL-0032	בית דוד	בית דוד		684	פּראָפֿעסאָר משה איש הלוי הורוויץ	single		7		people_db.created_expressions	author corrected from worksReport (created_expressions split bug, 2026-07-26)
PL-0033	בית יעקב אבינו, אָדער שמעון און לוי אחים	בית יעקב אבינו|שמעונ אונ לוי אחימ		684	פּראָפֿעסאָר משה איש הלוי הורוויץ	single		1		people_db.created_expressions	author corrected from worksReport (created_expressions split bug, 2026-07-26)
PL-0034	בלימעלע די פּערל פֿון וואַרשע, אָדער גראַף און ייִד [יודע]	בלימעלע די פערל פונ ווארשע|גראפ אונ ייד יודע		683	יאָזעף לאַטיינער	single		0		people_db.created_expressions	
PL-0035	בן הדור	בנ הדור		684	פּראָפֿעסאָר משה איש הלוי הורוויץ	single		11		people_db.created_expressions	author corrected from worksReport (created_expressions split bug, 2026-07-26)
PL-0036	בן המלך	בנ המלכ		684	פּראָפֿעסאָר משה איש הלוי הורוויץ	single		0		people_db.created_expressions	author corrected from worksReport (created_expressions split bug, 2026-07-26)
PL-0037	בן יעקבֿ	בנ יעקב		683	יאָזעף לאַטיינער	single		11		people_db.created_expressions	
PL-0038	בן ישראל	בנ ישראל		684	פּראָפֿעסאָר משה איש הלוי הורוויץ	single		7		people_db.created_expressions	author corrected from worksReport (created_expressions split bug, 2026-07-26)
PL-0039	בני משה, אָדער, די יידן אין כינע	בני משה|די יידנ אינ כינע		684	פּראָפֿעסאָר משה איש הלוי הורוויץ	single		1		people_db.created_expressions	author corrected from worksReport (created_expressions split bug, 2026-07-26)
PL-0040	בעליזאַריע און איזאַבעל	בעליזאריע אונ איזאבעל		683	יאָזעף לאַטיינער	unattributed_in_works		0		people_db.created_expressions	worksReport has no author; author kept from (corrupt) created_expressions
PL-0041	ברכה, אָדער דער יידישער קעניג פון פּוילן אויף איין נאַכט	ברכה|דער יידישער קעניג פונ פוילנ אויפ איינ נאכט		683	יאָזעף לאַטיינער	unattributed_in_works		39	generic	people_db.created_expressions	worksReport has no author; author kept from (corrupt) created_expressions
PL-0042	בת יפתח	בת יפתח		684	פּראָפֿעסאָר משה איש הלוי הורוויץ	single		3		people_db.created_expressions	author corrected from worksReport (created_expressions split bug, 2026-07-26)
PL-0043	בת כהן	בת כהנ		684	פּראָפֿעסאָר משה איש הלוי הורוויץ	single		3		people_db.created_expressions	author corrected from worksReport (created_expressions split bug, 2026-07-26)
PL-0044	בת מלכה	בת מלכה		684	פּראָפֿעסאָר משה איש הלוי הורוויץ	single		0		people_db.created_expressions	author corrected from worksReport (created_expressions split bug, 2026-07-26)
PL-0045	בת-שבֿע	בת שבע		683	יאָזעף לאַטיינער	single		21		people_db.created_expressions	
PL-0046	גאָלדעלע	גאלדעלע		683	יאָזעף לאַטיינער	single		3	generic	people_db.created_expressions	
PL-0047	גבריאל	גבריאל		684	פּראָפֿעסאָר משה איש הלוי הורוויץ	single		22	generic	people_db.created_expressions	author corrected from worksReport (created_expressions split bug, 2026-07-26)
PL-0048	גבריאל, אָדער די ליבע פֿון אַ ייִדישער פֿרוי	גבריאל|די ליבע פונ א יידישער פרוי		683	יאָזעף לאַטיינער	unattributed_in_works		22	generic	people_db.created_expressions	worksReport has no author; author kept from (corrupt) created_expressions
PL-0049	גדליה בן אחיקום	גדליה בנ אחיקומ		684	פּראָפֿעסאָר משה איש הלוי הורוויץ	single		0		people_db.created_expressions	author corrected from worksReport (created_expressions split bug, 2026-07-26)
PL-0050	גלות רוסלאַנד	גלות רוסלאנד		683	יאָזעף לאַטיינער	single		4		people_db.created_expressions	
PL-0051	דאָן יאָזעף אברבנל	דאנ יאזעפ אברבנל		683	יאָזעף לאַטיינער	unattributed_in_works		1		people_db.created_expressions	worksReport has no author; author kept from (corrupt) created_expressions
PL-0052	דאָס ייִדישע האַרץ	דאס יידישע הארצ		683	יאָזעף לאַטיינער	single		26		people_db.created_expressions	
PL-0053	דאָס לעבן אין ניו-יאָרק	דאס לעבנ אינ ניו יארק		683	יאָזעף לאַטיינער	single		3		people_db.created_expressions	
PL-0054	דאָס לעבן אין קלאָנדײַק	דאס לעבנ אינ קלאנדייק		684	פּראָפֿעסאָר משה איש הלוי הורוויץ	single		1		people_db.created_expressions	author corrected from worksReport (created_expressions split bug, 2026-07-26)
PL-0055	דאָס פֿינפֿטע געבאָט	דאס פינפטע געבאט		683	יאָזעף לאַטיינער	single		1		people_db.created_expressions	
PL-0056	דאָס ציגײַנער מיידל	דאס ציגיינער מיידל		683	יאָזעף לאַטיינער	single		4		people_db.created_expressions	
PL-0057	דאָס קינד אין וואַלד	דאס קינד אינ וואלד		683	יאָזעף לאַטיינער	single		1		people_db.created_expressions	
PL-0058	דאס גאָלדענע לייטערל	דאס גאלדענע לייטערל		683	יאָזעף לאַטיינער	single		0		people_db.created_expressions	
PL-0059	דאס גאָלדענע קאלב	דאס גאלדענע קאלב		683	יאָזעף לאַטיינער	unattributed_in_works		2		people_db.created_expressions	worksReport has no author; author kept from (corrupt) created_expressions
PL-0060	דאס הויז פון סודות	דאס הויז פונ סודות		683	יאָזעף לאַטיינער	single		0		people_db.created_expressions	
PL-0061	דאס הייליגע רבילע	דאס הייליגע רבילע		683	יאָזעף לאַטיינער	single		0		people_db.created_expressions	
PL-0062	דאס יודישע קינד	דאס יודישע קינד		683	יאָזעף לאַטיינער	unattributed_in_works		1		people_db.created_expressions	worksReport has no author; author kept from (corrupt) created_expressions
PL-0063	דאס פּוילישע יינגל	דאס פוילישע יינגל		683	יאָזעף לאַטיינער	unattributed_in_works		8		people_db.created_expressions	worksReport has no author; author kept from (corrupt) created_expressions
PL-0064	דאס פּוילישע מלמדל	דאס פוילישע מלמדל		684	פּראָפֿעסאָר משה איש הלוי הורוויץ	single		1		people_db.created_expressions	author corrected from worksReport (created_expressions split bug, 2026-07-26)
PL-0065	דאס פערלארענע גליק	דאס פערלארענע גליק		683	יאָזעף לאַטיינער	single		0		people_db.created_expressions	
PL-0066	דאס פרייהייט לעבן	דאס פרייהייט לעבנ		683	יאָזעף לאַטיינער	single		0		people_db.created_expressions	
PL-0067	דגל מחנה יהודה	דגל מחנה יהודה		683	יאָזעף לאַטיינער	unattributed_in_works		6		people_db.created_expressions	worksReport has no author; author kept from (corrupt) created_expressions
PL-0068	דוד בן ישי	דוד בנ ישי	דוד בן ישי	684	פּראָפֿעסאָר משה איש הלוי הורוויץ	single		6		people_db.created_expressions	author corrected from worksReport (created_expressions split bug, 2026-07-26)
PL-0069	דודס האַרפע	דודס הארפע		684	פּראָפֿעסאָר משה איש הלוי הורוויץ	single		3		people_db.created_expressions	author corrected from worksReport (created_expressions split bug, 2026-07-26)
PL-0070	דודס פֿידעלע	דודס פידעלע		683	יאָזעף לאַטיינער	unattributed_in_works		17		people_db.created_expressions	worksReport has no author; author kept from (corrupt) created_expressions
PL-0071	די אלמנה	די אלמנה		684	פּראָפֿעסאָר משה איש הלוי הורוויץ	single		27		people_db.created_expressions	author corrected from worksReport (created_expressions split bug, 2026-07-26)
PL-0072	די בלוטיקע האָכצייט אין קאטהערי	די בלוטיקע האכצייט אינ קאטהערי		684	פּראָפֿעסאָר משה איש הלוי הורוויץ	single		1		people_db.created_expressions	author corrected from worksReport (created_expressions split bug, 2026-07-26)
PL-0073	די בני ישראל	די בני ישראל		684	פּראָפֿעסאָר משה איש הלוי הורוויץ	single		2		people_db.created_expressions	author corrected from worksReport (created_expressions split bug, 2026-07-26)
PL-0074	די גאָלדענע חתונה, אָדער דער אַמעריקאַנער	די גאלדענע חתונה|דער אמעריקאנער		683	יאָזעף לאַטיינער	single		148		people_db.created_expressions	
PL-0075	די גאָלדענע מדינה	די גאלדענע מדינה		683	יאָזעף לאַטיינער	single		4		people_db.created_expressions	
PL-0076	די געהיימניסע פֿון ניו-יאָרק	די געהיימניסע פונ ניו יארק		683	יאָזעף לאַטיינער	single		1		people_db.created_expressions	
PL-0077	די געפֿערלעכע נאָכבארשאפֿט	די געפערלעכע נאכבארשאפט		684	פּראָפֿעסאָר משה איש הלוי הורוויץ	single		0		people_db.created_expressions	author corrected from worksReport (created_expressions split bug, 2026-07-26)
PL-0078	די גרינהאָרנס	די גרינהארנס		683	יאָזעף לאַטיינער	single		4		people_db.created_expressions	
PL-0079	די גרינער שוסטער	די גרינער שוסטער		683	יאָזעף לאַטיינער	single		0		people_db.created_expressions	
PL-0080	די העלדן פֿון האמסטער צײַט בילד	די העלדנ פונ האמסטער צייט בילד		684	פּראָפֿעסאָר משה איש הלוי הורוויץ	single		1		people_db.created_expressions	author corrected from worksReport (created_expressions split bug, 2026-07-26)
PL-0081	די העלדן פון סאַנטיאַגאָ אדער פּאַטריאָטיזמוס און ליבע	די העלדנ פונ סאנטיאגא|פאטריאטיזמוס אונ ליבע		684	פּראָפֿעסאָר משה איש הלוי הורוויץ	single		1		people_db.created_expressions	author corrected from worksReport (created_expressions split bug, 2026-07-26)
PL-0082	די וואָרהייט	די ווארהייט		683	יאָזעף לאַטיינער	unattributed_in_works		26		people_db.created_expressions	worksReport has no author; author kept from (corrupt) created_expressions
PL-0083	די וועשין	די וועשינ		683	יאָזעף לאַטיינער	unattributed_in_works		2		people_db.created_expressions	worksReport has no author; author kept from (corrupt) created_expressions
PL-0084	די זילבערנע האכצייט	די זילבערנע האכצייט		683	יאָזעף לאַטיינער	single		3		people_db.created_expressions	
PL-0085	די ייִדישע וועלט	די יידישע וועלט		683	יאָזעף לאַטיינער	single		17		people_db.created_expressions	
PL-0086	די יידן פון וואָרמס	די יידנ פונ ווארמס		684	פּראָפֿעסאָר משה איש הלוי הורוויץ	single		1		people_db.created_expressions	author corrected from worksReport (created_expressions split bug, 2026-07-26)
PL-0087	די לוסטיקע קאַוואַלירן	די לוסטיקע קאוואלירנ		683	יאָזעף לאַטיינער	single		0		people_db.created_expressions	
PL-0088	די ליבע פֿון ירושלים	די ליבע פונ ירושלימ		683	יאָזעף לאַטיינער	unattributed_in_works		1		people_db.created_expressions	worksReport has no author; author kept from (corrupt) created_expressions
PL-0089	די לייכטזיניגער	די לייכטזיניגער		683	יאָזעף לאַטיינער	unattributed_in_works		0		people_db.created_expressions	worksReport has no author; author kept from (corrupt) created_expressions
PL-0090	די מאַכט פֿון קונסט	די מאכט פונ קונסט		683	יאָזעף לאַטיינער	unattributed_in_works		0		people_db.created_expressions	worksReport has no author; author kept from (corrupt) created_expressions
PL-0091	די מחותנים, אׁדער דאָס שפּיל פֿון לעבן	די מחותנימ|דאס שפיל פונ לעבנ		683	יאָזעף לאַטיינער	single		4		people_db.created_expressions	
PL-0092	די מלחמה מיט די שפאַנישע באַרבערן	די מלחמה מיט די שפאנישע בארבערנ		684	פּראָפֿעסאָר משה איש הלוי הורוויץ	single		0		people_db.created_expressions	author corrected from worksReport (created_expressions split bug, 2026-07-26)
PL-0093	די נאַכטוואַנדלערין	די נאכטוואנדלערינ		683	יאָזעף לאַטיינער	single		0		people_db.created_expressions	
PL-0094	די נייע פרימאַדאָנע	די נייע פרימאדאנע		683	יאָזעף לאַטיינער	unattributed_in_works		2		people_db.created_expressions	worksReport has no author; author kept from (corrupt) created_expressions
PL-0095	די נשמה פֿון ישראל	די נשמה פונ ישראל		684	פּראָפֿעסאָר משה איש הלוי הורוויץ	single		2		people_db.created_expressions	author corrected from worksReport (created_expressions split bug, 2026-07-26)
PL-0096	די סדר-נאַכט, אָדער דער בלבול-דם	די סדר נאכט|דער בלבול דמ		683	יאָזעף לאַטיינער	single		4		people_db.created_expressions	
PL-0097	די עמיגראַנטן אויס רוסלאַנד	די עמיגראנטנ אויס רוסלאנד		683	יאָזעף לאַטיינער	single		1		people_db.created_expressions	
PL-0098	די עמיגראַציאָן נאָך אַמעריקע	די עמיגראציאנ נאכ אמעריקע		683	יאָזעף לאַטיינער	single		1		people_db.created_expressions	
PL-0099	די ענדע פון רוסישען צאר	די ענדע פונ רוסישענ צאר		683	יאָזעף לאַטיינער	single		0		people_db.created_expressions	
PL-0100	די ערע	די ערע		683	יאָזעף לאַטיינער	unattributed_in_works		5		people_db.created_expressions	worksReport has no author; author kept from (corrupt) created_expressions
PL-0101	די פֿאַלשע צוואה	די פאלשע צוואה		683	יאָזעף לאַטיינער	single		0		people_db.created_expressions	
PL-0102	די פֿאַרבלאָנדזשעטע נשמה	די פארבלאנדזשעטע נשמה		683	יאָזעף לאַטיינער	single		9		people_db.created_expressions	
PL-0103	די ציגאינערין	די ציגאינערינ		684	פּראָפֿעסאָר משה איש הלוי הורוויץ	single		0		people_db.created_expressions	author corrected from worksReport (created_expressions split bug, 2026-07-26)
PL-0104	די ציגײַנערין	די ציגיינערינ		683	יאָזעף לאַטיינער	unattributed_in_works		5		people_db.created_expressions	worksReport has no author; author kept from (corrupt) created_expressions
PL-0105	די קאָמעדיאַנטקע, אַ שטיק ביאָגראַפֿיע פֿון מאָלי פּיקאָנס לעבן	די קאמעדיאנטקע א שטיק ביאגראפיע פונ מאלי פיקאנס לעבנ		683	יאָזעף לאַטיינער	single		1		people_db.created_expressions	
PL-0106	די קאמעליען דאמע	די קאמעליענ דאמע		683	יאָזעף לאַטיינער	unattributed_in_works		6		people_db.created_expressions	worksReport has no author; author kept from (corrupt) created_expressions
PL-0107	די קרבנות פֿון שלעכטע צײַטן	די קרבנות פונ שלעכטע צייטנ		684	פּראָפֿעסאָר משה איש הלוי הורוויץ	single		1		people_db.created_expressions	author corrected from worksReport (created_expressions split bug, 2026-07-26)
PL-0108	די שטילע חתונה	די שטילע חתונה		684	פּראָפֿעסאָר משה איש הלוי הורוויץ	single		3		people_db.created_expressions	author corrected from worksReport (created_expressions split bug, 2026-07-26)
PL-0109	די שיינע אסתּר, אָדער דער בן-מלך	די שיינע אסתר|דער בנ מלכ		683	יאָזעף לאַטיינער	single		1		people_db.created_expressions	
PL-0110	די שנײַדערין	די שניידערינ		683	יאָזעף לאַטיינער	unattributed_in_works		2		people_db.created_expressions	worksReport has no author; author kept from (corrupt) created_expressions
PL-0111	די שפּאַנישע קורבנות	די שפאנישע קורבנות		684	פּראָפֿעסאָר משה איש הלוי הורוויץ	single		0		people_db.created_expressions	author corrected from worksReport (created_expressions split bug, 2026-07-26)
PL-0112	דיא הרוגים אים יום כפור	דיא הרוגימ אימ יומ כפור		684	פּראָפֿעסאָר משה איש הלוי הורוויץ	single		0		people_db.created_expressions	author corrected from worksReport (created_expressions split bug, 2026-07-26)
PL-0113	דיא יודישע קאלאניסטען : סענזאציאנעל אפערעטע פון אמעריקאנישען לעבען אין 4 אקטען	דיא יודישע קאלאניסטענ סענזאציאנעל אפערעטע פונ אמעריקאנישענ לעבענ אינ 4 אקטענ		684	פּראָפֿעסאָר משה איש הלוי הורוויץ	single		0		people_db.created_expressions	author corrected from worksReport (created_expressions split bug, 2026-07-26)
PL-0114	דיא מיזינקע אָדער דיא תליתים וועבער	דיא מיזינקע|דיא תליתימ וועבער		684	פּראָפֿעסאָר משה איש הלוי הורוויץ	single		0		people_db.created_expressions	author corrected from worksReport (created_expressions split bug, 2026-07-26)
PL-0115	דיא מייא בלומע	דיא מייא בלומע		683	יאָזעף לאַטיינער	unattributed_in_works		0		people_db.created_expressions	worksReport has no author; author kept from (corrupt) created_expressions
PL-0116	דינהלע אָדער אַ גאַסט פֿון יענער וועלט	דינהלע|א גאסט פונ יענער וועלט		683	יאָזעף לאַטיינער	single		7	generic	people_db.created_expressions	
PL-0117	דניאל אין לייבנגרוב	דניאל אינ לייבנגרוב		683	יאָזעף לאַטיינער	single		3		people_db.created_expressions	
PL-0118	דניאל, אָדער די טאָכטער פֿון ירושלים	דניאל|די טאכטער פונ ירושלימ		683	יאָזעף לאַטיינער	single	PL-0224	42	generic	people_db.created_expressions	
PL-0119	ד״ר דניאל	ד ר דניאל		683	יאָזעף לאַטיינער	unattributed_in_works		0		people_db.created_expressions	worksReport has no author; author kept from (corrupt) created_expressions
PL-0120	דעם זייגערמאַכערס קאפּעליטשל	דעמ זייגערמאכערס קאפעליטשל		684	פּראָפעסאָר משה איש הלוי הורוויץ	single		0		people_db.created_expressions	
PL-0121	דעם צדיקס משפּחה	דעמ צדיקס משפחה		683	יאָזעף לאַטיינער	single		2		people_db.created_expressions	author corrected from worksReport (created_expressions split bug, 2026-07-26)
PL-0122	דער אַנטיסעמיט אָדער די ייִדן-לאַגע אין רומעניע	דער אנטיסעמיט|די יידנ לאגע אינ רומעניע		683	יאָזעף לאַטיינער	single		5		people_db.created_expressions	author corrected from worksReport (created_expressions split bug, 2026-07-26)
PL-0123	דער אַנטלאָפֿענער סאָלדאַט	דער אנטלאפענער סאלדאט		683	יאָזעף לאַטיינער	single		1		people_db.created_expressions	author corrected from worksReport (created_expressions split bug, 2026-07-26)
PL-0124	דער אָרעמער מיליאָנער	דער ארעמער מיליאנער		683	יאָזעף לאַטיינער	single		1		people_db.created_expressions	author corrected from worksReport (created_expressions split bug, 2026-07-26)
PL-0125	דער אומשולדיקער קרבן	דער אומשולדיקער קרבנ		683	יאָזעף לאַטיינער	single		2		people_db.created_expressions	author corrected from worksReport (created_expressions split bug, 2026-07-26)
PL-0126	דער אוצר	דער אוצר		683	יאָזעף לאַטיינער	single		24		people_db.created_expressions	author corrected from worksReport (created_expressions split bug, 2026-07-26)
PL-0127	דער אמתער פֿרײַנד	דער אמתער פריינד		683	יאָזעף לאַטיינער	single		1		people_db.created_expressions	author corrected from worksReport (created_expressions split bug, 2026-07-26)
PL-0128	דער בּאַראָן הירש	דער באראנ הירש		684	פּראָפעסאָר משה איש הלוי הורוויץ	single		6		people_db.created_expressions	
PL-0129	דער בלינדער מוזיקאַנט	דער בלינדער מוזיקאנט		684	פּראָפעסאָר משה איש הלוי הורוויץ	unattributed_in_works		4		people_db.created_expressions	worksReport has no author; author kept from (corrupt) created_expressions
PL-0130	דער גאט פון גערעכטיקייט	דער גאט פונ גערעכטיקייט		683	יאָזעף לאַטיינער	single		0		people_db.created_expressions	author corrected from worksReport (created_expressions split bug, 2026-07-26)
PL-0131	דער גנבֿ, אָדער דער ייִדישער בירגער-מײַסטער	דער גנב|דער יידישער בירגער מייסטער		683	יאָזעף לאַטיינער	single		13		people_db.created_expressions	author corrected from worksReport (created_expressions split bug, 2026-07-26)
PL-0132	דער געפֿאַלענער באַנקיר	דער געפאלענער באנקיר		684	פּראָפעסאָר משה איש הלוי הורוויץ	single		0		people_db.created_expressions	
PL-0133	דער דיבוק	דער דיבוק		683	יאָזעף לאַטיינער	single		26		people_db.created_expressions	author corrected from worksReport (created_expressions split bug, 2026-07-26)
PL-0134	דער הויזירער אָדער עמיגראציאן נאך אמעריקע	דער הויזירער|עמיגראציאנ נאכ אמעריקע		684	פּראָפעסאָר משה איש הלוי הורוויץ	single		2		people_db.created_expressions	
PL-0135	דער הימלישער קאָנגרעס	דער הימלישער קאנגרעס		683	יאָזעף לאַטיינער	single		0		people_db.created_expressions	author corrected from worksReport (created_expressions split bug, 2026-07-26)
PL-0136	דער חרם אין בית המקדש	דער חרמ אינ בית המקדש		684	פּראָפעסאָר משה איש הלוי הורוויץ	single		1		people_db.created_expressions	
PL-0137	דער טויטער קאָפּ	דער טויטער קאפ		684	פּראָפעסאָר משה איש הלוי הורוויץ	single		1		people_db.created_expressions	
PL-0138	דער טיראנישער באַנקער	דער טיראנישער באנקער		684	פּראָפעסאָר משה איש הלוי הורוויץ	unattributed_in_works		1		people_db.created_expressions	worksReport has no author; author kept from (corrupt) created_expressions
PL-0139	דער יחוס שידוך	דער יחוס שידוכ		684	פּראָפעסאָר משה איש הלוי הורוויץ	single		0		people_db.created_expressions	
PL-0140	דער ייִד אין רומעניע	דער ייד אינ רומעניע		684	פּראָפעסאָר משה איש הלוי הורוויץ	unattributed_in_works		3		people_db.created_expressions	worksReport has no author; author kept from (corrupt) created_expressions
PL-0141	דער ייד אין סאַביעצקי צײַטן	דער ייד אינ סאביעצקי צייטנ		684	פּראָפעסאָר משה איש הלוי הורוויץ	unattributed_in_works		0		people_db.created_expressions	worksReport has no author; author kept from (corrupt) created_expressions
PL-0142	דער יידישער גלות	דער יידישער גלות		684	פּראָפעסאָר משה איש הלוי הורוויץ	single		0		people_db.created_expressions	
PL-0143	דער יידישער טעאטער דירעקטאר	דער יידישער טעאטער דירעקטאר		684	פּראָפעסאָר משה איש הלוי הורוויץ	single		3		people_db.created_expressions	
PL-0144	דער ישיבֿה־בחור	דער ישיבה בחור		684	פּראָפעסאָר משה איש הלוי הורוויץ	unattributed_in_works		20		people_db.created_expressions	worksReport has no author; author kept from (corrupt) created_expressions
PL-0145	דער כוזרי אָדער, די יידישע מלוכה אין קאַווקאַז	דער כוזרי|די יידישע מלוכה אינ קאווקאז		684	פּראָפעסאָר משה איש הלוי הורוויץ	single		1		people_db.created_expressions	
PL-0146	דער לאָדזשען פּרעזידענט	דער לאדזשענ פרעזידענט		684	פּראָפעסאָר משה איש הלוי הורוויץ	single		1		people_db.created_expressions	
PL-0147	דער ליגנער	דער ליגנער		684	פּראָפעסאָר משה איש הלוי הורוויץ	unattributed_in_works		4		people_db.created_expressions	worksReport has no author; author kept from (corrupt) created_expressions
PL-0148	דער מאַמעס טאָכטערל	דער מאמעס טאכטערל		683	יאָזעף לאַטיינער	single		0		people_db.created_expressions	author corrected from worksReport (created_expressions split bug, 2026-07-26)
PL-0149	דער מאַן אונטערן טיש	דער מאנ אונטערנ טיש		683	יאָזעף לאַטיינער	single		2		people_db.created_expressions	author corrected from worksReport (created_expressions split bug, 2026-07-26)
PL-0150	דער מבול פֿון דזשאנסטאן	דער מבול פונ דזשאנסטאנ		684	פּראָפעסאָר משה איש הלוי הורוויץ	single		1		people_db.created_expressions	
PL-0151	דער משוגענער פילאָזאָף	דער משוגענער פילאזאפ		684	פּראָפעסאָר משה איש הלוי הורוויץ	single		1		people_db.created_expressions	
PL-0152	דער נייער שטערן	דער נייער שטערנ		684	פּראָפעסאָר משה איש הלוי הורוויץ	unattributed_in_works		0		people_db.created_expressions	worksReport has no author; author kept from (corrupt) created_expressions
PL-0153	דער פּראצעס פֿון טיסא עסלער	דער פראצעס פונ טיסא עסלער		684	פּראָפעסאָר משה איש הלוי הורוויץ	single		1		people_db.created_expressions	
PL-0154	דער פֿאַלשער שריט	דער פאלשער שריט		683	יאָזעף לאַטיינער	single		2		people_db.created_expressions	author corrected from worksReport (created_expressions split bug, 2026-07-26)
PL-0155	דער פֿאַרקויפֿטער שלאָף	דער פארקויפטער שלאפ		684	פּראָפעסאָר משה איש הלוי הורוויץ	unattributed_in_works		3		people_db.created_expressions	worksReport has no author; author kept from (corrupt) created_expressions
PL-0156	דער פאַרשוונדער און דער בעטלער	דער פארשוונדער אונ דער בעטלער		684	פּראָפעסאָר משה איש הלוי הורוויץ	single		0		people_db.created_expressions	
PL-0157	דער פעטער אין אַמעריקע	דער פעטער אינ אמעריקע		684	פּראָפעסאָר משה איש הלוי הורוויץ	single		1		people_db.created_expressions	
PL-0158	דער פײַער מבול	דער פייער מבול		684	פּראָפעסאָר משה איש הלוי הורוויץ	single		1		people_db.created_expressions	
PL-0159	דער קאמעדיאַנט, אָדער אַ שאַנדפֿלעק אין דער משפּחה	דער קאמעדיאנט|א שאנדפלעק אינ דער משפחה		683	יאָזעף לאַטיינער	single		5		people_db.created_expressions	author corrected from worksReport (created_expressions split bug, 2026-07-26)
PL-0160	דער שׂטן אין גן-עדן, אָדער די שוויגער צו גאַסט	דער שטנ אינ גנ עדנ|די שוויגער צו גאסט		683	יאָזעף לאַטיינער	single		4		people_db.created_expressions	author corrected from worksReport (created_expressions split bug, 2026-07-26)
PL-0161	דער שבתי צבי	דער שבתי צבי		684	פּראָפעסאָר משה איש הלוי הורוויץ	unattributed_in_works		1		people_db.created_expressions	worksReport has no author; author kept from (corrupt) created_expressions
PL-0162	דער שוואָגער פון אַמעריקע	דער שוואגער פונ אמעריקע		684	פּראָפעסאָר משה איש הלוי הורוויץ	single		1		people_db.created_expressions	
PL-0163	דער שטורם וינד	דער שטורמ וינד		683	יאָזעף לאַטיינער	single		0		people_db.created_expressions	author corrected from worksReport (created_expressions split bug, 2026-07-26)
PL-0164	דער שטערן פֿון פּראָג, אָדער דער טרוים אַ נבֿואה	דער שטערנ פונ פראג|דער טרוימ א נבואה		683	יאָזעף לאַטיינער	single		1		people_db.created_expressions	author corrected from worksReport (created_expressions split bug, 2026-07-26)
PL-0165	דער שטריק אויף דעם האַלדז	דער שטריק אויפ דעמ האלדז		683	יאָזעף לאַטיינער	single		0		people_db.created_expressions	author corrected from worksReport (created_expressions split bug, 2026-07-26)
PL-0166	דער שקר	דער שקר		684	פּראָפעסאָר משה איש הלוי הורוויץ	unattributed_in_works		1		people_db.created_expressions	worksReport has no author; author kept from (corrupt) created_expressions
PL-0167	דר' הערצל	דר הערצל		684	פּראָפעסאָר משה איש הלוי הורוויץ	single		12		people_db.created_expressions	
PL-0168	דר. בוקענין צײַטבילד	דר בוקענינ צייטבילד		684	פּראָפעסאָר משה איש הלוי הורוויץ	single		1		people_db.created_expressions	
PL-0169	דרייפוס, אָדער, צום צווייטן מאָל פאַראורטיילט און דאָך אומשולדיק	דרייפוס|צומ צווייטנ מאל פאראורטיילט אונ דאכ אומשולדיק		684	פּראָפעסאָר משה איש הלוי הורוויץ	single		22	generic	people_db.created_expressions	
PL-0170	הדסה	הדסה		684	פּראָפעסאָר משה איש הלוי הורוויץ	single		20	generic	people_db.created_expressions	
PL-0171	הלל אדער די מלחמה מיטן יצר הרע	די מלחמה מיטנ יצר הרע		683	יאָזעף לאַטיינער	single		1		people_db.created_expressions	author corrected from worksReport (created_expressions split bug, 2026-07-26)
PL-0172	המן דער צווייטער	המנ דער צווייטער		684	פּראָפעסאָר משה איש הלוי הורוויץ	single		4		people_db.created_expressions	
PL-0173	וואָשינגטאָן	וואשינגטאנ		684	פּראָפעסאָר משה איש הלוי הורוויץ	single		48	generic	people_db.created_expressions	
PL-0174	ווילהעלם טעל	ווילהעלמ טעל		684	פּראָפעסאָר משה איש הלוי הורוויץ	unattributed_in_works		4		people_db.created_expressions	worksReport has no author; author kept from (corrupt) created_expressions
PL-0175	וויסטער אינזעל	וויסטער אינזעל		684	פּראָפעסאָר משה איש הלוי הורוויץ	unattributed_in_works		1		people_db.created_expressions	worksReport has no author; author kept from (corrupt) created_expressions
PL-0176	ווירדזינוס	ווירדזינוס		684	פּראָפעסאָר משה איש הלוי הורוויץ	single		0	generic	people_db.created_expressions	
PL-0177	ווירדזשיניוס	ווירדזשיניוס		683	יאָזעף לאַטיינער	single		2	generic	people_db.created_expressions	author corrected from worksReport (created_expressions split bug, 2026-07-26)
PL-0178	זכות אבות, אָדער רב, פּרעדיקער און גלח, לעבנס-אָפּערע	זכות אבות|רב פרעדיקער אונ גלח לעבנס אפערע		684	פּראָפעסאָר משה איש הלוי הורוויץ	single		4		people_db.created_expressions	
PL-0179	חוה אָדער די שלאַנג אַלס הויזפֿרײַנד	די שלאנג אלס הויזפריינד		683	יאָזעף לאַטיינער	single		0		people_db.created_expressions	author corrected from worksReport (created_expressions split bug, 2026-07-26)
PL-0180	חורבן ירושלים	חורבנ ירושלימ		683	יאָזעף לאַטיינער	single		15		people_db.created_expressions	author corrected from worksReport (created_expressions split bug, 2026-07-26)
PL-0181	חורבן קישינעוו	חורבנ קישינעוו		684	פּראָפעסאָר משה איש הלוי הורוויץ	single		0		people_db.created_expressions	
PL-0182	חיזקיהו המלך	חיזקיהו המלכ		684	פּראָפעסאָר משה איש הלוי הורוויץ	single		0		people_db.created_expressions	
PL-0183	חיים אין אַמעריקע	חיימ אינ אמעריקע		683	יאָזעף לאַטיינער	single		10		people_db.created_expressions	author corrected from worksReport (created_expressions split bug, 2026-07-26)
PL-0184	חכמת נשים	חכמת נשימ		684	פּראָפעסאָר משה איש הלוי הורוויץ	unattributed_in_works		5		people_db.created_expressions	worksReport has no author; author kept from (corrupt) created_expressions
PL-0185	חכמת שלמה	חכמת שלמה		683	יאָזעף לאַטיינער	single		6		people_db.created_expressions	author corrected from worksReport (created_expressions split bug, 2026-07-26)
PL-0186	חתן-כּלה	חתנ כלה		683	יאָזעף לאַטיינער	single		11		people_db.created_expressions	author corrected from worksReport (created_expressions split bug, 2026-07-26)
PL-0187	טהאָרן און מרס	טהארנ אונ מרס		684	פּראָפעסאָר משה איש הלוי הורוויץ	single		1		people_db.created_expressions	
PL-0188	טיסא עסלער אָדער די פֿאַרשווערונג	טיסא עסלער|די פארשווערונג		684	פּראָפעסאָר משה איש הלוי הורוויץ	single		8		people_db.created_expressions	
PL-0189	יאַקאָב דער מוזיקאַנט	יאקאב דער מוזיקאנט		684	פּראָפעסאָר משה איש הלוי הורוויץ	unattributed_in_works		0		people_db.created_expressions	worksReport has no author; author kept from (corrupt) created_expressions
PL-0190	יהודה  וישראל, אדער די קראפט פון שמע ישראל	יהודה וישראל|די קראפט פונ שמע ישראל		684	פּראָפעסאָר משה איש הלוי הורוויץ	unattributed_in_works		0		people_db.created_expressions	worksReport has no author; author kept from (corrupt) created_expressions
PL-0191	יהודה הגלילי, אדער, דער פירסט פון ירושלים	יהודה הגלילי|דער פירסט פונ ירושלימ		684	פּראָפעסאָר משה איש הלוי הורוויץ	single		2		people_db.created_expressions	
PL-0192	יהודה המכּבי	יהודה המכבי		683	יאָזעף לאַטיינער	single		8		people_db.created_expressions	author corrected from worksReport (created_expressions split bug, 2026-07-26)
PL-0193	יהודית און האָלאָפֿערנעס	יהודית אונ האלאפערנעס	יהודית און האָלאָפֿערנעס	683	יאָזעף לאַטיינער	single		0		people_db.created_expressions	author corrected from worksReport (created_expressions split bug, 2026-07-26)
PL-0194	יהודית די פֿאַרבלאָנדזעטע שעפֿעלע	יהודית די פארבלאנדזעטע שעפעלע		683	יאָזעף לאַטיינער	single		0		people_db.created_expressions	author corrected from worksReport (created_expressions split bug, 2026-07-26)
PL-0195	יהודית די צווייטע	יהודית די צווייטע		683	יאָזעף לאַטיינער	single		1		people_db.created_expressions	author corrected from worksReport (created_expressions split bug, 2026-07-26)
PL-0196	יהושע בן נון אָדער דער פֿאַל פֿון יריחו	יהושע בנ נונ|דער פאל פונ יריחו		684	פּראָפעסאָר משה איש הלוי הורוויץ	single		2		people_db.created_expressions	
PL-0197	יום-החופּה	יומ החופה		683	יאָזעף לאַטיינער	single		5		people_db.created_expressions	author corrected from worksReport (created_expressions split bug, 2026-07-26)
PL-0198	יונה הנביא אָדער די רייזע דורך וואַסער און פֿייער	יונה הנביא|די רייזע דורכ וואסער אונ פייער		684	פּראָפעסאָר משה איש הלוי הורוויץ	single		4		people_db.created_expressions	
PL-0199	יוסף און זײַנע ברידער	יוספ אונ זיינע ברידער		683	יאָזעף לאַטיינער	single		5		people_db.created_expressions	author corrected from worksReport (created_expressions split bug, 2026-07-26)
PL-0200	ייִדעלע, אָדער דער אמת און דער שקר	יידעלע|דער אמת אונ דער שקר		683	יאָזעף לאַטיינער	single		17	generic	people_db.created_expressions	author corrected from worksReport (created_expressions split bug, 2026-07-26)
PL-0201	יענטע פּיפּענאָטער	יענטע פיפענאטער		683	יאָזעף לאַטיינער	single		0		people_db.created_expressions	author corrected from worksReport (created_expressions split bug, 2026-07-26)
PL-0202	יעקב ועשיו	יעקב ועשיו		684	פּראָפעסאָר משה איש הלוי הורוויץ	single		0		people_db.created_expressions	
PL-0203	יפת תואר אָדער בלעם הרשע	יפת תואר|בלעמ הרשע		684	פּראָפעסאָר משה איש הלוי הורוויץ	single		6		people_db.created_expressions	
PL-0204	יציאת מצרים	יציאת מצרימ		684	פּראָפעסאָר משה איש הלוי הורוויץ	single		7		people_db.created_expressions	
PL-0205	ישׂראלס קינדער	ישראלס קינדער		683	יאָזעף לאַטיינער	single		0		people_db.created_expressions	author corrected from worksReport (created_expressions split bug, 2026-07-26)
PL-0206	ישעיהו הנביא	ישעיהו הנביא		684	פּראָפעסאָר משה איש הלוי הורוויץ	single		2		people_db.created_expressions	
PL-0207	כל נדרי	כל נדרי		683	יאָזעף לאַטיינער	single		44	generic	people_db.created_expressions	author corrected from worksReport (created_expressions split bug, 2026-07-26)
PL-0208	כתב תורה, אָדער, דער רמב״ם אין עגיפּטן	כתב תורה|דער רמב מ אינ עגיפטנ		684	פּראָפעסאָר משה איש הלוי הורוויץ	single		1		people_db.created_expressions	
PL-0209	לומפּאַציוס וואַגאַבונדוס	לומפאציוס וואגאבונדוס		684	פּראָפעסאָר משה איש הלוי הורוויץ	unattributed_in_works		2		people_db.created_expressions	worksReport has no author; author kept from (corrupt) created_expressions
PL-0210	ליבעסהעלד	ליבעסהעלד		683	יאָזעף לאַטיינער	single		0	generic	people_db.created_expressions	author corrected from worksReport (created_expressions split bug, 2026-07-26)
PL-0211	מאַמע מיט 7 קינדער	מאמע מיט 7 קינדער		683	יאָזעף לאַטיינער	single		0		people_db.created_expressions	author corrected from worksReport (created_expressions split bug, 2026-07-26)
PL-0212	מאַן און ווײַב	מאנ אונ ווייב		683	יאָזעף לאַטיינער	single		16		people_db.created_expressions	author corrected from worksReport (created_expressions split bug, 2026-07-26)
PL-0213	מאַריאַנע	מאריאנע		684	פּראָפעסאָר משה איש הלוי הורוויץ	single		0	generic	people_db.created_expressions	
PL-0214	מאַריאַנע, ליבע פֿון אַ מוטער	מאריאנע ליבע פונ א מוטער		683	יאָזעף לאַטיינער	single		0		people_db.created_expressions	author corrected from worksReport (created_expressions split bug, 2026-07-26)
PL-0215	מאָנטע קריסטאָ	מאנטע קריסטא		684	פּראָפעסאָר משה איש הלוי הורוויץ	unattributed_in_works		3		people_db.created_expressions	worksReport has no author; author kept from (corrupt) created_expressions
PL-0216	מאזעס מאנטיפיארי	מאזעס מאנטיפיארי		683	יאָזעף לאַטיינער	single		0		people_db.created_expressions	author corrected from worksReport (created_expressions split bug, 2026-07-26)
PL-0217	מוטער-ליבע	מוטער ליבע		684	פּראָפעסאָר משה איש הלוי הורוויץ	unattributed_in_works		5		people_db.created_expressions	worksReport has no author; author kept from (corrupt) created_expressions
PL-0218	מזל-ברכה	מזל ברכה		683	יאָזעף לאַטיינער	single		11		people_db.created_expressions	author corrected from worksReport (created_expressions split bug, 2026-07-26)
PL-0219	מלחמות היהודים	מלחמות היהודימ		684	פּראָפעסאָר משה איש הלוי הורוויץ	single		1		people_db.created_expressions	
PL-0220	מלכת שבא	מלכת שבא		684	פּראָפעסאָר משה איש הלוי הורוויץ	single		0		people_db.created_expressions	
PL-0221	מענדעלע דער מאַרטיר	מענדעלע דער מארטיר		684	פּראָפעסאָר משה איש הלוי הורוויץ	single		0		people_db.created_expressions	
PL-0222	מערי בערבערי, צײַטבילד	מערי בערבערי צייטבילד		684	פּראָפעסאָר משה איש הלוי הורוויץ	single		1		people_db.created_expressions	
PL-0223	משפּט שלמה	משפט שלמה		683	יאָזעף לאַטיינער	single		2		people_db.created_expressions	author corrected from worksReport (created_expressions split bug, 2026-07-26)
PL-0224	מײַן ווײַבס פֿרײַנד, אָדער די טאָכטער פֿון ירושלים	מיינ ווייבס פריינד|די טאכטער פונ ירושלימ		683	יאָזעף לאַטיינער	single	PL-0118	3		people_db.created_expressions	author corrected from worksReport (created_expressions split bug, 2026-07-26)
PL-0225	מײַן טאָכטער	מיינ טאכטער		683	יאָזעף לאַטיינער	single		3		people_db.created_expressions	author corrected from worksReport (created_expressions split bug, 2026-07-26)
PL-0226	נבוכדנצר מלך בבל	נבוכדנצר מלכ בבל		684	פּראָפעסאָר משה איש הלוי הורוויץ	single		1		people_db.created_expressions	
PL-0227	נח'ס תיבה אָדער דער זינדיגער דור המבול	נח ס תיבה|דער זינדיגער דור המבול		684	פּראָפעסאָר משה איש הלוי הורוויץ	single		1		people_db.created_expressions	
PL-0228	נחום גענדזעלע	נחומ גענדזעלע		684	פּראָפעסאָר משה איש הלוי הורוויץ	unattributed_in_works		0		people_db.created_expressions	worksReport has no author; author kept from (corrupt) created_expressions
PL-0229	נחמיה קוגל	נחמיה קוגל		684	פּראָפעסאָר משה איש הלוי הורוויץ	unattributed_in_works		0		people_db.created_expressions	worksReport has no author; author kept from (corrupt) created_expressions
PL-0230	נקדימון בן גוריון, אָדער דער גליקליכער פּאַסטוך	נקדימונ בנ גוריונ|דער גליקליכער פאסטוכ		684	פּראָפעסאָר משה איש הלוי הורוויץ	single		2		people_db.created_expressions	
PL-0231	סולטאן מחמד אָדער קארבעם [קרבן] בייראם, אין 5 אַקטן און 9 בילדער	סולטאנ מחמד|קארבעמ קרבנ בייראמ אינ 5 אקטנ אונ 9 בילדער		684	פּראָפעסאָר משה איש הלוי הורוויץ	single		1		people_db.created_expressions	
PL-0232	סיר מאָזעס מאָנטעפיאָרי	סיר מאזעס מאנטעפיארי		684	פּראָפעסאָר משה איש הלוי הורוויץ	single		0		people_db.created_expressions	
PL-0233	עוזר לייזער, געציל מיכאל	עוזר לייזער געציל מיכאל		684	פּראָפעסאָר משה איש הלוי הורוויץ	unattributed_in_works		0		people_db.created_expressions	worksReport has no author; author kept from (corrupt) created_expressions
PL-0234	עזרא אָדער דער עוויגער יודע	עזרא|דער עוויגער יודע		683	יאָזעף לאַטיינער	single		24	generic	people_db.created_expressions	author corrected from worksReport (created_expressions split bug, 2026-07-26)
PL-0235	עזריה	עזריה		684	פּראָפעסאָר משה איש הלוי הורוויץ	unattributed_in_works		4	generic	people_db.created_expressions	worksReport has no author; author kept from (corrupt) created_expressions
PL-0236	עם הארץ	עמ הארצ		684	פּראָפעסאָר משה איש הלוי הורוויץ	single		11		people_db.created_expressions	
PL-0237	עמי און נעמי, אָדער ראַבינער, סאָלדאַט און ניהיליסט	עמי אונ נעמי|ראבינער סאלדאט אונ ניהיליסט		684	פּראָפעסאָר משה איש הלוי הורוויץ	single		2		people_db.created_expressions	
PL-0238	עמיגראַנטען פון רוסלאַנד אָדער דער גרינע פעדלער	עמיגראנטענ פונ רוסלאנד|דער גרינע פעדלער		684	פּראָפעסאָר משה איש הלוי הורוויץ	single		0		people_db.created_expressions	
PL-0239	ערשטע ליבע	ערשטע ליבע		684	פּראָפעסאָר משה איש הלוי הורוויץ	unattributed_in_works		9		people_db.created_expressions	worksReport has no author; author kept from (corrupt) created_expressions
PL-0240	עתליהו	עתליהו		684	פּראָפעסאָר משה איש הלוי הורוויץ	unattributed_in_works		5	generic	people_db.created_expressions	worksReport has no author; author kept from (corrupt) created_expressions
PL-0241	פֿאָטער ליבע	פאטער ליבע		683	יאָזעף לאַטיינער	single		2		people_db.created_expressions	author corrected from worksReport (created_expressions split bug, 2026-07-26)
PL-0242	צאַר איוואַן גראָזני	צאר איוואנ גראזני		683	יאָזעף לאַטיינער	single		1		people_db.created_expressions	author corrected from worksReport (created_expressions split bug, 2026-07-26)
PL-0243	צוויי שמואל-שמעלקעס	צוויי שמואל שמעלקעס		684	פּראָפעסאָר משה איש הלוי הורוויץ	unattributed_in_works		1		people_db.created_expressions	worksReport has no author; author kept from (corrupt) created_expressions
PL-0244	צוויי תנאים	צוויי תנאימ		684	פּראָפעסאָר משה איש הלוי הורוויץ	single		7		people_db.created_expressions	
PL-0245	צום גדליה	צומ גדליה		683	יאָזעף לאַטיינער	single		0		people_db.created_expressions	author corrected from worksReport (created_expressions split bug, 2026-07-26)
PL-0246	צוריק אין דער היים	צוריק אינ דער היימ		683	יאָזעף לאַטיינער	single		1		people_db.created_expressions	author corrected from worksReport (created_expressions split bug, 2026-07-26)
PL-0247	ציון, אָדער על נהרות בבֿל	ציונ|על נהרות בבל		683	יאָזעף לאַטיינער	single		150	generic	people_db.created_expressions	author corrected from worksReport (created_expressions split bug, 2026-07-26)
PL-0248	קאַפּיטאַליסטן און אַרבעטער	קאפיטאליסטנ אונ ארבעטער		684	פּראָפעסאָר משה איש הלוי הורוויץ	single		1		people_db.created_expressions	
PL-0249	קאַפּיטן דרײַפוס	קאפיטנ דרייפוס		684	פּראָפעסאָר משה איש הלוי הורוויץ	single		0		people_db.created_expressions	
PL-0250	קאַצאָפּס מפּלה	קאצאפס מפלה		684	פּראָפעסאָר משה איש הלוי הורוויץ	single		1		people_db.created_expressions	
PL-0251	קאַרלייל העריס צײַט בילד	קארלייל העריס צייט בילד		684	פּראָפעסאָר משה איש הלוי הורוויץ	single		1		people_db.created_expressions	
PL-0252	קאָלאָמבוס	קאלאמבוס		684	פּראָפעסאָר משה איש הלוי הורוויץ	single		3	generic	people_db.created_expressions	
PL-0253	קאָלאָניע שומרון־סאַמאַריע אָדער אוריאל אַקאָסטא אין כאַלאַט	קאלאניע שומרונ סאמאריע|אוריאל אקאסטא אינ כאלאט		684	פּראָפעסאָר משה איש הלוי הורוויץ	unattributed_in_works		0		people_db.created_expressions	worksReport has no author; author kept from (corrupt) created_expressions
PL-0254	קאָרטנשפּילער	קארטנשפילער		683	יאָזעף לאַטיינער	single		4	generic	people_db.created_expressions	author corrected from worksReport (created_expressions split bug, 2026-07-26)
PL-0255	קובא, אָדער גענעראל מאַצעבוס העלדנטאטן	קובא|גענעראל מאצעבוס העלדנטאטנ		684	פּראָפעסאָר משה איש הלוי הורוויץ	single		27	generic	people_db.created_expressions	
PL-0256	קורחס אוצרות אָדער ממון דער געלדגאָט	קורחס אוצרות|ממונ דער געלדגאט		684	פּראָפעסאָר משה איש הלוי הורוויץ	unattributed_in_works		3		people_db.created_expressions	worksReport has no author; author kept from (corrupt) created_expressions
PL-0257	קידוש השם	קידוש השמ		684	פּראָפעסאָר משה איש הלוי הורוויץ	single		44	generic	people_db.created_expressions	
PL-0258	קידוש השם, אָדער דער ייִדישער מיניסטער	קידוש השמ|דער יידישער מיניסטער		683	יאָזעף לאַטיינער	single		44	generic	people_db.created_expressions	author corrected from worksReport (created_expressions split bug, 2026-07-26)
PL-0259	קיסר ניראָן	קיסר ניראנ		683	יאָזעף לאַטיינער	single		0		people_db.created_expressions	author corrected from worksReport (created_expressions split bug, 2026-07-26)
PL-0260	קיען אדער ליבע און ליידענשאפט	קיענ|ליבע אונ ליידענשאפט		683	יאָזעף לאַטיינער	single		2	generic	people_db.created_expressions	author corrected from worksReport (created_expressions split bug, 2026-07-26)
PL-0261	קעניג און בויער	קעניג אונ בויער		684	פּראָפעסאָר משה איש הלוי הורוויץ	unattributed_in_works		2		people_db.created_expressions	worksReport has no author; author kept from (corrupt) created_expressions
PL-0262	קעניגען פון לופט	קעניגענ פונ לופט		683	יאָזעף לאַטיינער	single		0		people_db.created_expressions	author corrected from worksReport (created_expressions split bug, 2026-07-26)
PL-0263	רבי עקיבא	רבי עקיבא		683	יאָזעף לאַטיינער	single		9		people_db.created_expressions	author corrected from worksReport (created_expressions split bug, 2026-07-26)
PL-0264	רבנו גרשם, אָדער, דער קייזער באַזיליוס דער צווייטער	רבנו גרשמ|דער קייזער באזיליוס דער צווייטער		684	פּראָפעסאָר משה איש הלוי הורוויץ	single		1		people_db.created_expressions	
PL-0265	"רש""י"	רש י		684	פּראָפעסאָר משה איש הלוי הורוויץ	single		8	generic	people_db.created_expressions	
PL-0266	שואליק	שואליק		683	יאָזעף לאַטיינער	single		1	generic	people_db.created_expressions	author corrected from worksReport (created_expressions split bug, 2026-07-26)
PL-0267	שלאמקע און ריקל	שלאמקע אונ ריקל		684	פּראָפעסאָר משה איש הלוי הורוויץ	unattributed_in_works		1		people_db.created_expressions	worksReport has no author; author kept from (corrupt) created_expressions
PL-0268	שלום-בית	שלומ בית		683	יאָזעף לאַטיינער	single		21		people_db.created_expressions	author corrected from worksReport (created_expressions split bug, 2026-07-26)
PL-0269	שלמה גאָרגל	שלמה גארגל		683	יאָזעף לאַטיינער	single		0		people_db.created_expressions	author corrected from worksReport (created_expressions split bug, 2026-07-26)
PL-0270	שלמה המלך	שלמה המלכ		684	פּראָפעסאָר משה איש הלוי הורוויץ	single		20		people_db.created_expressions	
PL-0271	שלמה ערליך	שלמה ערליכ		683	יאָזעף לאַטיינער	single		0		people_db.created_expressions	author corrected from worksReport (created_expressions split bug, 2026-07-26)
PL-0272	שמשון הגיבור	שמשונ הגיבור		684	פּראָפעסאָר משה איש הלוי הורוויץ	single		2		people_db.created_expressions	
PL-0273	שניידערישער יחוס אָדער קאַרטענשפּילער	שניידערישער יחוס|קארטענשפילער		684	פּראָפעסאָר משה איש הלוי הורוויץ	single		0		people_db.created_expressions	
