settlement_raw	mention_count
בראַנקס	47
וואַרשעווער געטאָ	26
וואַרשעווער	15
באַקו	14
אַמעריקע	11
וויליאַמסבורג	9
וויניפּעג	9
ליבאַווע	8
מינכען	8
מעקסיקאָ	8
ניקאָלאַיעוו	7
פּאָלטאָווע	7
האָמעל	7
וואַרשאַ	7
אָמעריקע	7
בראַנזווייל	6
מעץ	6
בראנקס	6
וואַרשא	6
פּאָלטאַווע	6
לאָדז	6
מילוואַקיי	6
באָקו	5
מעליטאָפּאָל	5
אַנטווערפן	5
פּראָווינץ	5
בראָנקס	5
בערן	5
אמעריקע	5
מאָהילעוו	4
האַרלעם	4
וולאַצלאַוועק	4
וואַשינגטאָן	4
לאָדזשער געטאָ	4
בראָנסקער	4
וואַרשאָ	4
אָרץ-ישראל	4
אַמעריקע	4
כאָסטאָן	4
האָרלעם	4
אָרגענטינע	3
פּאָלטאָוואָ	3
בראַנקסער	3
טשעלסי	3
מינכן	3
קליוולענד	3
וואָלאָזשין	3
האַמעל	3
בענדער	3
לידע	3
האַוואַנאַ	3
ל. א.	3
סאַנדאמיר	3
רוסלאַנד און בעסאַראַביע	3
ביעלאָצערקאָוו	3
טיפליס	3
לאָמזשע	3
טאַרנאָוו	3
פּאָלטאָוואַ	3
דניעפּראָפּיעטראָווסק	3
ראָסטאָוו	3
לויוויטש	3
מאַריענבאַד	3
ווילנער געטאָ	3
לוד	3
האַמבורג	3
קאַאייראָ	3
דרום-אפריקע	3
יאָס'	3
ב. א.	3
מלאַווע	3
בראָנזווייל	2
סאָסאָוו	2
בעסאַראַביע	2
טאָמסק	2
קוטנע	2
אַרגענטינע	2
זשענעווע	2
גאָלדינגען	2
זשאָלקיעוו	2
האָליוואוד	2
דרעזדען	2
סאָכאַטשאָוו	2
וולאָצלאַוועק	2
מונקאָטש	2
ליסאַבאָן	2
ביראָבידזשאַן	2
מאַקאַראָוו	2
לידז	2
פּאָדהייצע	2
פּאָניאַטאָוו	2
קראָקעוו	2
אַסכאַבאַד	2
שעדלעץ	2
לעמבער	2
פּוילישער פּראָווינץ	2
ריגער געטאָ	2
באַזעל	2
פּעטערסבורג	2
האָמל	2
שאַוול	2
אַנטווערפּן	2
אָדעסע	2
אַטלאַנטאָ	2
פּיאַטריקאָוו	2
וואָרליסט	2
פּאָלטאווע	2
ניו-הייווען	2
קאַאיראָ	2
קייעוו	2
מילאַן	2
ארץ-ישראל	2
ווילנא	2
וויען-ברין	2
בערדיאָנסק	2
קוראָוו	2
פֿילאדעלפֿייע	2
איזמאַאיל	2
לאָנראָן	2
לעמבערנ	2
כראַנזוויל	2
פּאָרין	2
קאָלאָמעאַ	2
ניקאָ'אַיעוו	2
סובאָלק	2
לייפּציק	2
"ב""א"	2
בופֿאָלאָ	2
אַנטווערפּען	2
אַמסטערדאָם	2
קאָליפֿאָרניע	2
ברוקליינער	2
באַראַנאָוויטש	2
קאלאמעא	2
דימונה	2
קאָקאַנד	1
פּערם	1
ב'אַ	1
ביעלאָ צערקאָוו	1
מאַרבורג	1
קעלן	1
קאָרלסרוע	1
ווילקאָווישקי	1
קורלאַנד	1
מיאָמער	1
כאָטין	1
ביראָ בידזשאָן	1
קאָכאָווקע	1
באַקי	1
קלויזענבורג	1
דאָנבאַס	1
וואַרשאָו	1
נאַנסי	1
ביראָבידזשאָן	1
קאָמטשאַטקאַ	1
יעליסאַ וועטגראַד	1
ווילנע-וואַרשע	1
וואלדהיים	1
סט.לואיס	1
קאָנאַטאָפּ	1
ארגענטינע	1
קאָקאנד	1
פּאַביאַניץ	1
זינאָוויאָווסק	1
קארלסבאַד	1
קאָלגאָרי	1
אָרלע	1
פּרעסבורג (בראָטיסלאָוואַ)	1
דיסעלדאָרף	1
אינסברוק	1
רוטשבאַראַ ביי סענדוויטש	1
מימי ביטש	1
וויליאַמסבורגער	1
לינץ (עסטרייך)	1
בריקלין	1
דינאַבורג (דווינסק)	1
פראָווינץ	1
טשערפּאַנאָוו	1
מאָלדאָוויע	1
פלעינפילד	1
וואַשינגטאָן, ד. ק.	1
פלעטבוש	1
בעיאָן	1
פּאַלס ספּרינג	1
סט. לואיז	1
ביירוט	1
האָוואַנאַ	1
נאָוואַראַדאָמסק	1
לבוב	1
אָרץ ישראל	1
סאָוויעטןפֿאַרבאַנד	1
לאַגערן פֿון פעלדאַנפונג. מינכען. שטוטגאַרט	1
סאָוט פֿאָלסבערג	1
סאָלק לייק סיטי	1
ני-יאָרק	1
קאנאַטאָפּ	1
אַטלאַנטיק סיטי	1
קרעמענשטוג	1
טשעטשעלניק	1
גראָזני	1
ריכבאַך	1
פֿראַנקפורט ביים מיין	1
פֿראַנקפורט	1
בוענאָס-אַרעס	1
פֿילאַָעלפֿיער	1
וואָלבזשיך	1
ראָוונע לוצק-קאָוול	1
בוענאָס אַרעס	1
גדאַנסק	1
געניטשעסק	1
ביראָ בידזשאַנער	1
ראַדאָמיסל	1
דעמבאָ	1
מיאַמיביעטש	1
לאָוויטש	1
בערלאָד	1
לאָזאַן	1
סווערדלאָווסק	1
טריער	1
נאָוואָסיבירסק	1
טעלז	1
בויסק	1
מאָהילנע	1
מעזשיבעזש	1
ריאָ	1
פֿילאַדעלפיע ניו-יאָרק	1
עסטערגאָם	1
קאַרלין	1
מימי	1
נידערשלעזיע	1
מיאמי ביטש	1
וועליש	1
דרעזען	1
ספּרינגפעלד	1
מלאווע	1
כפר חבד	1
קראָנשטאַט	1
קאָוועל	1
מאַריאַמפּאָל	1
יוזעפקאַ	1
באַרקאָוו	1
רעשע	1
געטאָ	1
זשאַלודאָק	1
קעשנעוו	1
מיטלאַזיע	1
וולאָדאַווע	1
קאָלאָמעאָ	1
ביי דאָרפּאַט	1
טשעכאָסלאָוואַקיישע שטעט און שטעטלעך	1
קורסק	1
מיעדזשעשין	1
מאַרמאַראָש סיגעט	1
קאַנאַטאָפּ	1
וולאָצלאַווקער	1
לאָמזשער	1
ברין	1
רעוועל	1
וואָסילקאָוו	1
נאָווגאָראָד	1
באַקוו	1
זכרון יעקב	1
קעשענער	1
געטאָ-וואַרשע	1
לאָדזער	1
ביראַ בידזשאַן	1
ראַדזימין	1
אַנדיזשאַן	1
ווילנאַ	1
וואָלסק	1
פת	1
כאָר	1
לינץ	1
נעזשניווקע	1
זלאַטאָפּאָל	1
קרית אונו	1
ינחלת נאָשעלסק	1
ניופּאָרט	1
כערגען-כעלזען	1
חדרה	1
אַוועזשאַנעדער	1
קאָליפֿאַרניע	1
לוגאַנסק	1
מונקאַטש	1
קאָפּענהאַגען	1
האָליוואוּד	1
סאַראַטאָוו	1
נאַרוואַ	1
קאָלאָמעע	1
פּענזע	1
אוקראַאינע	1
לין	1
סיריע	1
אַמסטערדאַם	1
לובני	1
ב'א	1
ראטשעסטער	1
ברוקליין	1
ווייטעבּסק	1
בראנסק	1
האַרטעם	1
האָראָדענקאָ	1
ניו דזשוירסי	1
אלטשעווסק	1
בראָנקסער	1
פּעטערסאַן	1
באָראָ-פּאַרק	1
יעקאַטערינבורג	1
מאָנהעטן	1
א'י	1
מוראוויאָוו	1
סמילע	1
וויטעבק	1
מאַנהיימער	1
ניו אַרקער	1
מאָנטיווידאַ	1
קייפּטאָן	1
נ. י	1
פֿילאדעלפֿייער	1
סאָקאָלאָוו	1
אַרץ-ישראל	1
מזרח און מערב-אייראָפּע	1
טאַראַנטע	1
מינעאפּאָליס	1
סטאַפּניצער	1
מינעאָפּאָליס	1
ניו-אַרלאַנס	1
מיינינגען	1
סיטאווא	1
פֿהילאָדעלפהיאַ	1
סצבעזש	1
דניעפּראָפּעטראָווסק	1
האַרלעמער	1
וויליאָמסבורגער	1
טאָראַָטאָ	1
ביעלאַצערקאָוו	1
ענגלאַנד	1
קאָמעניעץ	1
ביעלאַ-צערקאָוו	1
ראַדאָם	1
פילאדלפיע	1
ניו הייווען	1
באָסקאָוויץ	1
אָדעססאַ	1
ווייטעבסק	1
פֿאָלטאַווע	1
טאוואָרעק	1
וויין	1
בראַנסקער	1
קריוואָיראָג	1
ניאָרק	1
קאַווקאַז	1
כוקאָרעסט	1
קראָקאַווע	1
קענינסגערג	1
שאָרלאַטענבורג	1
פּעטראָגדאָד	1
קענינסבערג	1
קינינסברג	1
אָטען	1
בערעזאָווקע	1
נאָנסי	1
יעקאָטעדינאָסלאָוו	1
קריוואָי-ראָג	1
זעמבין	1
מאָרמאַראָש סינעט	1
ליבאַוויטש	1
ליבאָוויטש	1
אָדעססא	1
בראַנקס, ניו-יאָרק	1
ציריך	1
קאָנסטאַנטינאָווקע	1
לובליז	1
אָלעקסאָנדראָוו	1
פולאדעלפיע	1
נאָוואָסעלץ	1
ווירצבורג	1
גראָבין	1
היידעלבערג	1
סמאָלענסק	1
בעסאַראָביע	1
ברדיטשוב	1
האָמבורג	1
טשערקאָס	1
בוענאָס-איידעס	1
טשעראָוויץ	1
פּאַגעוועזש	1
ווייטערסק	1
בראַנווילער	1
בראַנוויל	1
קלייוולאַנד	1
מאָלטש	1
פֿילאָדעליע	1
האָבלעם	1
נויאָרק	1
בראַאילא	1
אַסי	1
ליד	1
"פּט""ב"	1
אָהאיאָ	1
טראָי	1
נירנבערג	1
לעמיש	1
וולאַצלאָוועק	1
נו-אָרק	1
סאָפיע	1
ווייטשעפּעל	1
האַדלעם	1
פֿילאָרעלפיע	1
נאָדינאָ	1
פּרעסבורג	1
מאָהילעווער	1
קלעשטשעל	1
וואָרששע	1
באָראַ פּאַרק	1
קאַלאָמעאַ	1
ברעסלע	1
כודאָפּעסט	1
באָזעל	1
מאַריאָמפּאָל	1
סאָלעטשניק	1
ראָדין	1
בראַאילאַ	1
וואָסלויאי	1
פֿאָל ריווער	1
בּראָנז וויל	1
קאָלאָמעא	1
יאָראָסלאָוול	1
בראָנקס, ניו-יאָרק	1
יוזעפקא	1
סואַוואָלק	1
פאָדגורזע	1
לעטיטשעוו	1
פֿאַר ראַקאָוועי	1
קאַרסען	1
וואַשילישאָק	1
ראַדין	1
האַנאָווער	1
סיגייט	1
גאלאטי	1
האַמבורג	1
בראָנקס	1
ניו-דזשוירזי	1
שאַוועל	1
בערלאד	1
באקאו	1
ריטשמאַנד, סטעטען איילאַנד	1
קראַקאָווע	1
וווין-בריין	1
פעלדאַפינג	1
פרונזאַ	1
נאָוואָ-מינסק	1
זאַגער	1
מעדיסאָן	1
אָטאַקיי	1
עקראָן	1
מעסעטשוסעטש	1
קאָלנע	1
זשיראַרדאָוו	1
פּעריעסלאָוו	1
ראַטשעסטער	1
איסט סייד	1
ני-ויאָרק	1
פלאַנסק	1
מדינת ישראל	1
פּעטערסאָן	1
צפת	1
סקאַדוויל	1
קרית-ביאליק	1
סאוט העיווען	1
קווינס	1
