city	kind	id	org_type	incorrectly classified as theatre or theatre in German-speaking countries	duplicate	name_latin	QID	historic address	current address	comments	name_yiddish_with_translit	name_variants_with_translit	confirmed_settlement	confirmed_address	confirmed_address_romanized	extracted_addresses_with_translit	extracted_venues_with_translit	extracted_countries	cluster_size	decision	aligned_db_id	linked_cluster_ids	linked_db_id	parent_db_id	reviewer_notes	lat	lon
Berlin	cluster	ORG-C00001_Q03	Education								קאָנסערוואַטאָריע [konservatorie]	קאָנסערוואַטאָריע [konservatorie]					קאָנסערוואַטאָריע [konservatorie]		3								
Berlin	cluster	ORG-C00170_Q03	Education								פּאָליטעכניקום [politekhnikum]	פּאָליטעכניקום [politekhnikum]					פּאָליטעכניקום [politekhnikum]		1								
Berlin	cluster	ORG-C00283	Education								אינסטיטוט פֿאַר דייטשער שפּראַך און ליטעראַטור [institut far deytcher shprakh un literatur]	אינסטיטוט פֿאַר דייטשער שפּראַך און ליטעראַטור [institut far deytcher shprakh un literatur]						דייטשלאַנד	1								
Berlin	cluster	ORG-C00442_Q03	Education								ראָבינער-שול (בערלין) [robinershul berlin]	ראָבינער-שול [robinershul]							1						[finalize_qid parenthetical] renamed from 'ראָבינער-שול' for settlement 'בערלין'. Prior notes: Cluster contains Rabbinical schools in distinct cities (Vilna, Zhitomir, Berlin) which are separate historical institutions.		
Berlin	cluster	ORG-C00723	Education								בערלין [berlin]	בערלין [berlin]							1								
Berlin	cluster	ORG-C00921	Education								ד"ר ווילהעלם לעוויס ראָבינער-סעמינאַר [dr vilhelm levis robinerseminar]	ד"ר ווילהעלם לעוויס ראָבינער-סעמינאַר [dr vilhelm levis robinerseminar]						דייטשלאַנד	1								
Berlin	cluster	ORG-C01532	Education								בערלינער אוניווערזיטעט [berliner univerzitet]	בערלינער אוניווערזיטעט [berliner univerzitet]					בערלינער אוניווערזיטעט [berliner univerzitet]	דייטשלאַנד | דייטשלאנד	3	ALIGN	561		561		[auto_aligner] exact name match, score=1.000		
Berlin	cluster	ORG-C01574	Education								מינסטער אוניווערזיטעט [minster univerzitet]	מינסטער אוניווערזיטעט [minster univerzitet]					סטודיע-בינע [studiebine]		1								
Berlin	cluster	ORG-C01920	Education								שטערנס קאָנסערוואַטאָריום [shterns konservatorium]	שטערנס קאָנסערוואַטאָריום [shterns konservatorium]					שטערנס קאָנסערוואַטאָריום [shterns konservatorium]	דייטשלאַנד	1								
Berlin	cluster	ORG-C02438	Education								מאַקס ריינהאָרדס דראַמאַטישער שול [maks reynhords dramatisher shul]	מאַקס ריינהאָרדס דראַמאַטישער שול [maks reynhords dramatisher shul]						דייטשלאַנד	1								
Berlin	cluster	ORG-C03516	Education								קונסט געווערבע שול ביים פּרינץ אַלברעכט מוזיי [kunst geverbe shul beym prints albrekht muzey]	קונסט געווערבע שול ביים פּרינץ אַלברעכט מוזיי [kunst geverbe shul beym prints albrekht muzey] | קונסט געווערע שול ביים פּרינץ אַלברעכט-מוזיי [kunst gevere shul beym prints albrekhtmuzey]					פּרינץ אַלברעכט-מוזיי [prints albrekhtmuzey]		2								
Berlin	cluster	ORG-C03532	Education								הויכשולע דער מוזיק [hoykhshule der muzik]	הויכשולע דער מוזיק [hoykhshule der muzik]						דייטשלאַנד	1								
Berlin	cluster	ORG-C03694_Q02	Education								אוניווערזיטעט [univerzitet]	אוניווערזיטעט [univerzitet] | אוניווערזיטעט אין בערלין [univerzitet in berlin]					אוניווערזיטעט [univerzitet]	דייטשלאַנד	3								
Berlin	cluster	ORG-C05006	Education								לערנאַנשטאַלט פאַר דער וויסנשאַפט פון יודנטום [lernanshtalt far der visnshaft fun yudntum]	לערנאַנשטאַלט פאַר דער וויסנשאַפט פון יודנטום [lernanshtalt far der visnshaft fun yudntum]							1								
Berlin	cluster	ORG-C05439	Education								פריישול [freyshul]	פריישול [freyshul]							1								
Berlin	cluster	ORG-C05788	Education								ריינהאָרדס דראָמאַטישער שול [reynhords dromatisher shul]	ריינהאָרדס דראָמאַטישער שול [reynhords dromatisher shul]						דייטשלאנד	1								
Berlin	cluster	ORG-C05812	Education								אוניווערזיטעט פון בערלין [univerzitet fun berlin]	אוניווערזיטעט פון בערלין [univerzitet fun berlin]							1	ALIGN	561		561				
Berlin	cluster	ORG-C06254	Education								שוישפּילער-שול ביי ריינהאָרטס „דייטשעס טעאַטער“ [shoyshpilershul bey reynhorts deytches teater]	שוישפּילער-שול ביי ריינהאָרטס „דייטשעס טעאַטער“ [shoyshpilershul bey reynhorts deytches teater]					שוישפּילער-שול [shoyshpilershul]		1								
Berlin	cluster	ORG-C04791	Jewish political bodies								אהבת ציון [ahbt tsiun]	אהבת ציון [ahbt tsiun]						דייטשלאַנד	1								
Berlin	cluster	ORG-C00334	Journals/ Newspapers								„מאָסקאָווסקאַיאָ גאָזעטאָ“ [moskovskaio gozeto]	„מאָסקאָווסקאַיאָ גאָזעטאָ“ [moskovskaio gozeto]						דייטשלאַנד	1								
Berlin	cluster	ORG-C00716	Journals/ Newspapers								צייט-גייסט [tseytgeyst]	צייט-גייסט [tseytgeyst]							3								
Berlin	cluster	ORG-C05440_Q02	Journals/ Newspapers								המאַסף [hmasf]	המאַסף [hmasf]							1								
Berlin	cluster	ORG-C00922	Media (Radio/ Film/TV)								אופֿאַ פֿילם געז. [ufa film gez]	אופֿאַ פֿילם געז. [ufa film gez]						דייטשלאַנד	1								
Berlin	cluster	ORG-C02662	Media (Radio/ Film/TV)								פעבוס [febus]	פעבוס [febus]							1								
Berlin	cluster	ORG-C06138	Media (Radio/ Film/TV)								דייטשער פֿילם [deytcher film]	דייטשער פֿילם [deytcher film]						דייטשלאַנד	1								
Berlin	cluster	ORG-C01986	Publisher								הוצאת יורשי המחבר [hutsat yurshi hmkhbr]	הוצאת יורשי המחבר [hutsat yurshi hmkhbr]						דייטשלאַנד	1								
Berlin	cluster	ORG-C02001	Publisher								יידישן מוזיק-פאַרלאַג אין בערלין [eydishn muzikfarlag in berlin]	יידישן מוזיק-פאַרלאַג אין בערלין [eydishn muzikfarlag in berlin]					יידישן מוזיק-פאַרלאַג אין בערלין [eydishn muzikfarlag in berlin]	דייטשלאנד	1								
Berlin	cluster	ORG-C02145	Publisher								בערטהאָלד לעווי פֿאַרלאָג [berthold levi farlog]	בערטהאָלד לעווי פֿאַרלאָג [berthold levi farlog]					בערטהאָלד לעווי פֿאַרלאָג [berthold levi farlog]		1								
Berlin	cluster	ORG-C02231	Publisher								שטיבל-פֿאַרלאַג [shtiblfarlag]	שטיבל-פאַרלאָג [shtiblfarlog] | שטיבל-פֿאַרלאַג [shtiblfarlag]							3								
Berlin	cluster	ORG-C03929	Publisher								אופֿא [ufa]	אופֿא [ufa]					אופֿאַ [ufa]	דייטשלאַנד	2								
Berlin	cluster	ORG-C04785	Publisher								אוניווערזאַל עדישאָן [univerzal edishon]	אוניווערזאַל עדישאָן [univerzal edishon]							1								
Berlin	cluster	ORG-C05441	Publisher								חנוך נערים [khnukh nerim]	חנוך נערים [khnukh nerim]							1								
Berlin	cluster	ORG-C05540	Publisher								פאַרלאָג „פּעטראָפּאָליס“ [farlog petropolis]	פאַרלאָג „פּעטראָפּאָליס“ [farlog petropolis]							1								
Berlin	cluster	ORG-C06262	Publisher								וועלט-פֿאַרלאָג [veltfarlog]	וועלט-פֿאַרלאָג [veltfarlog]							1								
Berlin	cluster	ORG-C06263	Publisher								יידישער-פֿאַרלאָג [eydisherfarlog]	יידישער-פֿאַרלאָג [eydisherfarlog]							1								
Berlin	cluster	ORG-C06633	Publisher								יידישער קולטור-פ'ג [eydisher kulturfg]	יידישער קולטור-פ'ג [eydisher kulturfg]							1								
Berlin	cluster	ORG-C03533	Religious institutions/organizations								גרויסער בערליינער סינאַגאָגע [groyser berleyner sinagoge]	גרויסער בערליינער סינאַגאָגע [groyser berleyner sinagoge]					סינאַגאָגע [sinagoge]	דייטשלאַנד	1								
Berlin	cluster	ORG-C00190_Q05	Theatre		yes	Volksbühne Berlin	Q617244	Bülowplatz	Rosa-Luxemburg-Platz, 10178 Berlin		פֿאָלקסבינע (בערלין) [folksbine berlin]	פֿאָלקסבינע [folksbine]					פֿאָלקס-בינע [folksbine]		1						[finalize_qid parenthetical] renamed from 'פֿאָלקסבינע' for settlement 'בערלין'. Prior notes: Cluster contains multiple distinct Folksbiene entities across Berlin, Vienna, and New York; no single DB candidate exists.		
Berlin	cluster	ORG-C00259	Theatre			Komische Oper	Q435831		Friedrichstraße 141, 10117 Berlin		בער לינער קאָמישער אָפּערע [ber liner komisher opere]	בער לינער קאָמישער אָפּערע [ber liner komisher opere]					בערלינער קאָמישער אָפּערע [berliner komisher opere]	דייטשלאַנד	2								
Berlin	cluster	ORG-C00515_Q03	Theatre			Thalia-Theater	Q123225708		Dresdener Straße 72–73, 10179 Berlin		טאַליאַ-טעאַטער (בערלין) [taliateater berlin]	טאַליאַ-טעאַטער [taliateater]					טאָליאַ טעאַטער | טאָליאַ-טעאַטער [tolia teater toliateater]	דייטשלאַנד	3						[finalize_qid parenthetical] renamed from 'טאַליאַ-טעאַטער' for settlement 'בערלין'. Prior notes: Cluster contains Thalia Theatres in distinct cities (NYC, Berlin, Lodz, Philadelphia) which are separate entities, not a single traveling troupe.		
Berlin	cluster	ORG-C00578_Q02	Theatre							Deutsch-Yiddish	דייטש-יידיש [deytcheydish]	דייטש-יידיש [deytcheydish]					אַ וואָריעטע [a voriete]		1								
Berlin	cluster	ORG-C00858	Theatre			Wintergarten	Q519956		Friedrichstraße 143–149 , 10117 Berlin		בערלינער ווינטערגאַרטן [berliner vintergartn]	בערלינער ווינטערגאַרטן [berliner vintergartn]					ווינטערגאַרטן [vintergartn]		1								
Berlin	cluster	ORG-C01369	Theatre			Theater auf der Oranienburger Straße				Perhaps connected to the Great Synagogue in the same street	טעאַטער אויף דער אַריאַנ בורגער שטראַסע [teater oyf der arian burger shtrase]	טעאַטער אויף דער אַריאַנ בורגער שטראַסע [teater oyf der arian burger shtrase]				אַריאַנ בורגער שטראַסע [arian burger shtrase]	טעאַטער אויף דער אַריאַנ בורגער שטראַסע [teater oyf der arian burger shtrase]	דויטשלאַנד	1								
Berlin	cluster	ORG-C01387_Q23	Theatre							tr.: Yiddish Theatre in Berlin	יידיש טעאַטער אין בערלין [eydish teater in berlin]	יידיש טעאַטער אין בערלין [eydish teater in berlin] | יידישן טעאַטער [eydishn teater]					יידישן טעאַטער [eydishn teater]	דייטשלאַנד	3								
Berlin	cluster	ORG-C02686	Theatre			Yiddish Art Theatre 	Q20769532		189 Second Avenue, New York, NY 10003	Maybe the Yiddish Art Theatre NYC??? 	יידישער קינסטלער-טעאַטער [eydisher kinstlerteater]	יידישער קינסטלער-טעאַטער [eydisher kinstlerteater]					יידישער קינסטלער-טעאַטער [eydisher kinstlerteater]	דייטשלאַנד	2								
Berlin	cluster	ORG-C03189	Theatre			Kleinkunstbühne der Berliner Kultusgemeinde			Fasanenstraße 79–80, 10623 Berlin		קליינקונסטבינע פֿון דער בערלינער קולטוסגעמיינדע [kleynkunstbine fun der berliner kultusgemeynde]	קליינקונסטבינע פֿון דער בערלינער קולטוסגעמיינדע [kleynkunstbine fun der berliner kultusgemeynde]						דייטשלאַנד	1								
Berlin	cluster	ORG-C03191_Q03	Theatre		yes	Yiddish Art Theatre 	Q20769532		189 Second Avenue, New York, NY 10003	Probably the Yiddish Art Theatre NYC/ in Berlin: Vilner Trupe? 	יידישע קינסטלערישע טעאַטער [eydishe kinstlerishe teater]	יידישע קינסטלערישע טעאַטער [eydishe kinstlerishe teater]				קאָמענדאַנטען-שטראָסע [komendantenshtrose]			1								
Berlin	cluster	ORG-C03517	Theatre			Theateratelier von Hugo Baruch	Q19962046			Company for theatre sets, stage design and costumes	טעאַטער-אַטעליע פֿון הוגאָ באַרוך [teateratelie fun hugo barukh]	טעאַטער-אַטעליע פֿון הוגאָ באַרוך [teateratelie fun hugo barukh]					טעאַטער- אַטעליע פֿון הוגאָ באַרוך [teater atelie fun hugo barukh]		2								
Berlin	cluster	ORG-C03839	Theatre							tr.: Yiddish Theatre in Berlin	בערליינער יידישן טעאַטער [berleyner eydishn teater]	בערליינער יידישן טעאַטער [berleyner eydishn teater]					בערליינער יידישן טעאַטער | בערלינער יידישן טעאַטער [berleyner eydishn teater berliner eydishn teater]	דייטשלאַנד	2								
Berlin	cluster	ORG-C03883	Theatre		yes	Volksbühne Berlin	Q617244	Bülowplatz	Rosa-Luxemburg-Platz, 10178 Berlin		בערלינער פֿאָלקס-בינע [berliner folksbine]	בערלינער פֿאָלקס-בינע [berliner folksbine]					בערלינער פֿאָלקס-בינע [berliner folksbine]	דייטשלאַנד	1								
Berlin	cluster	ORG-C04355	Theatre							Deutsch-Yiddish	דייטש-יידישעס טעאַטער [deytcheydishes teater]	דייטש-יידישעס טעאַטער [deytcheydishes teater]					וואַריעטע אויף אַלעקסאַנדער-פּלאַץ [variete oyf aleksanderplats]		1								
Berlin	cluster	ORG-C04740	Theatre		yes	Lessingtheater	Q261757		Kapelle-Ufer 1, 10117 Berlin		לעסינג טעאַטער [lesing teater]	לעסינג טעאַטער [lesing teater]					לעסינג טעאַטער [lesing teater]	דייטשלאַנד	1								
Berlin	cluster	ORG-C05044	Theatre		yes	Alexander-Theater	Q47304549		Alexanderstraße 1–3, 10178 Berlin		אַלעקסאַנדער-טעאַטער [aleksanderteater]	אַלעקסאַנדער-טעאַטער [aleksanderteater]							1								
Berlin	cluster	ORG-C05049	Theatre			Neues Operettenhaus	Q632381		Bertolt-Brecht-Platz 1, 10117 Berlin		נויעס אָפּערעטען-הויז [noyes operetenhoyz]	נויעס אָפּערעטען-הויז [noyes operetenhoyz]					נויעס אָפּערעטען-הויז [noyes operetenhoyz]		1								
Berlin	cluster	ORG-C05265	Theatre		yes	Yiddish Art Theatre 	Q20769532		189 Second Avenue, New York, NY 10003	Maybe the Yiddish Art Theatre NYC/ in Berlin: Vilner Trupe?	דאָס יידישע קינסטלערטעאַטער [dos eydishe kinstlerteater]	דאָס יידישע קינסטלערטעאַטער [dos eydishe kinstlerteater]					דאָס יידישע קינסטלערטעאַטער [dos eydishe kinstlerteater]		1								
Berlin	cluster	ORG-C05541	Theatre			Große Berliner Kunstausstellung	Q18624764		Alt-Moabit 2–10, 10557 Berlin	Art Exhibition	בערלינער גרויסער קונסט-אויסשטעלונג [berliner groyser kunstoysshtelung]	בערלינער גרויסער קונסט-אויסשטעלונג [berliner groyser kunstoysshtelung]							1								
Berlin	cluster	ORG-C05570	Theatre			Deutsches Operettentheater	Q60747679		Millerntorplatz, 20359 Hamburg	Probably in Hamburg	דייטשן אָפּערעטן-טעאַטער [deytchn operetnteater]	דייטשן אָפּערעטן-טעאַטער [deytchn operetnteater]							1								
Berlin	cluster	ORG-C05571	Theatre			Wallner-Theater	Q46632319		Holzmarktstraße 11–14		בערלינער וואַלנער-טעאַטער [berliner valnerteater]	בערלינער וואַלנער-טעאַטער [berliner valnerteater]					וואַלנער-טעאַטער [valnerteater]		1								
Berlin	cluster	ORG-C05790	Theatre			Deutsches Staatstheater	Q1206014		Strada Mărășești 2, 300086 Timișoara, Romania	Maybe in Romania??	דייטשן שטאָטס-טעאַטער [deytchn shtotsteater]	דייטשן שטאָטס-טעאַטער [deytchn shtotsteater]						דייטשלאנד	1								
Berlin	cluster	ORG-C05791	Theatre			Jiddisches Künstlertheater Azra				unassignable	יידישן קינסטלער-טעאאַטער (אַזראַ) [eydishn kinstlerteaater azra]	יידישן קינסטלער-טעאאַטער (אַזראַ) [eydishn kinstlerteaater azra]						דייטשלאנד	1								
Berlin	cluster	ORG-C06219	Theatre			Colosseum Berlin	Q32651446		Schönhauser Allee 123 10437 Berlin		בערליינער קאָלאָסעאָום קאָנצערט-זאָל [berleyner koloseoum kontsertzol]	בערליינער קאָלאָסעאָום קאָנצערט-זאָל [berleyner koloseoum kontsertzol]							1								
Berlin	cluster	ORG-C06255	Theatre			Deutsches Theater	Q703955		Schumannstraße 13A 10117 Berlin		דייטשעס טעאַטער [deytches teater]	דייטשעס טעאַטער [deytches teater]					דייטשעס טעאַטער [deytches teater]		1	ALIGN	116		116		[auto_aligner] exact name match, score=1.000		
Berlin	cluster	ORG-C06258	Theatre							Probably Victor Barnowsky (Actor, theatre director and theatre manager) 	באַרנאָווסקי [barnovski]	באַרנאָווסקי [barnovski]							1								
Berlin	cluster	ORG-C06259	Theatre							tr.: Municipal Theatre	בערלינער דייטשן שטאָט-טעאַטער [berliner deytchn shtotteater]	בערלינער דייטשן שטאָט-טעאַטער [berliner deytchn shtotteater]					בערלינער דייטשן שטאָט-טעאַטער [berliner deytchn shtotteater]		1								
Berlin	cluster	ORG-C06265	Theatre		yes	Yiddish Art Theatre 	Q20769532		189 Second Avenue, New York, NY 10003	Maybe the Yiddish Art Theatre NYC/ in Berlin: Vilner Trupe?	יידיש קינסטלער-טעאַטער [eydish kinstlerteater]	יידיש קינסטלער-טעאַטער [eydish kinstlerteater]							2								
Berlin	cluster	ORG-C06421	Theatre		yes	Lessingtheater	Q261757		Kapelle-Ufer 1, 10117 Berlin		בערלינער דייטשן לעסינג-טעאַטער [berliner deytchn lesingteater]	בערלינער דייטשן לעסינג-טעאַטער [berliner deytchn lesingteater]					בערלינער דייטשן לעסינג-טעאַטער [berliner deytchn lesingteater]		1								
Berlin	cluster	ORG-C06549	Theatre		yes	Alexander-Theater	Q47304549		Alexanderstraße 1–3, 10178 Berlin		אַלעקסאַנדער פּלאַץ-טעאַטער [aleksander platsteater]	אַלעקסאַנדער פּלאַץ-טעאַטער [aleksander platsteater]					אַלעקסאַנדער פּלאַץ-טעאַטער [aleksander platsteater]		1								
Berlin	cluster	ORG-C06602	Theatre							Max Reinhardt	מאָקס ריינהאַרד [moks reynhard]	מאָקס ריינהאַרד [moks reynhard]							1								
Berlin	cluster	ORG-C06967	Theatre							The Theatre and Art Studio of Herman, Koyfman, Reynman and Hugo Baruch	טעאַטער קונסט-סטודיעס פֿון הערמאַן י. קויפמאַן, ריינמאַן און הוגאַ באַרוך [teater kunststudies fun herman y koyfman reynman un huga barukh]	טעאַטער קונסט-סטודיעס פֿון הערמאַן י. קויפמאַן [teater kunststudies fun herman y koyfman] | ריינמאַן און הוגאַ באַרוך [reynman un huga barukh]						דייטשלאַנד	1								
Berlin	cluster	ORG-C06969	Theatre							Perhaps General Jewish Workers' Union?	יידישן „קולטור בונד טעאַטער“ [eydishn kultur bund teater]	יידישן „קולטור בונד טעאַטער“ [eydishn kultur bund teater]						דייטשלאַנד	1								
Berlin	cluster	ORG-C07105	Theatre							Berliner Neue Bühne	בערלינער נייער בינע [berliner neyer bine]	בערלינער נייער בינע [berliner neyer bine]					בערלינער נייער בינע [berliner neyer bine]		1								
Berlin	db	174	Theatre		yes	Alexander-Theater	Q47304549		Alexanderstraße 1–3, 10178 Berlin				Berlin		Alexanderplatz, Berlin	Mokotowska 72, Warsaw										52.521981	13.413636
Berlin	db	237	Theatre			Elysium Theater			ul. Karowa 14/16, 00-324 Warszawa, Poland	Poland	עליזעום-טעאַטער [elizeumteater]		Berlin														
Berlin	cluster	ORG-C01326_Q02	Theatre-related Society/ Union								יידישער טעאַטער-געזעלשאַפט (בערלין) [eydisher teatergezelshaft berlin]	יידישער טעאַטער-געזעלשאַפט [eydisher teatergezelshaft]						דייטשלאַנד	2						[finalize_qid parenthetical] renamed from 'יידישער טעאַטער-געזעלשאַפט' for settlement 'בערלין'. Prior notes: Generic name 'Yiddish Theatre Society' associated with multiple distinct cities (Berlin, Vilna, LA, Lemberg, NY) indicates separate local organizations.		
Berlin	cluster	ORG-C03017	Theatre-related Society/ Union								אָריענטאַליאַ [orientalia]	אָריענטאַליאַ [orientalia]						דייטשלאַנד	2								
Berlin	cluster	ORG-C03190	Theatre-related Society/ Union								יידישער קולטור-בונד [eydisher kulturbund]	יידישער קולטור-בונד [eydisher kulturbund]						דייטשלאַנד	2								
Berlin	cluster	ORG-C01400	Welfare/Aid organization								אַסטיודענפֿאַרבאַנד [astiudenfarband]	אַסטיודענפֿאַרבאַנד [astiudenfarband]							1								
Berlin	cluster	ORG-C05442	Welfare/Aid organization								געזעלשאַפט דער פרוינדע [gezelshaft der froynde]	געזעלשאַפט דער פרוינדע [gezelshaft der froynde]							1								
Vienna	cluster	ORG-C01904	Business								ווינער באַנק [viner bank]	ווינער באַנק [viner bank]					ווינער באַנק [viner bank]		1								
Vienna	cluster	ORG-C06288	Business								רעסטאָראָן ברייער [restoron breyer]	רעסטאָראָן ברייער [restoron breyer]					רעסטאָראָן ברייער [restoron breyer]	עסטרייך	1								
Vienna	cluster	ORG-C00001_Q02	Education								קאָנסערוואַטאָריע [konservatorie]	קאָנסערוואַטאָריע [konservatorie] | קאָנסערוואַטאָריע אין ווין [konservatorie in vin]					קאָנסערוואַטאָריע [konservatorie]		3								
Vienna	cluster	ORG-C00062	Education								סעמינאָר פֿון פּראָפעסאָר שפּאַן [seminor fun profesor shpan]	סעמינאָר פֿון פּראָפעסאָר שפּאַן [seminor fun profesor shpan]						עסטרייך	1								
Vienna	cluster	ORG-C00091_Q01	Education								קאָנסערוואַטאָריום [konservatorium]	קאָנסערוואַטאָריום [konservatorium]					קאָנסערוואַטאָריום [konservatorium]		1								
Vienna	cluster	ORG-C00170_Q02	Education								פּאָליטעכניקום [politekhnikum]	פּאָליטעכניקום [politekhnikum]							1								
Vienna	cluster	ORG-C00185	Education								דייטשער דראַמאַטישער שול [deytcher dramatisher shul]	דייטשער דראַמאַטישער שול [deytcher dramatisher shul]						עסטרייך	1								
Vienna	cluster	ORG-C00239_Q01	Education								ווינער קאָנסערוואַטאָריע [viner konservatorie]	ווינער קאָנסערוואַטאָריע [viner konservatorie]					ווינער קאָנסערוואַטאָריע [viner konservatorie]	עסטרייך	2								
Vienna	cluster	ORG-C01439_Q02	Education								דראַמאַטישער שול [dramatisher shul]	דראַמאַטישער שול [dramatisher shul]					דראַמאַטישער שול [dramatisher shul]		1								
Vienna	cluster	ORG-C01564	Education								ווינער קייזער-קעניגלעכער קאָנסערוואַטאָריע [viner keyzerkeniglekher konservatorie]	ווינער קייזער-קעניגלעכער קאָנסערוואַטאָריע [viner keyzerkeniglekher konservatorie]					ווינער קייזער-קעניגלעכער קאָנסערוואַטאָריע [viner keyzerkeniglekher konservatorie]		1								
Vienna	cluster	ORG-C01731_Q02	Education								ווילנער גימנאַזיע [vilner gimnazie]	ווילנער גימנאַזיע [vilner gimnazie]							1								
Vienna	cluster	ORG-C01903_Q04	Education								האַנדלס-שול [handlsshul]	האַנדלס-שול [handlsshul]					האַנדלסשול [handlsshul]	עסטרייך	1								
Vienna	cluster	ORG-C02576_Q02	Education								יידישע דראַמאַטישע שול [eydishe dramatishe shul]	יידישע דראַמאַטישע שול [eydishe dramatishe shul]					יידישע דראַמאַטישע שול [eydishe dramatishe shul]	עסטרייך	2								
Vienna	cluster	ORG-C02951_Q01	Education								ווילנער שטאָט-טעאַטער [vilner shtotteater]	ווילנער שטאָט-טעאַטער [vilner shtotteater]						עסטרייך	2								
Vienna	cluster	ORG-C03238	Education								ווינער אוניווערזיטעט [viner univerzitet]	ווינער אוניווערזיטעט [viner univerzitet]						עסטרייך	2	NEW	588		588				
Vienna	cluster	ORG-C03259_Q01	Education								4-קלאַסיקע פֿאָלקס-שול [klasike folksshul]	4-קלאַסיקע פֿאָלקס-שול [klasike folksshul] | 8-קלאסיקע פֿאָלקס-שול [klasike folksshul] | ד-קלאָסיקע פֿאָלקס-שול [dklosike folksshul]							4								
Vienna	cluster	ORG-C03312	Education								ווינער קונסט-געווערבע שול [viner kunstgeverbe shul]	ווינער קונסט-געווערבע שול [viner kunstgeverbe shul]							1								
Vienna	cluster	ORG-C03702	Education								ווינער אינסטיטוט פֿאַר סאָציאַלע וויסנשאַפטן [viner institut far sotsiale visnshaftn]	ווינער אינסטיטוט פֿאַר סאָציאַלע וויסנשאַפטן [viner institut far sotsiale visnshaftn]					אינסטיטוט [institut]		1								
Vienna	cluster	ORG-C04239	Education								געווערבע-האָכשולע [geverbehokhshule]	געווערבע-האָכשולע [geverbehokhshule]							1								
Vienna	cluster	ORG-C04738	Education								פערדינאַנד לאַסאַל [ferdinand lasal]	פערדינאַנד לאַסאַל [ferdinand lasal]							1								
Vienna	cluster	ORG-C05743	Education								דייטשער שול (עלעמענטאָר-שול, גימנאָזיע און אוניווערסיטעט) [deytcher shul elementorshul gimnozie un universitet]	דייטשער שול (עלעמענטאָר-שול [deytcher shul elementorshul] | גימנאָזיע און אוניווערסיטעט) [gimnozie un universitet]							1								
Vienna	cluster	ORG-C06146	Education								פֿאָן מייערס דראָמאַטישע קורסן [fon meyers dromatishe kursn]	פֿאָן מייערס דראָמאַטישע קורסן [fon meyers dromatishe kursn]							1								
Vienna	cluster	ORG-C06223	Education								בירגער און אַ האָנדלסשול [birger un a hondlsshul]	בירגער און אַ האָנדלסשול [birger un a hondlsshul]						עסטרייך	1								
Vienna	cluster	ORG-C06333	Education								שטאָטסאָקאָדעמיע פֿיר מוזיק אונד דאָרשטעלענדער קונסט [shtotsokodemie fir muzik und dorshtelender kunst]	שטאָטסאָקאָדעמיע פֿיר מוזיק אונד דאָרשטעלענדער קונסט [shtotsokodemie fir muzik und dorshtelender kunst]						עסטרייך	1								
Vienna	cluster	ORG-C06366	Education								דראָמאָטיש-אָקאָדעמישער שול [dromotishokodemisher shul]	דראָמאָטיש-אָקאָדעמישער שול [dromotishokodemisher shul]							1								
Vienna	cluster	ORG-C06423	Education								האָכשול פאָר מוזיק און דאַרשטעלענדער קונסט [hokhshul for muzik un darshtelender kunst]	האָכשול פאָר מוזיק און דאַרשטעלענדער קונסט [hokhshul for muzik un darshtelender kunst]						עסטרייך	1								
Vienna	cluster	ORG-C06634	Education								רעפֿאָרם-ליצעאום [reformlitseum]	רעפֿאָרם-ליצעאום [reformlitseum]							1								
Vienna	cluster	ORG-C06659	Education								בירגער און האַנדלס-שול [birger un handlsshul]	בירגער און האַנדלס-שול [birger un handlsshul]							1								
Vienna	cluster	ORG-C00898	Heritage Institution								יידישעס קולטור-הויז [eydishes kulturhoyz]	יידישעס קולטור-הויז [eydishes kulturhoyz]							1								
Vienna	cluster	ORG-C01083	Heritage Institution								באַראָכאָוו-אַרכיוו [barokhovarkhiv]	באַראָכאָוו-אַרכיוו [barokhovarkhiv]						עסטרייך	1								
Vienna	cluster	ORG-C05671	Jewish political bodies								ציון [tsiun]	ציון [tsiun]							2								
Vienna	cluster	ORG-C00370_Q01	Journals/ Newspapers								יודישער אַרבייטער [yudisher arbeyter]	יודישער אַרבייטער [yudisher arbeyter]							3								
Vienna	cluster	ORG-C00371	Journals/ Newspapers								איזראַעליט [izraelit]	איזראַעליט [izraelit]					איזראַעליט [izraelit]		1								
Vienna	cluster	ORG-C00717	Journals/ Newspapers								די אידישע וואָכענשריפט [di idishe vokhenshrift]	די אידישע וואָכענשריפט [di idishe vokhenshrift] | יידישע וואָכענשריפט [eydishe vokhenshrift]							2								
Vienna	cluster	ORG-C00938	Journals/ Newspapers								זשורנאל „השחר“ [zhurnal hshkhr]	זשורנאל „השחר“ [zhurnal hshkhr]							1								
Vienna	cluster	ORG-C01087	Journals/ Newspapers								מאָרגענפּאָסט [morgenpost]	מאָרגענפּאָסט [morgenpost]							1								
Vienna	cluster	ORG-C01088_Q01	Journals/ Newspapers								נייע צייט [neye tseyt]	די נייע צייט [di neye tseyt] | נייע צייט [neye tseyt]							4								
Vienna	cluster	ORG-C01401	Journals/ Newspapers								דער קוואַל [der kval]	דער קוואַל [der kval]							2								
Vienna	cluster	ORG-C01888	Journals/ Newspapers								השחר [hshkhr]	השחר [hshkhr]						עסטרייך	5								
Vienna	cluster	ORG-C03449	Journals/ Newspapers								קריטיק [kritik]	קריטיק [kritik]							1								
Vienna	cluster	ORG-C04452	Journals/ Newspapers								Freie Tribune	Freie Tribune							1								
Vienna	cluster	ORG-C04453	Journals/ Newspapers								Judisches Theater	Judisches Theater							1	ALIGN	464		464				
Vienna	cluster	ORG-C04532	Journals/ Newspapers								עמק שושנים [emk shushnim]	עמק שושנים [emk shushnim]							1								
Vienna	cluster	ORG-C06344	Journals/ Newspapers								די יודישע מאָרגענפּאָסט [di yudishe morgenpost]	די יודישע מאָרגענפּאָסט [di yudishe morgenpost]							1								
Vienna	cluster	ORG-C04938	Musical organization								טעמפּל א'ל [templ al]	טעמפּל א'ל [templ al]					טעמפּל א'ל [templ al]	עסטרייך	1								
Vienna	cluster	ORG-C01082	OTHER - elaborate!								ציב [tsib]	ציב [tsib]						עסטרייך	1								
Vienna	cluster	ORG-C01403_Q02	Publisher								יידיש [eydish]	יידיש [eydish]							1								
Vienna	cluster	ORG-C02246	Publisher								דרוק פ. בענדינער [druk f bendiner]	דרוק פ. בענדינער [druk f bendiner]							1								
Vienna	cluster	ORG-C00186	Theatre			Jiddischer dramatischer Kreis Ferdinand Lassalle	Q75784				יידישן דראַמאַטישן קריין א'נ „פֿערדינאַנד לאַסאַל“ [eydishn dramatishn kreyn an ferdinand lasal]	יידישן דראַמאַטישן קריין א'נ „פֿערדינאַנד לאַסאַל“ [eydishn dramatishn kreyn an ferdinand lasal]						עסטרייך	1								
Vienna	cluster	ORG-C00190_Q03	Theatre		yes	Volkstheater Wien	Q688555		Neustiftgasse 1, 1070 Wien		פֿאָלקסבינע (ווין) [folksbine vin]	פֿאָלקסבינע [folksbine]						עסטרייך	1						[finalize_qid parenthetical] renamed from 'פֿאָלקסבינע' for settlement 'ווין'. Prior notes: Cluster contains multiple distinct Folksbiene entities across Berlin, Vienna, and New York; no single DB candidate exists.		
Vienna	cluster	ORG-C00243	Theatre			Probably Orfeum-Theater/ Budapester Orpheum(-sgesellschaft)	Q1000661	different addresses from 1891-1939			אָרקאָדיאָ-טעאַטער [orkodioteater]	אָרקאָדיאָ-טעאַטער [orkodioteater]							2								
Vienna	cluster	ORG-C00555	Theatre		yes	Wiener Freie Jiddische Volksbühne	Q125212717	different addresses from 1919-1930			ווינער 'פרייע יידישע פֿאָלקסבינע' [viner freye eydishe folksbine]	ווינער 'פרייע יידישע פֿאָלקסבינע' [viner freye eydishe folksbine]					ווינער [viner]	עסטרייך	4								
Vienna	cluster	ORG-C00596_Q02	Theatre							Jiddisches Dramatisches Theater in Wien/ Yiddish Drama Theatre in Vienna	יידיש דראַמאַטיש טעאַטער אין ווין [eydish dramatish teater in vin]	יידיש דראַמאַטיש טעאַטער אין ווין [eydish dramatish teater in vin]							1								
Vienna	cluster	ORG-C00616	Theatre		yes	Hotel Stefanie	Q1399214		Taborstraße 12, 1020 Wien		סטעפאני [stefani]	סטעפאני [stefani]					סטעפאני [stefani]		1								
Vienna	cluster	ORG-C00745	Theatre			Rolandbühne	Q22667147		Praterstraße 25, 1020 Wien		ראָלאַנד-בינע [rolandbine]	ראָלאַנד-בינע [rolandbine]				פּראָטער שטראסע [proter shtrase]	„ראָלאַנד בינע" [roland bine]	עסטרייך	3								
Vienna	cluster	ORG-C00747	Theatre		yes	Bürgertheater	Q1713589		Vordere Zollamtsstraße 13, 1030 Wien		"בירגער טעאַטער“ [birger teater]	"בירגער טעאַטער“ [birger teater]					"בירגער טעאַטער“ [birger teater]	עסטרייך	1								
Vienna	cluster	ORG-C00806	Theatre		yes	Teater Reklam					טעאַטער רעקלאַם [teater reklam]	טעאַטער רעקלאַם [teater reklam]						עסטרייך	3								
Vienna	cluster	ORG-C00871	Theatre							ein jiddisches Theater/ a Yiddish theatre	אַ יידיש טעאַטער [a eydish teater]	אַ יידיש טעאַטער [a eydish teater]					בעמישן האָף [bemishn hof]	עסטרייך	1								
Vienna	cluster	ORG-C00873_Q02	Theatre			Miniatur-Theater					מיניאַטור-טעאַטער [miniaturteater]	מיניאַטור-טעאַטער [miniaturteater]							1								
Vienna	cluster	ORG-C00894	Theatre		yes	Teater Reklam					טעאַטער "רעקלאַמע" [teater reklame]	טעאַטער "רעקלאַמע" [teater reklame]							2								
Vienna	cluster	ORG-C00896	Theatre		yes	Carltheater	Q877699		Praterstraße 31, 1020 Wien		קאַרל טעאַטער [karl teater]	קאַרל טעאַטער [karl teater]					קאַרל טעאַטער | קאַרל-טעאַטער [karl teater karlteater]		3	NEW	688		688				
Vienna	cluster	ORG-C00899	Theatre							Jiddische Künstler-Spielen/ Yiddish Artists' Plays	יידישע קינסטלער שפּילן [eydishe kinstler shpiln]	יידישע קינסטלער שפּילן [eydishe kinstler shpiln]							1								
Vienna	cluster	ORG-C01001	Theatre							Der goldene Pfau (poem by Moyshe-Leyb Halpern??)	די גאָלדענע פּאַווע [di goldene pave]	גאָלדענע פּאַווע [goldene pave] | די גאָלדענע פּאַווע [di goldene pave]					קליינקונסט-טעאַטער [kleynkunstteater]	דייטשלאַנד	4	ALIGN	261		261				
Vienna	cluster	ORG-C01224_Q01	Theatre			Jüdische Bühne um Schulim Podzamcze			quite long Hotel Stefanie (Taborstraße 12, 1020 Wien)		פּאָדזאַמטשע [podzamtche]	פּאָדזאַמטשע [podzamtche]					פּאָדזאַמטשע | פּאָדזשאַמטשע [podzamtche podzhamtche]		8								
Vienna	cluster	ORG-C01256	Theatre		yes	Ringtheater	Q441937		Schottenring 7, 1010 Wien		רינג-טעאַטער [ringteater]	רינג-טעאַטער [ringteater]					רינג טעאַטער | רינג-טעאַטער [ring teater ringteater]		3	ALIGN	124		124				
Vienna	cluster	ORG-C01279	Theatre		yes	Teater Reklam					ווינער "רעקלאַם"-טעאַטער [viner reklamteater]	ווינער "רעקלאַם"-טעאַטער [viner reklamteater]					רעקלאַם-טעאַטער [reklamteater]		1								
Vienna	cluster	ORG-C01360	Theatre							Jiddische Künstler-Spielen/ Yiddish Artists' Plays	די יודישע קינסטלער שפּילע [di yudishe kinstler shpile]	די יודישע קינסטלער שפּילע [di yudishe kinstler shpile]				פּראַטערשטראַסע [pratershtrase]	פּראַטערשטראַסע [pratershtrase]		1								
Vienna	cluster	ORG-C01387_Q05	Theatre							Yiddish Theatre	יידישן טעאַטער [eydishn teater]	יידישן טעאַטער [eydishn teater] | יידישן טעאַטער אין ווין [eydishn teater in vin]					יידישן טעאַטער [eydishn teater]	עסטרייך	7								
Vienna	cluster	ORG-C01573	Theatre							Maybe Godl Kurazh (actor)???	טעאַטער „קוראַזש“ [teater kurazh]	טעאַטער „קוראַזש“ [teater kurazh]					טעאַטער „קוראַזש“ [teater kurazh]		1								
Vienna	cluster	ORG-C01929	Theatre			Probaly Moritz Edelhofer (director)??/ Edelhofers Volksorpheum/ Leopoldstädter Orpheum			Rotensterngasse 7a, 1020 Wien		דוד עדלהאַפער [dud edlhafer]	דוד עדלהאַפער [dud edlhafer]					האָטעל 'אַרקאָ" [hotel arko]		1								
Vienna	cluster	ORG-C01946	Theatre			Wiener Kaiserliche Theater/ Burgtheater	Q109377820		Universitätsring 2, 1010 Wien		ווינער קייזערלעכן טעאַטער [viner keyzerlekhn teater]	ווינער קייזערלעכן טעאַטער [viner keyzerlekhn teater]					ווינער קייזערלעכן טעאַטער [viner keyzerlekhn teater]		1								
Vienna	cluster	ORG-C01947	Theatre			Wiener Staatsoper	Q209937		Opernring 2, 1010 Wien		ווינער אָפּערע [viner opere]	ווינער אָפּערע [viner opere]					ווינער אָפּערע [viner opere]		1								
Vienna	cluster	ORG-C02629	Theatre							Jiddische/ Jüdische Bühne Wien // Yiddish/ Jewish Stage Vienna	יידישער בינע אין ווין [eydisher bine in vin]	יידישער בינע אין ווין [eydisher bine in vin]					יידישער בינע אין ווין [eydisher bine in vin]	עסטרייך	1								
Vienna	cluster	ORG-C02630	Theatre							Deutsche Theater/ German theatres (probably the big “Assimilation stages”)	דייטשע טעאַטערס [deytche teaters]	דייטשע טעאַטערס [deytche teaters]					דייטשע טעאַטערס [deytche teaters]	עסטרייך	1								
Vienna	cluster	ORG-C02692	Theatre							Wiener Jiddische Bühne/ Vienna Yiddish Theatre	ווינער יידישער בינע [viner eydisher bine]	ווינער יידישער בינע [viner eydisher bine]							2								
Vienna	cluster	ORG-C02779	Theatre		yes	Teater Reklam					ווינער יידישן טעאַטער רעקלאַם [viner eydishn teater reklam]	ווינער יידישן טעאַטער רעקלאַם [viner eydishn teater reklam]					ווינער יידישן טעאַטער רעקלאָם [viner eydishn teater reklom]		2								
Vienna	cluster	ORG-C03006	Theatre		yes	Wiener Freie Jiddische Volksbühne	Q125212717	different addresses from 1919-1930			„פֿרייע יידישע פֿאָלקסבינע" [freye eydishe folksbine]	„פֿרייע יידישע פֿאָלקסבינע" [freye eydishe folksbine]					„פֿרייע יידישע פֿאָלקסבינע" [freye eydishe folksbine]	עסטרייך	1								
Vienna	cluster	ORG-C03058	Theatre		yes	Teater Reklam					רעקלאַם [reklam]	רעקלאַם [reklam]					רעקלאַם [reklam]		1								
Vienna	cluster	ORG-C03060_Q01	Theatre			Astor-Theater Wien			probably Praterstraße 60, 1020 Wien		אַסטאָר'-טעאַטער (ווין) [astorteater vin]	אַסטאָר'-טעאַטער [astorteater]					אַסטאָר'-טעאַטער [astorteater]		1						[finalize_qid parenthetical] renamed from 'אַסטאָר'-טעאַטער' for settlement 'ווין'. Prior notes: Cluster contains distinct Astor Theatres in Vienna and New York; no direct match in DB.		
Vienna	cluster	ORG-C03103	Theatre							Jiddisches Künstlerkabarett/ Yiddish artists' cabaret	יודיש קינצלער קאַבאַרעט [yudish kintsler kabaret]	יודיש קינצלער קאַבאַרעט [yudish kintsler kabaret]				פּראַטער שטר. 60 [prater shtr]	יודיש קינצלער קאָבאַרעט [yudish kintsler kobaret]		2								
Vienna	cluster	ORG-C03719	Theatre		yes	Probably Wiener Bürgertheater	Q1713589		Vordere Zollamtsstraße 13, 1030 Wien		אָפּערעטן-טעאַטער [operetnteater]	אָפּערעטן-טעאַטער [operetnteater]					אָפּערעטן-טעאַטער [operetnteater]	עסטרייך	2								
Vienna	cluster	ORG-C03999	Theatre		yes	Carltheater	Q877699		Praterstraße 31, 1020 Wien		דייטשן קאַרל-טעאַטער [deytchn karlteater]	דייטשן קאַרל-טעאַטער [deytchn karlteater]					קאַרל-טעאַטער [karlteater]		1								
Vienna	cluster	ORG-C04060	Theatre		yes	Wiener Freie Jiddische Volksbühne	Q125212717	different addresses from 1919-1930			„די פרייע יידישע פֿאָלקס-בינע" א"ל פֿון ברעכער און דייטש [di freye eydishe folksbine al fun brekher un deytch]	„די פרייע יידישע פֿאָלקס-בינע" א"ל פֿון ברעכער און דייטש [di freye eydishe folksbine al fun brekher un deytch]							1								
Vienna	cluster	ORG-C04301	Theatre		yes	Zum goldenen Widder		Taborstraße 36, 1020 Wien			ביים גאָלדענעם ווידער [beym goldenem vider]	ביים גאָלדענעם ווידער [beym goldenem vider]					גאַרטן [gartn]		1								
Vienna	cluster	ORG-C04830	Theatre		yes	Hotel Stefanie	Q1399214		Taborstraße 12, 1020 Wien		טעאַטער „סטעפאַניע" [teater stefanie]	טעאַטער „סטעפאַניע" [teater stefanie]							1								
Vienna	cluster	ORG-C04850	Theatre		yes	Hotel Stefanie	Q1399214		Taborstraße 12, 1020 Wien		ווינער יידישן סטעפאַניי-טעאַטער [viner eydishn stefaneyteater]	ווינער יידישן סטעפאַניי-טעאַטער [viner eydishn stefaneyteater]						עסטרייך	1								
Vienna	cluster	ORG-C04853	Theatre			Kammerspiele	Rotenturmstraße 20, 1010 Wien		Rotenturmstraße 20, 1010 Wien		קאָמערשפּילע [komershpile]	קאָמערשפּילע [komershpile]							1								
Vienna	cluster	ORG-C05107	Theatre			Verein Zion				Zion Association	פֿאַראיין „ציון“ [fareyn tsiun]	פֿאַראיין „ציון“ [fareyn tsiun]						עסטרייך	1								
Vienna	cluster	ORG-C05204	Theatre			Bayrische Hof			Taborstraße 39, 1020 Wien		בייערישן הויף [beyerishn hoyf]	בייערישן הויף [beyerishn hoyf]					בייערישן הויף [beyerishn hoyf]		1								
Vienna	cluster	ORG-C05218	Theatre		yes	Hotel Stefanie	Q1399214		Taborstraße 12, 1020 Wien		סטעפאַני-טעאַטער [stefaniteater]	סטעפאַני-טעאַטער [stefaniteater] | סטעפאַניאַ-טעאַטער [stefaniateater]					סטעפאַניע-טעאַטער [stefanieteater]		2								
Vienna	cluster	ORG-C05581	Theatre							Wiener Jiddische Bühne/ Vienna Yiddish Theatre	ווינער "יידישע בינע" [viner eydishe bine]	ווינער "יידישע בינע" [viner eydishe bine]					יידישע בינע [eydishe bine]		1								
Vienna	cluster	ORG-C05636	Theatre		yes	Wiener Freie Jiddische Volksbühne	Q125212717	different addresses from 1919-1930			פֿריוער יידישער פֿאָלקס-בינע [friuer eydisher folksbine]	פֿריוער יידישער פֿאָלקס-בינע [friuer eydisher folksbine]							1								
Vienna	cluster	ORG-C05773	Theatre		yes	Carltheater	Q877699		Praterstraße 31, 1020 Wien		ווינער קאַרלטעאַטער [viner karlteater]	ווינער קאַרלטעאַטער [viner karlteater]					ווינער קאַרלטעאַטער | ווינער קאָרל-טעאַטער [viner karlteater viner korlteater]		2								
Vienna	cluster	ORG-C05905	Theatre							Deutsche Café-Concerts/ Singspielhallen// German café-concerts / music halls	דייטשע קאָפע-שאָנטאָנען [deytche kofeshontonen]	דייטשע קאָפע-שאָנטאָנען [deytche kofeshontonen]					קאָפע-שאָנטאָנען [kofeshontonen]		1								
Vienna	cluster	ORG-C05963	Theatre							Jiddisches Kunsttheater auf Deutsch/ Yiddish Art Theatre in German	יידיש קונסט-טעאַטער אויף דייטש [eydish kunstteater oyf deytch]	יידיש קונסט-טעאַטער אויף דייטש [eydish kunstteater oyf deytch]							1								
Vienna	cluster	ORG-C05964	Theatre							Jahr nach der Bühne/ year after leaving the stage ???	יאָרנאָבינעם [yornobinem]	יאָרנאָבינעם [yornobinem]							1								
Vienna	cluster	ORG-C06109	Theatre		yes	Wiener Freie Jiddische Volksbühne	Q125212717	different addresses from 1919-1930			ווינער „פרייער פֿאָלקסבינע“ [viner freyer folksbine]	ווינער „פרייער פֿאָלקסבינע“ [viner freyer folksbine]					ווינער „פרייער פֿאָלקסבינע“ [viner freyer folksbine]		1								
Vienna	cluster	ORG-C06365	Theatre							Der goldene Pfau (poem by Moyshe-Leyb Halpern??)	גילדענע פּאָווע [gildene pove]	גילדענע פּאָווע [gildene pove]							1	ALIGN	261		261				
Vienna	cluster	ORG-C06368	Theatre							Erstes jiddisches festes literarisches Theater/ The first established Yiddish literary theatre	ערשטע יידישע סטאָבילע ליטעראָרישע טעאַטער [ershte eydishe stobile literorishe teater]	ערשטע יידישע סטאָבילע ליטעראָרישע טעאַטער [ershte eydishe stobile literorishe teater]							1								
Vienna	cluster	ORG-C06390	Theatre		yes	Zum goldenen Widder		Taborstraße 36, 1020 Wien			ביום גאָלדענען ווידער [bium goldenen vider]	ביום גאָלדענען ווידער [bium goldenen vider]					ביום גאָלדענען ווידער [bium goldenen vider]		1								
Vienna	cluster	ORG-C06397	Theatre		yes	Jiddisches Theater auf der Taborstraße 12/ Hotel Stefanie	Q1399214		Taborstraße 12, 1020 Wien		יידישן טעאַטער אויף טאָבאָר שטר. 12 [eydishn teater oyf tobor shtr]	יידישן טעאַטער אויף טאָבאָר שטר. 12 [eydishn teater oyf tobor shtr]				טאָבאָר שטר. 12 [tobor shtr]	יידישן טעאַטער [eydishn teater]		1								
Vienna	cluster	ORG-C06400	Theatre		yes	Teater Reklam					יידישן טעאַטער רעקלאָם [eydishn teater reklom]	יידישן טעאַטער רעקלאָם [eydishn teater reklom]					יידישן טעאַטער רעקלאָם [eydishn teater reklom]		1								
Vienna	cluster	ORG-C06424	Theatre							Bühne/ stage	הבמה [hbmh]	הבמה [hbmh]							1								
Vienna	cluster	ORG-C06606	Theatre		yes	Ringtheater	Q441937		Schottenring 7, 1010 Wien		דייטשן רינג-טעאָטער [deytchn ringteoter]	דייטשן רינג-טעאָטער [deytchn ringteoter]					רינג-טעאָטער [ringteoter]		1								
Vienna	cluster	ORG-C06662	Theatre							Jiddisches Künstlerkabarett/ Yiddish artists' cabaret	יידישן קינסטלער קאַבאַרעט [eydishn kinstler kabaret]	יידישן קינסטלער קאַבאַרעט [eydishn kinstler kabaret]				פּראַטער שטראַסע 60 [prater shtrase]	קאַבאַרעט [kabaret]		2								
Vienna	cluster	ORG-C06667	Theatre		yes	Hotel Stefanie	Q1399214		Taborstraße 12, 1020 Wien		סטעפאָניאַ [stefonia]	סטעפאָניאַ [stefonia]							1								
Vienna	cluster	ORG-C07283	Theatre							Professionelles jiddisches literarisches Theater/ Professional Yiddish literary theatre	פּראָפעסיאנעלע יידישע ליטעראַרישע טעאַטער [profesianele eydishe literarishe teater]	פּראָפעסיאנעלע יידישע ליטעראַרישע טעאַטער [profesianele eydishe literarishe teater]					פּראָפעסיאנעלע יידישע ליטעראַרישע טעאַטער [profesianele eydishe literarishe teater]	עסטרייך	1								
Vienna	db	124	Theatre		yes	Ringtheater	Q441937		Schottenring 7, 1010 Wien		רינג-טעאַטער [ringteater]		Vienna		Schottenring 7, Vienna	Schottenring 7, Vienna										48.215124	16.364208
Vienna	db	321	Theatre			Lit. Dram. Gesellschaft				?????			Vienna		Leopoldstadt, Vienna, Austria											48.200638	16.426895
Vienna	db	494	Theatre		yes	Volkstheater Wien	Q688555		Neustiftgasse 1, 1070 Wien		ווינער דייטשן פאָלקס-טעאַטער [viner deytchn folksteater]		Vienna		Neustiftgasse 1, Vienna							ORG-C00053				48.205366	16.356933
Vienna	db	526	Theatre							can't identify any theatre from the relevant period/ the present-day Odeon Theatre at Taborstraße 10 was not founded until the end of the 20th century	אָדאָן-טעאַטער [odonteater]		Vienna		Taborstraße 10, Vienna							ORG-C01411				48.21422	16.380167
Vienna	cluster	ORG-C00448_Q04	Theatre-related Society/ Union								יידישער אַרטיסטן-פאַריין אין ווין [eydisher artistnfareyn in vin]	יידישער אַרטיסטן-פאַריין אין ווין [eydisher artistnfareyn in vin]						עסטרייך	1								
Vienna	cluster	ORG-C00776_Q01	Theatre-related Society/ Union								יידישן אַקטיאָרן-פאַראיין אין ווין [eydishn aktiornfareyn in vin]	יידישן אַקטיאָרן-פאַראיין אין ווין [eydishn aktiornfareyn in vin] | יידישן אָקטיאָרן-פֿאַריין אין ווין [eydishn oktiornfareyn in vin]						עסטרייך	3								
Vienna	cluster	ORG-C04388	Theatre-related Society/ Union								ווינער יידישן אָרטיסט-פאַראיין [viner eydishn ortistfareyn]	ווינער יידישן אָרטיסט-פאַראיין [viner eydishn ortistfareyn]							1								
Vienna	cluster	ORG-C04728	Theatre-related Society/ Union								פֿאַראיין "שלום עליכם" [fareyn shlum elikhm]	פֿאַראיין "שלום עליכם" [fareyn shlum elikhm]					לאַגער וויזעלבורג [lager vizelburg]	עסטרייך	1								
Vienna	db	688	theatre		yes	Carltheater	Q877699		Praterstraße 31, 1020 Wien		קאַרל טעאַטער [karl teater]		Vienna		Praterstrasse 31, 1020 Vienna							ORG-C00896			Zylbercweig lexicon: Carltheater, Vienna. Address Praterstrasse 31, Leopoldstadt (2nd district). Added Settlement + Address (card had no confirmed location). Historic Vienna theatre in the Jewish Leopoldstadt district; venue for Yiddish guest performances.		