kind	id	city	miscls_theatre	duplicate	name_latin	QID	historic_address	current_address	comments
cluster	ORG-C00190_Q05	Berlin		yes	Volksbühne Berlin	Q617244	Bülowplatz	Rosa-Luxemburg-Platz, 10178 Berlin	
cluster	ORG-C00259	Berlin			Komische Oper	Q435831		Friedrichstraße 141, 10117 Berlin	
cluster	ORG-C00515_Q03	Berlin			Thalia-Theater	Q123225708		Dresdener Straße 72–73, 10179 Berlin	
cluster	ORG-C00578_Q02	Berlin							Deutsch-Yiddish
cluster	ORG-C00858	Berlin			Wintergarten	Q519956		Friedrichstraße 143–149 , 10117 Berlin	
cluster	ORG-C01369	Berlin			Theater auf der Oranienburger Straße				Perhaps connected to the Great Synagogue in the same street
cluster	ORG-C01387_Q23	Berlin							tr.: Yiddish Theatre in Berlin
cluster	ORG-C02686	Berlin			Yiddish Art Theatre	Q20769532		189 Second Avenue, New York, NY 10003	Maybe the Yiddish Art Theatre NYC???
cluster	ORG-C03189	Berlin			Kleinkunstbühne der Berliner Kultusgemeinde			Fasanenstraße 79–80, 10623 Berlin	
cluster	ORG-C03191_Q03	Berlin		yes	Yiddish Art Theatre	Q20769532		189 Second Avenue, New York, NY 10003	Probably the Yiddish Art Theatre NYC/ in Berlin: Vilner Trupe?
cluster	ORG-C03517	Berlin			Theateratelier von Hugo Baruch	Q19962046			Company for theatre sets, stage design and costumes
cluster	ORG-C03839	Berlin							tr.: Yiddish Theatre in Berlin
cluster	ORG-C03883	Berlin		yes	Volksbühne Berlin	Q617244	Bülowplatz	Rosa-Luxemburg-Platz, 10178 Berlin	
cluster	ORG-C04355	Berlin							Deutsch-Yiddish
cluster	ORG-C04740	Berlin		yes	Lessingtheater	Q261757		Kapelle-Ufer 1, 10117 Berlin	
cluster	ORG-C05044	Berlin		yes	Alexander-Theater	Q47304549		Alexanderstraße 1–3, 10178 Berlin	
cluster	ORG-C05049	Berlin			Neues Operettenhaus	Q632381		Bertolt-Brecht-Platz 1, 10117 Berlin	
cluster	ORG-C05265	Berlin		yes	Yiddish Art Theatre	Q20769532		189 Second Avenue, New York, NY 10003	Maybe the Yiddish Art Theatre NYC/ in Berlin: Vilner Trupe?
cluster	ORG-C05541	Berlin			Große Berliner Kunstausstellung	Q18624764		Alt-Moabit 2–10, 10557 Berlin	Art Exhibition
cluster	ORG-C05570	Berlin			Deutsches Operettentheater	Q60747679		Millerntorplatz, 20359 Hamburg	Probably in Hamburg
cluster	ORG-C05571	Berlin			Wallner-Theater	Q46632319		Holzmarktstraße 11–14	
cluster	ORG-C05790	Berlin			Deutsches Staatstheater	Q1206014		Strada Mărășești 2, 300086 Timișoara, Romania	Maybe in Romania??
cluster	ORG-C05791	Berlin			Jiddisches Künstlertheater Azra				unassignable
cluster	ORG-C06219	Berlin			Colosseum Berlin	Q32651446		Schönhauser Allee 123 10437 Berlin	
cluster	ORG-C06255	Berlin			Deutsches Theater	Q703955		Schumannstraße 13A 10117 Berlin	
cluster	ORG-C06258	Berlin							Probably Victor Barnowsky (Actor, theatre director and theatre manager)
cluster	ORG-C06259	Berlin							tr.: Municipal Theatre
cluster	ORG-C06265	Berlin		yes	Yiddish Art Theatre	Q20769532		189 Second Avenue, New York, NY 10003	Maybe the Yiddish Art Theatre NYC/ in Berlin: Vilner Trupe?
cluster	ORG-C06421	Berlin		yes	Lessingtheater	Q261757		Kapelle-Ufer 1, 10117 Berlin	
cluster	ORG-C06549	Berlin		yes	Alexander-Theater	Q47304549		Alexanderstraße 1–3, 10178 Berlin	
cluster	ORG-C06602	Berlin							Max Reinhardt
cluster	ORG-C06967	Berlin							The Theatre and Art Studio of Herman, Koyfman, Reynman and Hugo Baruch
cluster	ORG-C06969	Berlin							Perhaps General Jewish Workers' Union?
cluster	ORG-C07105	Berlin							Berliner Neue Bühne
db	174	Berlin		yes	Alexander-Theater	Q47304549		Alexanderstraße 1–3, 10178 Berlin	
db	237	Berlin			Elysium Theater			ul. Karowa 14/16, 00-324 Warszawa, Poland	Poland
cluster	ORG-C00186	Vienna			Jiddischer dramatischer Kreis Ferdinand Lassalle	Q75784			
cluster	ORG-C00190_Q03	Vienna		yes	Volkstheater Wien	Q688555		Neustiftgasse 1, 1070 Wien	
cluster	ORG-C00243	Vienna			Probably Orfeum-Theater/ Budapester Orpheum(-sgesellschaft)	Q1000661	different addresses from 1891-1939		
cluster	ORG-C00555	Vienna		yes	Wiener Freie Jiddische Volksbühne	Q125212717	different addresses from 1919-1930		
cluster	ORG-C00596_Q02	Vienna							Jiddisches Dramatisches Theater in Wien/ Yiddish Drama Theatre in Vienna
cluster	ORG-C00616	Vienna		yes	Hotel Stefanie	Q1399214		Taborstraße 12, 1020 Wien	
cluster	ORG-C00745	Vienna			Rolandbühne	Q22667147		Praterstraße 25, 1020 Wien	
cluster	ORG-C00747	Vienna		yes	Bürgertheater	Q1713589		Vordere Zollamtsstraße 13, 1030 Wien	
cluster	ORG-C00806	Vienna		yes	Teater Reklam				
cluster	ORG-C00871	Vienna							ein jiddisches Theater/ a Yiddish theatre
cluster	ORG-C00873_Q02	Vienna			Miniatur-Theater				
cluster	ORG-C00894	Vienna		yes	Teater Reklam				
cluster	ORG-C00896	Vienna		yes	Carltheater	Q877699		Praterstraße 31, 1020 Wien	
cluster	ORG-C00899	Vienna							Jiddische Künstler-Spielen/ Yiddish Artists' Plays
cluster	ORG-C01001	Vienna							Der goldene Pfau (poem by Moyshe-Leyb Halpern??)
cluster	ORG-C01224_Q01	Vienna			Jüdische Bühne um Schulim Podzamcze			quite long Hotel Stefanie (Taborstraße 12, 1020 Wien)	
cluster	ORG-C01256	Vienna		yes	Ringtheater	Q441937		Schottenring 7, 1010 Wien	
cluster	ORG-C01279	Vienna		yes	Teater Reklam				
cluster	ORG-C01360	Vienna							Jiddische Künstler-Spielen/ Yiddish Artists' Plays
cluster	ORG-C01387_Q05	Vienna							Yiddish Theatre
cluster	ORG-C01573	Vienna							Maybe Godl Kurazh (actor)???
cluster	ORG-C01929	Vienna			Probaly Moritz Edelhofer (director)??/ Edelhofers Volksorpheum/ Leopoldstädter Orpheum			Rotensterngasse 7a, 1020 Wien	
cluster	ORG-C01946	Vienna			Wiener Kaiserliche Theater/ Burgtheater	Q109377820		Universitätsring 2, 1010 Wien	
cluster	ORG-C01947	Vienna			Wiener Staatsoper	Q209937		Opernring 2, 1010 Wien	
cluster	ORG-C02629	Vienna							Jiddische/ Jüdische Bühne Wien // Yiddish/ Jewish Stage Vienna
cluster	ORG-C02630	Vienna							Deutsche Theater/ German theatres (probably the big “Assimilation stages”)
cluster	ORG-C02692	Vienna							Wiener Jiddische Bühne/ Vienna Yiddish Theatre
cluster	ORG-C02779	Vienna		yes	Teater Reklam				
cluster	ORG-C03006	Vienna		yes	Wiener Freie Jiddische Volksbühne	Q125212717	different addresses from 1919-1930		
cluster	ORG-C03058	Vienna		yes	Teater Reklam				
cluster	ORG-C03060_Q01	Vienna			Astor-Theater Wien			probably Praterstraße 60, 1020 Wien	
cluster	ORG-C03103	Vienna							Jiddisches Künstlerkabarett/ Yiddish artists' cabaret
cluster	ORG-C03719	Vienna		yes	Probably Wiener Bürgertheater	Q1713589		Vordere Zollamtsstraße 13, 1030 Wien	
cluster	ORG-C03999	Vienna		yes	Carltheater	Q877699		Praterstraße 31, 1020 Wien	
cluster	ORG-C04060	Vienna		yes	Wiener Freie Jiddische Volksbühne	Q125212717	different addresses from 1919-1930		
cluster	ORG-C04301	Vienna		yes	Zum goldenen Widder		Taborstraße 36, 1020 Wien		
cluster	ORG-C04830	Vienna		yes	Hotel Stefanie	Q1399214		Taborstraße 12, 1020 Wien	
cluster	ORG-C04850	Vienna		yes	Hotel Stefanie	Q1399214		Taborstraße 12, 1020 Wien	
cluster	ORG-C04853	Vienna			Kammerspiele	Rotenturmstraße 20, 1010 Wien		Rotenturmstraße 20, 1010 Wien	
cluster	ORG-C05107	Vienna			Verein Zion				Zion Association
cluster	ORG-C05204	Vienna			Bayrische Hof			Taborstraße 39, 1020 Wien	
cluster	ORG-C05218	Vienna		yes	Hotel Stefanie	Q1399214		Taborstraße 12, 1020 Wien	
cluster	ORG-C05581	Vienna							Wiener Jiddische Bühne/ Vienna Yiddish Theatre
cluster	ORG-C05636	Vienna		yes	Wiener Freie Jiddische Volksbühne	Q125212717	different addresses from 1919-1930		
cluster	ORG-C05773	Vienna		yes	Carltheater	Q877699		Praterstraße 31, 1020 Wien	
cluster	ORG-C05905	Vienna							Deutsche Café-Concerts/ Singspielhallen// German café-concerts / music halls
cluster	ORG-C05963	Vienna							Jiddisches Kunsttheater auf Deutsch/ Yiddish Art Theatre in German
cluster	ORG-C05964	Vienna							Jahr nach der Bühne/ year after leaving the stage ???
cluster	ORG-C06109	Vienna		yes	Wiener Freie Jiddische Volksbühne	Q125212717	different addresses from 1919-1930		
cluster	ORG-C06365	Vienna							Der goldene Pfau (poem by Moyshe-Leyb Halpern??)
cluster	ORG-C06368	Vienna							Erstes jiddisches festes literarisches Theater/ The first established Yiddish literary theatre
cluster	ORG-C06390	Vienna		yes	Zum goldenen Widder		Taborstraße 36, 1020 Wien		
cluster	ORG-C06397	Vienna		yes	Jiddisches Theater auf der Taborstraße 12/ Hotel Stefanie	Q1399214		Taborstraße 12, 1020 Wien	
cluster	ORG-C06400	Vienna		yes	Teater Reklam				
cluster	ORG-C06424	Vienna							Bühne/ stage
cluster	ORG-C06606	Vienna		yes	Ringtheater	Q441937		Schottenring 7, 1010 Wien	
cluster	ORG-C06662	Vienna							Jiddisches Künstlerkabarett/ Yiddish artists' cabaret
cluster	ORG-C06667	Vienna		yes	Hotel Stefanie	Q1399214		Taborstraße 12, 1020 Wien	
cluster	ORG-C07283	Vienna							Professionelles jiddisches literarisches Theater/ Professional Yiddish literary theatre
db	124	Vienna		yes	Ringtheater	Q441937		Schottenring 7, 1010 Wien	
db	321	Vienna			Lit. Dram. Gesellschaft				?????
db	494	Vienna		yes	Volkstheater Wien	Q688555		Neustiftgasse 1, 1070 Wien	
db	526	Vienna							can't identify any theatre from the relevant period/ the present-day Odeon Theatre at Taborstraße 10 was not founded until the end of the 20th century
db	688	Vienna		yes	Carltheater	Q877699		Praterstraße 31, 1020 Wien	
