Play	Page	Link	Speaker label	Full line	Choose who ▼	Notes	line_id	file
Blimele-AhronFaust1903	27	p.27	מענער קאר	מענער קאר:	קאהר (chor)		line_1649535651843_3345	0027_30805041.xml
Blimele-AhronFaust1903	27	p.27	דאמען קאר	דאמען קאר:	קאהר (chor)		line_1649535558270_3263	0027_30805041.xml
Blimele-AhronFaust1903	33	p.33	יעגער קאר	יעגער קאר: פארווערטס פארווערטס מוטהיג אויף דיא יאגד	קאהר (chor)	יעגער קאר	r_1_1l14	0033_30805047.xml
Blimele-AhronFaust1903	41	p.41	אַלע צוזאמען	אַלע צוזאמען: צוּ וֶוערֶען מִיר דֶען פֶעהִיג אֵיין מארְד צוּ בּעגעהען?	אלע (alle)		r_1_1l19	0041_30805055.xml
Di_seyder_nakht_Emkroyt_1908	65	p.65	דער שדכן	דער שדכן.	#ERROR!	דער שדכן	TextRegion_1649533891997_1934l27	0065_30808420.xml
Di_seyder_nakht_Emkroyt_1908	65	p.65	דער שדכן.	דער שדכן.	#ERROR!	דער שדכן	TextRegion_1649533891997_1934l27	0065_OTgwNjMyNTk.111102563.xml
DosYudisheHerts-1910	5	p.5	פֿרויען	פֿרויען: מיִר טְריִנְקעֶן אַלעֶ פאַר אַלעטענס געזוּנד.	#ERROR!	פרוריען	r1l21	0005_30622156.xml
DosYudisheHerts-1910	5	p.5	אַנדערע	אַנדערע: אוּן אָן אוּנז פעֶרְגעֶסְט ניִט אַצוּנד. מיִר טְריִנ⸗	#ERROR!	אנדערע	r1l23	0005_30622156.xml
DosYudisheHerts-1910	65	p.65	ראָזעלע	ראָזעלע: דאָ בּין איִך, מיין הערמאַן!	roza	צריך לאחד עם העברית (ראזע)	r1l10	0065_30622288.xml
DosYudisheHerts-1910	68	p.68	ראָזעלע	ראָזעלע: קוּם, איִך וֶועל דיִר הֶעלְפֶען זִיך אָנטהוּן, וֶועסְטוּ	roza	צריך לאחד עם העברית (ראזע)	r1l3	0068_30622313.xml
HinkePinke	5	p.5	יעגער-כאר	יעגער-כאר: צוּ דעֶר יאַגד מארשירען וויִר,	קאהר (chor)		r_3_1l4	0005_30627484.xml
KidushHashem	8	p.8	טאביאס	טאביאס : איךְ זאָג שוֹין גאָר נִישט, אִיךְ זאָג נוּר דאָס, וואָס אַלע זאָגען.	tobyas_yulye	צריך לאחד עם העברית (טאביאס)	r1l2	0008_Kidush ha-shem - operete in 5 akten - 1909 -1-BN_63.390_0001_Page_08.xml
KidushHashem	8	p.8	טאביאס:	טאביאס: דאָס וואָס איךְ זאָג... אוּן אִיך זאָג דאָס וואָס אַלע זאָגען:	tobyas_yulye	צריך לאחד עם העברית (טאביאס)	r1l4	0008_Kidush ha-shem - operete in 5 akten - 1909 -1-BN_63.390_0001_Page_08.xml
דאס_יידישע_קינד_Dos_yudishe_kind_a_komishe_operete	12	p.12	רב זִינְגְט	רב זִינְגְט:	רב (rov)		r_3_1_tl_19	0012_30804058.xml
דאס_יידישע_קינד_Dos_yudishe_kind_a_komishe_operete	12	p.12	זַיי	זַיי:	הֶענֶעלֶע (henele)	שועתק לא נכון, זי ולא זַיי	l	0012_30804058.xml
דאס_יידישע_קינד_Dos_yudishe_kind_a_komishe_operete	32	p.32	זי	זי:	הֶענֶעלֶע (henele)		l_10	0032_30804103.xml
דאס_יידישע_קינד_Dos_yudishe_kind_a_komishe_operete	32	p.32	ער	ער:	וולאדִיסלאוו (vladislav)		l_8	0032_30804103.xml
דאס_יידישע_קינד_Dos_yudishe_kind_a_komishe_operete	32	p.32	ער	ער:	וולאדִיסלאוו (vladislav)		l_4	0032_30804103.xml
דאס_יידישע_קינד_Dos_yudishe_kind_a_komishe_operete	32	p.32	זי	זי:	הֶענֶעלֶע (henele)		l_2	0032_30804103.xml
דאס_יידישע_קינד_Dos_yudishe_kind_a_komishe_operete	33	p.33	זי	זי:	הֶענֶעלֶע (henele)		l_3	0033_30804106.xml
דאס_יידישע_קינד_Dos_yudishe_kind_a_komishe_operete	33	p.33	זי	זי:	הֶענֶעלֶע (henele)		r_4_1_tl_4	0033_30804106.xml
דאס_יידישע_קינד_Dos_yudishe_kind_a_komishe_operete	33	p.33	זי	זי:	הֶענֶעלֶע (henele)		l_5	0033_30804106.xml
דאס_יידישע_קינד_Dos_yudishe_kind_a_komishe_operete	50	p.50	ער	ער:	שׁמֶערְל (shmerl)		l_1	0050_30804308.xml
דאס_יידישע_קינד_Dos_yudishe_kind_a_komishe_operete	50	p.50	זי	זי:	שׁפרִינְצֶע (shprintse)		l_2	0050_30804308.xml
דאס_יידישע_קינד_Dos_yudishe_kind_a_komishe_operete	51	p.51	ער	ער:	שׁמֶערְל (shmerl)		l_3	0051_30804319.xml
דאס_יידישע_קינד_Dos_yudishe_kind_a_komishe_operete	51	p.51	זי	זי:	שׁפרִינְצֶע (shprintse)		l_2	0051_30804319.xml
דאס_יידישע_קינד_Dos_yudishe_kind_a_komishe_operete	51	p.51	ער	ער:	שׁמֶערְל (shmerl)		l_1	0051_30804319.xml
דאס_יידישע_קינד_Dos_yudishe_kind_a_komishe_operete	51	p.51	זי	זי:	שׁפרִינְצֶע (shprintse)		l	0051_30804319.xml
דאס_יידישע_קינד_Dos_yudishe_kind_a_komishe_operete	52	p.52	ער	ער:	שׁמֶערְל (shmerl)		l_6	0052_30804338.xml
דאס_יידישע_קינד_Dos_yudishe_kind_a_komishe_operete	52	p.52	זי	זי:	שׁפרִינְצֶע (shprintse)		l_3	0052_30804338.xml
דאס_יידישע_קינד_Dos_yudishe_kind_a_komishe_operete	52	p.52	ער	ער:	שׁמֶערְל (shmerl)		l_2	0052_30804338.xml
דאס_יידישע_קינד_Dos_yudishe_kind_a_komishe_operete	52	p.52	זי	זי:	שׁפרִינְצֶע (shprintse)		l_1	0052_30804338.xml
דאס_יידישע_קינד_Dos_yudishe_kind_a_komishe_operete	52	p.52	ער	ער:	שׁמֶערְל (shmerl)		l	0052_30804338.xml