a_xml_id	b_xml_id	decision	reviewer	reviewed_at	notes	a_heading	b_heading	composite	batch
facs_30_TextRegion_1709402283554_1191	facs_35_tr_1740520972	different	Sinai	2026-05-18T11:36:59Z		אַדלער ירמיהו [גאָלדענבערג-טווערסקי]	אַדלער, קאָטיאָ [גוראַלניק]	0.7	Pseudonym candidates (208)
facs_42_tr_1740520982	facs_356_tr_1741260406	different	Sinai	2026-05-18T11:45:41Z		אייזענבערג אהרן	וויינבערג, הערי [אהרן]	0.7	Pseudonym candidates (208)
facs_272_tr_1744280722	facs_195_tr_1736589072	different	Sinai	2026-05-18T11:45:41Z		מינץ, עליע [אליהו זאַץ]	פֿרידעס, עמיל [אליהו]	0.7	Pseudonym candidates (208)
facs_304_tr_1741260491	facs_80_tr_1733059422	different	Sinai	2026-05-18T11:45:44Z		האָכבערג, רחל [אַריעל]	אַריעל, סאָניאַ [בעזמאַן]	0.7	Pseudonym candidates (208)
facs_376_tr_1741260449	facs_56_tr_1744131366	different	Sinai	2026-05-18T11:45:48Z		ווילענסקי, מערי [מרים קאַץ]	טרילינג, מאַניע (מרים)	0.7	Pseudonym candidates (208)
facs_108_tr_1740521028	facs_384_r	different	Sinai	2026-05-18T11:46:03Z		בליפעלד יצחק	זאָלאַטאַרעפסקי, איזידאָר [יצחק]	0.65	Pseudonym candidates (208)
facs_391_tr_1744366853	facs_328_tr_1754998393	different	Sinai	2026-05-18T11:46:06Z		עלגאַרד, איזידאָר (יצחק-לייב)	קרישטאָל, לעאָן [לייב]	0.65	Pseudonym candidates (208)
facs_61_tr_1740521158	facs_252_tr_1741260224	different	Sinai	2026-05-18T11:46:09Z		אַקסעלראָד ראָזאַ	גוטענטאָג, בערטאָ [אַקסעלראָד]	0.627	Pseudonym candidates (208)
facs_34_tr_1740521031	facs_203_tr_1747929008	different	Sinai	2026-05-18T11:46:12Z		אַדלער צילע	פֿיינמאַן, דיינע	0.623	Pseudonym candidates (208)
facs_338_tr_1744365800	facs_354_tr_1739222151	different	Sinai	2026-05-18T11:46:21Z		סוזאַן (צירל גאָלדענבערג]	גאָלדענבערג, אַסתר	0.618	Pseudonym candidates (208)
facs_334_tr_1739221282	facs_173_tr_1747825113	different	Sinai	2026-05-18T11:46:31Z		גאַכאַנסקי, אַברהם	אַבראַמאָוו, א. [אַברהם קאַגאָן]	0.6	Pseudonym candidates (208)
facs_130_tr_1740521104	facs_293_tr_1744280709	different	Sinai	2026-05-18T11:46:32Z		דובינסקי, יאַקאַווקע [יעקבקע ?]	מעסטעל, יעקב	0.6	Pseudonym candidates (208)
facs_249_tr_1744280757	facs_324_tr_1744365762	different	Sinai	2026-05-18T11:46:34Z		מאָשקאָוויטש משה	סאָבסיי דוד-משה	0.6	Pseudonym candidates (208)
facs_60_tr_1740521080	facs_252_tr_1741260224	different	Sinai	2026-05-18T11:46:36Z		אַקסעלראָד, אַנעטאַ [ברענער]	גוטענטאָג, בערטאָ [אַקסעלראָד]	0.6	Pseudonym candidates (208)
facs_78_tr_1740521049	facs_360_tr_1739221925	different	Sinai	2026-05-18T11:46:37Z		באָקשיצקי,לואיס [לייב]	האָלענדער לייב	0.6	Pseudonym candidates (208)
facs_280_TextRegion_1711971594244_435	facs_231_tr_1739221360	different	Sinai	2026-05-18T11:46:38Z		גראָפּער איידאַ [בריה]	בריה, ראָזאַ	0.6	Pseudonym candidates (208)
facs_320_tr_1741260426	facs_109_tr_1744279123	different	Sinai	2026-05-18T11:46:40Z		היימאַן, לואיס [לואיס הערמאַן]	לאָסטער הערמאַן	0.6	Pseudonym candidates (208)
facs_56_tr_1744131366	facs_258_r	different	Sinai	2026-05-18T11:46:43Z		טרילינג, מאַניע (מרים)	אַרלעסקאַ, מרים [אַלטוסקי]	0.6	Pseudonym candidates (208)
facs_108_tr_1733832724	facs_592_r_4	different	Sinai	2026-05-18T11:46:45Z		בליאַכער, שבתי	בליאַכער מנחם (מיטיע)	0.6	Pseudonym candidates (208)
facs_277_tr_1741260243	facs_112_tr_1733832831	different	Sinai	2026-05-18T11:46:47Z		גראָסמאַן, וו. מ. [דוד וואָלף]	נייהוייז, וואָלף	0.59	Pseudonym candidates (208)
facs_254_tr_1741260246	facs_90_tr_1744131429	different	Sinai	2026-05-18T11:46:59Z		גורעוויטש, מרים [מינאַ]	לאַטאָוויטש, בערטאַ [ביילע גורעוויטש]	0.582	Pseudonym candidates (208)
facs_60_tr_1740521087	facs_61_tr_1740521158	different	Sinai	2026-05-18T11:47:01Z		אַקסעלראָד, מיני [בלייכמאַן]	אַקסעלראָד ראָזאַ	0.58	Pseudonym candidates (208)
facs_78_tr_1740521049	facs_119_tr_1744279140	different	Sinai	2026-05-18T11:47:03Z		באָקשיצקי,לואיס [לייב]	ליאָוו, לעאָ (משה-לייב)	0.575	Pseudonym candidates (208)
facs_322_tr_1754998436	facs_423_tr_1747930553	different	Sinai	2026-05-18T11:47:04Z		שנייער, רע[כיענע רייזל פּעימאַן]	שאַפּיראָ, אַננאַ (עני)	0.557	Pseudonym candidates (208)
facs_309_r_13	facs_358_tr_1739221614	different	Sinai	2026-05-18T11:47:05Z		האַרט, אייב [אַברהם העכט]	שטיין, אַדאָלף (אַברהם)	0.55	Pseudonym candidates (208)
facs_130_tr_1740521104	facs_214_tr_1744280705	different	Sinai	2026-05-18T11:47:07Z		דובינסקי, יאַקאַווקע [יעקבקע ?]	מאָזער בנציון [יעקב הערצאָג]	0.55	Pseudonym candidates (208)
facs_205_tr_1741260267	facs_389_tr_1739715087	different	Sinai	2026-05-18T11:47:09Z		גאָלדשטיין, דזשאָן ס. [יעקב]	זאַנגער יעקב	0.55	Pseudonym candidates (208)
facs_291_tr_1741260447	facs_185_tr_1736588927	different	Sinai	2026-05-18T11:47:11Z		דזשייקאָבס, דזשייקאָב [יעקב יאָקובאָוויטש]	שעפנער, יעקב	0.55	Pseudonym candidates (208)
facs_372_tr_1744366832	facs_10_r_5	different	Sinai	2026-05-18T11:47:18Z		ספּיוואַקאָווסקי, יעקב	קאָפלער-לעמקאָוו [יעקב?]	0.55	Pseudonym candidates (208)
facs_446_tr_1755029998	facs_189_tr_1736589041	different	Sinai	2026-05-18T11:47:21Z		ירדני, מרדכי [מאָטל שערמאַן]	שאַדאָווסקי, מאַקס (מרדכי)	0.55	Pseudonym candidates (208)
facs_127_tr_1744279075	facs_41_tr_1747746159	different	Sinai	2026-05-18T11:47:22Z		ליבּליך, מאָריץ (יצחק-משה)	קאַסוואַן, איזאַק [יצחק]	0.55	Pseudonym candidates (208)
facs_268_tr_1741260225	facs_303_tr_1744365806	different	Sinai	2026-05-18T11:47:23Z		גערשאָי, מ. [משה גערשויג]	נאַדיר, משה [יצחק רייז]	0.55	Pseudonym candidates (208)
facs_127_tr_1744279075	facs_258_tr_1744280735	different	Sinai	2026-05-18T11:47:24Z		ליבּליך, מאָריץ (יצחק-משה)	מייער מאָרריס (משה)	0.55	Pseudonym candidates (208)
facs_71_tr_1733059392	facs_414_tr_1739222253	different	Sinai	2026-05-18T11:47:25Z		כאַש, יוסף	קרעמער יוסף	0.55	Pseudonym candidates (208)
facs_362_TextRegion_1710853974551_399	facs_362_TextRegion_1710853958237_371	different	Sinai	2026-05-18T11:47:27Z		וויינשטיין, [?]	וויינשטיין, בערנאַרד	0.55	Pseudonym candidates (208)
facs_317_tr_1744365780	facs_564_r_27	different	Sinai	2026-05-18T11:47:42Z		ניגער שמואל [טשאַרני]	אָגורסקי, סעם (שמואל)	0.55	Pseudonym candidates (208)
facs_119_tr_1744279140	facs_152_tr_1735651774	different	Sinai	2026-05-18T11:47:43Z		ליאָוו, לעאָ (משה-לייב)	ראָזענטאַל, לייב	0.55	Pseudonym candidates (208)
facs_266_tr_1741260236	facs_65_tr_1753681954	different	Sinai	2026-05-18T11:47:44Z		גערטלער סעם [ישראל]	ראָזענבערג ישראל	0.55	Pseudonym candidates (208)
facs_116_tr_1744279129	facs_230_tr_1739221425	different	Sinai	2026-05-18T11:47:45Z		לובריצקי, דעיוו (דוד)	בירנבוים, דוד	0.55	Pseudonym candidates (208)
facs_407_r_10	facs_452_tr_1739221802	different	Sinai	2026-05-18T11:47:46Z		ערדבערג, שמשון	שערמאַן, דוד	0.55	Pseudonym candidates (208)
facs_277_tr_1744280830	facs_399_tr_1744366854	different	Sinai	2026-05-18T11:47:47Z		מנחם (מנחם גאָלדבערג]	עפּעלבוים ב. (מנחם-בעריש)	0.55	Pseudonym candidates (208)
facs_238_tr_1739221128	facs_46_tr_1756359802	different	Sinai	2026-05-18T11:47:49Z		פֿרידמאַן, הענעך	פֿרידמאַן, יצחק	0.55	Pseudonym candidates (208)
facs_443_r_3	facs_81_r_1	different	Sinai	2026-05-18T11:47:50Z		בערגאָלסקי, יעקב (יאַשאַ)	קרייצבערג יאַשאַ [סאַקסאַנסקי]	0.55	Pseudonym candidates (208)
facs_361_tr_1744366818	facs_364_tr_1744366859	different	Sinai	2026-05-18T11:47:52Z		סעגאַל, באָריס	סעגאַלעסקאָ, מרדכי (סעגאַל)	0.55	Pseudonym candidates (208)
facs_42_tr_1740520982	facs_607_tr_1747930558	different	Sinai	2026-05-18T11:47:53Z		אייזענבערג אהרן	וויינבערג, הערי [אהרן]	0.7	Pseudonym candidates (208)
facs_363_TextRegion_1710854126127_478	facs_277_tr_1754998404	different	Sinai	2026-05-18T11:47:59Z		ווייס דזשאָן [יוסף-לייב]	קאַנער לעאָפּאָלד [לייב]	0.7	Pseudonym candidates (208)
facs_72_tr_1744131378	facs_145_tr_1733832655	different	Sinai	2026-05-18T11:48:00Z		יאָקובאָוויטש, היימאַן (חיים-נתן)	ריבאַ, הענריק [חיים]	0.65	Pseudonym candidates (208)
facs_108_r_4	facs_173_tr_1747825113	different	Sinai	2026-05-18T11:48:02Z		אַבראַמאָוו, באָריס [פּיינלאַנד]	אַבראַמאָוו, א. [אַברהם קאַגאָן]	0.623	Pseudonym candidates (208)
facs_80_tr_1733059427	facs_173_tr_1747825113	different	Sinai	2026-05-18T11:48:03Z		אַש. אַברהם [אַברהם אווערבוך]	אַבראַמאָוו, א. [אַברהם קאַגאָן]	0.618	Pseudonym candidates (208)
facs_108_tr_1744279182	facs_184_tr_1736588987	different	Sinai	2026-05-18T11:48:05Z		לאַנדוי-קלעקוי, משה	זיידערמאַן, משה	0.6	Pseudonym candidates (208)
facs_60_tr_1740521087	facs_61_tr_1740521159	different	Sinai	2026-05-18T11:48:09Z		אַקסעלראָד, מיני [בלייכמאַן]	אַקסעלראָד רחל [קאָהוט]	0.6	Pseudonym candidates (208)
facs_280_TextRegion_1711971594244_435	facs_567_r_6	different	Sinai	2026-05-18T11:48:11Z		גראָפּער איידאַ [בריה]	שילינג, ראָזאַ	0.6	Pseudonym candidates (208)
facs_333_tr_1739220896	facs_418_tr_1747930192	different	Sinai	2026-05-18T11:48:13Z		לייבאָוויטש, ציליע	ראַפֿאַלאָוויטש, חנה [לייבאָוויטש, קלאַפּ]	0.6	Pseudonym candidates (208)
facs_137_tr_1744279152	facs_418_tr_1747930192	different	Sinai	2026-05-18T11:48:15Z		לייבּאָוויטש, רייטשעל	ראַפֿאַלאָוויטש, חנה [לייבאָוויטש, קלאַפּ]	0.584	Pseudonym candidates (208)
facs_117_tr_1740520951	facs_282_tr_1741260219	different	Sinai	2026-05-18T11:48:16Z		בערגרין, יעקב [גרינבערג]	גרינבערג, יוסף	0.577	Pseudonym candidates (208)
facs_112_tr_1740521163	facs_358_tr_1739221614	different	Sinai	2026-05-18T11:48:18Z		בעל, אַדאָלף [אַברהם ביעלאָצערקאָווסקי]	שטיין, אַדאָלף (אַברהם)	0.55	Pseudonym candidates (208)
facs_130_tr_1740521104	facs_330_tr_1754998386	different	Sinai	2026-05-18T11:48:19Z		דובינסקי, יאַקאַווקע [יעקבקע ?]	מאָזער בנציון [יעקב הערצאָג]	0.55	Pseudonym candidates (208)
facs_82_tr_1744131384	facs_52_tr_1733050567	different	Sinai	2026-05-18T11:48:21Z		ים, א. [יעקב-אברהם יערוכאָמאָוויטש — י. א. מעריסאָן]	וואַקסמאַן, יעקב	0.55	Pseudonym candidates (208)
facs_382_tr_1744366861	facs_186_tr_1736588948	different	Sinai	2026-05-18T11:48:23Z		עדעלמאַן-קלעבאַנאָוואַ, ניוניע (חנה)	שערמאַן, אַננאַ [פּאָפּערנא]	0.55	Pseudonym candidates (208)
facs_268_tr_1741260225	facs_324_tr_1744365762	different	Sinai	2026-05-18T11:48:25Z		גערשאָי, מ. [משה גערשויג]	סאָבסיי דוד-משה	0.55	Pseudonym candidates (208)
facs_351_tr_1741260417	facs_97_tr_1733059493	different	Sinai	2026-05-18T11:48:26Z		ווייזענפֿריינד מוני [משולם-מאיר]	פּאַסטאָר משה [מוני] [אַברהם משה פּאַסטערנאַק]	0.55	Pseudonym candidates (208)
facs_360_TextRegion_1710852639568_206	facs_343_tr_1744365797	different	Sinai	2026-05-18T11:48:28Z		וויינפּער, ז. [זישע וויינפּערליך]	סיגעל וויליאָם (וועלוול-יצחק הערצאָג]	0.55	Pseudonym candidates (208)
facs_250_tr_1744280768	facs_185_tr_1736588943	different	Sinai	2026-05-18T11:48:32Z		מאָשקאָוויטש, נאַדיאַ [גורעוויטש]	מאָשקאָוויטש, אסתר [געליבטער, גאָטליב]	0.55	Pseudonym candidates (208)
facs_257_tr_1744280825	facs_52_r_3	different	Sinai	2026-05-18T11:48:34Z		מייזעלס קלאַראַ (פרידהאָפער]	צוקער, חיה  [קלאַראַ] [מישניעווסקאַ]	0.55	Pseudonym candidates (208)
facs_200_tr_1754841831	facs_201_tr_1754998569	different	Sinai	2026-05-18T11:48:36Z		פינקעל, לוסי	פינקעל, בעלאַ	0.55	Pseudonym candidates (208)
facs_64_tr_1740520956	facs_304_tr_1741260491	different	Sinai	2026-05-18T11:48:37Z		אַריעל, סאָניאַ [בעזמאַן]	האָכבערג, רחל [אַריעל]	0.7	Pseudonym candidates (208)
facs_60_tr_1740521087	facs_252_tr_1741260224	different	Sinai	2026-05-18T11:48:39Z		אַקסעלראָד, מיני [בלייכמאַן]	גוטענטאָג, בערטאָ [אַקסעלראָד]	0.627	Pseudonym candidates (208)
facs_34_tr_1740521039	facs_203_tr_1747929008	different	Sinai	2026-05-18T11:48:41Z		אַדלער פֿרענציס	פֿיינמאַן, דיינע	0.6	Pseudonym candidates (208)
facs_145_tr_1740521066	facs_247_tr_1747928913	different	Sinai	2026-05-18T11:48:44Z		גאָטליב, קלאַראַ [גערשאַנאָוויטש]	קאָמפּאַנעעץ, לאה [גאָטליב]	0.6	Pseudonym candidates (208)
facs_358_tr_1741260404	facs_405_tr_1755029979	different	Sinai	2026-05-18T11:48:46Z		וויינבערג, סאלטשע [שרה ליכט]	ליבערט, שרה ל. [לאה]	0.59	Pseudonym candidates (208)
facs_148_r	facs_24_tr_1756894820	different	Sinai	2026-05-18T11:48:48Z		ליליען, איזידאָר	צוקערמאַן, איזידאָר	0.571	Pseudonym candidates (208)
facs_205_tr_1741260267	facs_365_tr_1744366824	different	Sinai	2026-05-18T11:48:50Z		גאָלדשטיין, דזשאָן ס. [יעקב]	סענדלער יעקב-קאָפּל	0.55	Pseudonym candidates (208)
facs_305_tr_1744365748	facs_603_r	different	Sinai	2026-05-18T11:48:51Z		נאָזשיק, יצחק	יצחק און שרה רעכטשייד (רעכטצייט)	0.55	Pseudonym candidates (208)
facs_99_tr_1740520997	facs_266_tr_1741260236	different	Sinai	2026-05-18T11:48:53Z		בירנבוים ישראל [ישראל-איסר באָרנבוים]	גערטלער סעם [ישראל]	0.55	Pseudonym candidates (208)
facs_291_tr_1741260447	facs_72_tr_1744131378	different	Sinai	2026-05-18T11:48:54Z		דזשייקאָבס, דזשייקאָב [יעקב יאָקובאָוויטש]	יאָקובאָוויטש, היימאַן (חיים-נתן)	0.55	Pseudonym candidates (208)
facs_21_tr_1740515222	facs_81_r_7	different	Sinai	2026-05-18T11:48:56Z		אַנעד, סעם [שלמה]	באַרדיזשאַנער שלמה	0.65	Pseudonym candidates (208)
facs_48_tr_1740521125	facs_204_tr_1741260317	different	Sinai	2026-05-18T11:48:58Z		אלמי, א. [אליהו חיים שעפּס]	גאָלדקנאָפּ, אַברהם דר.	0.6	Pseudonym candidates (208)
facs_60_tr_1740521080	facs_61_tr_1740521159	different	Sinai	2026-05-18T11:49:01Z		אַקסעלראָד, אַנעטאַ [ברענער]	אַקסעלראָד רחל [קאָהוט]	0.58	Pseudonym candidates (208)
facs_108_tr_1740521024	facs_294_tr_1741260445	different	Sinai	2026-05-18T11:49:02Z		בן-אלי [מאטיאס גרינבערג]	דיימאַנדשטיין, באָריס [בערל דוואָרקין]	0.55	Pseudonym candidates (208)
facs_324_tr_1744365762	facs_143_tr_1754377592	different	Sinai	2026-05-18T11:49:04Z		סאָבסיי דוד-משה	קעסלער, דוד	0.55	Pseudonym candidates (208)
facs_350_tr_1741260476	facs_407_r_10	different	Sinai	2026-05-18T11:49:05Z		וואַרשאָווסקי, יצחק-מאיר [איסעראָווסקי]	ערדבערג, שמשון	0.623	Pseudonym candidates (208)
facs_22_tr_1740515222	facs_34_tr_1740521039	different	Sinai	2026-05-18T11:49:10Z		אַדלער דזשוליאַ	אַדלער פֿרענציס	0.55	Pseudonym candidates (208)
facs_343_tr_1744365797	facs_330_tr_1754998386	different	Sinai	2026-05-18T11:49:15Z		סיגעל וויליאָם (וועלוול-יצחק הערצאָג]	מאָזער בנציון [יעקב הערצאָג]	0.55	Pseudonym candidates (208)
facs_151_r_6	facs_366_tr_1741260406	different	Sinai	2026-05-18T11:49:18Z		גאָלדיצע	ווייסמאַן, בערנאַרדאָ	0.6	Pseudonym candidates (208)
facs_47_tr_1740521070	facs_262_tr_1744280732	different	Sinai	2026-05-18T11:49:19Z		אָלגין, מ. י., דר. [משה יוסף נאָוואָמיסקי]	מיכאַלעוויטש, ב. ּ[יוסף איזבּיצקי]	0.55	Pseudonym candidates (208)
facs_28_r	facs_91_tr_1733059445	different	Sinai	2026-05-19T17:42:36Z		שאצקי, יעקב, דר.	ניסענבוים, יעקב	0.7	Pseudonym candidates (208)
facs_300_tr_1741260426	facs_126_tr_1733832831	different	Sinai	2026-05-19T17:42:40Z		דעססער, עמאַנועל	דעססער קלאַראַ [קיילע-טויבע]	0.7	Pseudonym candidates (208)
facs_380_tr_1739715264	facs_210_tr_1739220936	different	Sinai	2026-05-19T17:42:45Z		וועטשטיין, דוד	וועטשטיין, קלאַראַ [נעכעלעס-בוקסענבוים]	0.7	Pseudonym candidates (208)
facs_100_tr_1733059460	facs_168_tr_1735652657	different	Sinai	2026-05-19T17:42:50Z		קדיש [ק. כאַש]	נחמה [ליפּשיץ, קדיש]	0.7	Pseudonym candidates (208)
facs_174_r_16	facs_535_tr_1739222170	different	Sinai	2026-05-19T17:42:54Z		לעבעדיגער דער [חיים גוטמאַן]	שריפטזעצער, לייב	0.65	Pseudonym candidates (208)
facs_400_r_2	facs_258_tr_1744280735	different	Sinai	2026-05-19T17:43:00Z		זיגלער, מאָריץ [משה בעלזער]	מייער מאָרריס (משה)	0.65	Pseudonym candidates (208)
facs_671_tr_1755030275	facs_164_tr_1735652626	different	Sinai	2026-05-19T17:43:05Z		משה שעיווער	שטאָקפעדער, אַברהם [משה]	0.65	Pseudonym candidates (208)
facs_48_tr_1740521125	facs_132_tr_1744279065	different	Sinai	2026-05-19T17:43:17Z		אלמי, א. [אליהו חיים שעפּס]	לידין, בּ. [אליהו-ברוך ליוועראַנט]	0.65	Pseudonym candidates (208)
facs_113_r_30	facs_323_tr_1754998450	different	Sinai	2026-05-19T17:43:23Z		לוּאי, דוד	שניצער לואיס [ישראל-לייב]	0.65	Pseudonym candidates (208)
facs_557_tr_1739222011	facs_11_tr_1747745181	different	Sinai	2026-05-19T17:43:27Z		אַבּעלמאַן, ציפּע (צפּורה)	אַבּעלמאַן, בעני [ברוך-משה]	0.627	Pseudonym candidates (208)
facs_83_tr_1740521018	facs_300_tr_1741260418	different	Sinai	2026-05-19T17:43:31Z		האָפנער חיים-אהרן	דעססער יאָזעף [יוסף-חיים]	0.614	Pseudonym candidates (208)
facs_57_tr_1740521103	facs_662_tr_1747931525	different	Sinai	2026-05-19T17:43:37Z		אַפּטייקער סאָפיאַ [שרה פֿריינד]	שרה און משה פֿרידמאַן	0.6	Pseudonym candidates (208)
facs_358_tr_1741260404	facs_662_tr_1747931525	different	Sinai	2026-05-19T17:43:41Z		וויינבערג, סאלטשע [שרה ליכט]	שרה און משה פֿרידמאַן	0.6	Pseudonym candidates (208)
facs_205_tr_1741260267	facs_25_tr_1756895087	different	Sinai	2026-05-19T17:43:44Z		גאָלדשטיין, דזשאָן ס. [יעקב]	מעדוועדיעוו, יעקב	0.6	Pseudonym candidates (208)
facs_184_tr_1736588987	facs_11_tr_1747745181	different	Sinai	2026-05-19T17:43:48Z		זיידערמאַן, משה	אַבּעלמאַן, בעני [ברוך-משה]	0.6	Pseudonym candidates (208)
facs_60_tr_1740521090	facs_252_tr_1741260224	different	Sinai	2026-05-19T17:43:57Z		אַקסעלראָד מאָריס [מאיר]	גוטענטאָג, בערטאָ [אַקסעלראָד]	0.6	Pseudonym candidates (208)
facs_231_tr_1744280790	facs_360_tr_1739221936	different	Sinai	2026-05-19T17:44:02Z		מאָריס (?)	לאַמפּע, מאָריס	0.6	Pseudonym candidates (208)
facs_151_r_6	facs_156_tr_1747825094	different	Sinai	2026-05-19T17:44:07Z		גאָלדיצע	ווייסמאַן, מאָריס	0.6	Pseudonym candidates (208)
facs_72_tr_1744131376	facs_72_tr_1744131378	different	Sinai	2026-05-19T17:44:13Z		יאָקוּבּאָוויטש, אַננאַ [חנה מייעראָוויטש]	יאָקובאָוויטש, היימאַן (חיים-נתן)	0.6	Pseudonym candidates (208)
facs_84_r_1	facs_430_tr_1747930458	different	Sinai	2026-05-19T17:44:19Z		יתום, לינקע (ליבּע)	קאַרליק ליבע [לינאַ]	0.6	Pseudonym candidates (208)
facs_361_tr_1744366834	facs_364_tr_1744366859	different	Sinai	2026-05-19T17:44:23Z		סעגאַל, בעטי [גליקמאַן]	סעגאַלעסקאָ, מרדכי (סעגאַל)	0.6	Pseudonym candidates (208)
facs_250_tr_1744280768	facs_568_tr_1739221634	different	Sinai	2026-05-19T17:44:29Z		מאָשקאָוויטש, נאַדיאַ [גורעוויטש]	גורעוויטש, משה לייב	0.588	Pseudonym candidates (208)
facs_277_tr_1744280830	facs_182_tr_1747825093	different	Sinai	2026-05-19T17:44:33Z		מנחם (מנחם גאָלדבערג]	גאָלדבערג אייזיק	0.577	Pseudonym candidates (208)
facs_105_tr_1747825152	facs_46_tr_1756359802	different	Sinai	2026-05-19T17:45:51Z		פֿרידמאַן, סאַראַ [שרה גלעוויצקאַ]	פֿרידמאַן, יצחק	0.577	Pseudonym candidates (208)
facs_104_tr_1747825076	facs_662_tr_1747931525	different	Sinai	2026-05-19T17:45:57Z		פֿרידמאַן, מיכל	שרה און משה פֿרידמאַן	0.577	Pseudonym candidates (208)
facs_308_tr_1744365759	facs_655_tr_1755030265	different	Sinai	2026-05-19T17:46:03Z		נאַטאַנסאָן, דזשוליוס (יוליוס, חנינא)	יודל (יוליוס) באָרענשטיין	0.575	Pseudonym candidates (208)
facs_147_tr_1740521034	facs_406_tr_1747930314	different	Sinai	2026-07-02T15:46:02Z		גאָלד, גינא [סטעפאַ גינגאָלד]	גאָלדשטיין, שמואליק	0.7	Pseudonym candidates (208)
facs_380_tr_1739715264	facs_381_r_6	different	Sinai	2026-07-02T15:46:03Z		וועטשטיין, דוד	וועטשטיין, קלאַראַ [נעכעלעס-בוקסענבוים]	0.7	Pseudonym candidates (208)
facs_309_r_13	facs_372_tr_1739222357	different	Sinai	2026-07-02T15:46:08Z		האַרט, אייב [אַברהם העכט]	קאַהאַן ישראל [אַברהם]	0.65	Pseudonym candidates (208)
facs_228_tr_1744280784	facs_369_r	different	Sinai	2026-07-02T15:46:20Z		מאַקסימאָוו, מ. (משה לאָטטע]	קאָוואַ, שלמה-לייב	0.65	Pseudonym candidates (208)
facs_152_tr_1740521014	facs_460_tr_1739221038	different	Sinai	2026-07-02T15:46:30Z		גאָלדענבורג, סעמיועל [שלום גאָלדשטיין]	קאַציזנע, אַלטער (שלום)	0.65	Pseudonym candidates (208)
facs_86_tr_1733059457	facs_189_tr_1736589045	different	Sinai	2026-07-02T15:46:36Z		האַלפּערן, אַברהם	באָנטשע [אַברהם ראָזענפעלד]	0.617	Pseudonym candidates (208)
