surname	n_mentions	n_resolved	n_ambiguous	n_unknown	n_candidates	family_cluster	hub_ids	headings
טאמאשעווסקי	126	8	118	0	4	1	HUB-D3072|HUB-D3073|HUB-D693|HUB-D845	טאָמאַשעוו[פ]סקי, באָריס [ברוך-אהרן]|טאָמאַשעווסקי, הער (הערש-יונה)|טאָמאַשעווסקי, מייק (מרדכי)|טאָמאַשעווסקי, פּנחס
אדלער	117	2	115	0	9	1	HUB-D1116|HUB-D1120|HUB-D1121|HUB-D1123|HUB-D1128|HUB-D1129|HUB-D706|HUB-D740|HUB-P-3-facs_401_tr_1755856142	אַדלער בעני|אַדלער יוזשע|אַדלער ירמיהו [גאָלדענבערג-טווערסקי]|אַדלער, דזשוליוס [יואל]|אַדלער, היימאַן [באַרטפּעלד]|אַדלער, יוליוס|אַדלער, יעקב פּ. [יעקב בן פּנחס]|אַדלער, ישראל|אַדלער, סעם
פישזאן	108	4	104	0	2	1	HUB-D3605|HUB-D3634	פישזאָן, אַברהם|פישזאָן, מישאַ [משה כאָסידמאַן]
קאמינסקי	84	1	83	0	4	1	HUB-D3610|HUB-D3612|HUB-D3613|HUB-P-2-facs_49_r_4	"טעאַטער-מוזיי א""נ פֿון אסתר-רחל קאַמינסקי ביים ייוו""א.|קאַמינסקאַ רעגינאַ|קאַמינסקי, אַברהם יצחק|קאָמינסקי, אַסתר-רחל [האַלפערן]"
קעסלער	81	3	77	1	2	1	HUB-D721|HUB-D761	קעסלער יאָזעף|קעסלער, דוד
גאלדפאדען	198	131	67	0	6	0	HUB-D1830|HUB-D1832|HUB-D1833|HUB-D1834|HUB-D804|HUB-P-1-facs_174_region_1715799875093_402	גאָלדפאַדען, וואָלף|גאָלדפֿאַדען יידל [איליאַ גאָלדענפֿאָדים]|גאָלדפֿאַדען, אַברהם [גאָלדענפֿאָדים]|גאָלדפֿאַדען, נפתלי [גאָלדענפֿאָדים]|גאָלדפֿאַדען, שמעיה [גאָלדענפֿאָדים]|געצייכנט פון אברהם גאָלדפאַדען
שווארץ	60	6	54	0	10	0	HUB-D2859|HUB-D2860|HUB-D2861|HUB-D2862|HUB-D2864|HUB-D2865|HUB-D3756|HUB-D3793|HUB-P-3-facs_343_tr_1756107174|HUB-P-3-facs_375_tr_1755856142	זיגמונד שוואַרץ|שוואַרץ פעני [גלאַזער, גרינבערג]|שוואַרץ, אַדעלאַ [פינקעלשטיין]|שוואַרץ, וויליאָם|שוואַרץ, לאה [שאַצקי]|שוואַרץ, מאַרגאַרעטאַ|שוואַרץ, מאָריס [אַברהם משה]|שוואַרץ, מאיר|שוואַרץ, מרדכי|שוואַרץ, סעם
אקסעלראד	48	0	45	3	3	1	HUB-D1133|HUB-D1204|HUB-D1206	אַקסעלראָד מאָריס [מאיר]|אַקסעלראָד, אַברהם [אַברהם יצחק]|אַקסעלראָד, מאיר
גליקמאן	52	12	40	0	5	0	HUB-D1789|HUB-D1793|HUB-D1794|HUB-D1795|HUB-D3637	גליקמאַן, יעקב|גליקמאַן, מאַרקוס|גליקמאַן, מעכעלע|גליקמאַן, עליאַס|גליקמאַן, רעניאַ (רבקה)
געביל	48	16	29	3	2	1	HUB-D1715|HUB-D1716	געביל, הערי|געביל, מאַקס [מנחם-מענדעל, נחום]
ליפאווסקי	48	23	25	0	3	1	HUB-D2319|HUB-D2320|HUB-P-5-facs_75_tr_1733059379	ליפּאָווסקאַ, אסתּר [גלאַזער, וואָלסקאַ]|ליפּאָווסקי, נחוּם|ליפּאָווסקי, סאַשאַ (שמחה)
גימפעל	66	45	21	0	3	0	HUB-D1766|HUB-D1767|HUB-D1768	גימפּעל, אַדאָלף|גימפּעל, יעקב-בער|גימפּעל, עמיל [שמואל מענדל]
רייזען	24	4	20	0	2	1	HUB-D3654|HUB-P-3-facs_355_tr_1755856094	רייזען, אַברהם|רייזען, זלמן
שאר	16	1	15	0	5	1	HUB-D1026|HUB-D2854|HUB-D2856|HUB-P-4-facs_670_tr_1755030252|HUB-P-6-facs_654_r	ווילי שאָר|ליזאַ שאָר|שאָר [שור], אַנשל|שאָר [שור], משה|שאָר יהושע-העשל
זאנדבערג	52	38	14	0	2	0	HUB-D3349|HUB-D3449	זאַנדבערג, יצחק|זאַנדבערג, משה
אשכנזי	24	12	12	0	2	0	HUB-D1184|HUB-P-1-facs_72_r_5	אַשכנזי איזידאָר [אייזיק]|אַשכנזי מירע
מיכאלעסקא	32	21	11	0	2	0	HUB-D2463|HUB-P-4-facs_672_r_1	אין אָנדענק פֿון מיכאל און אַננאַ מיכאַלעסקאָ|מיכאַלעסקאָ, מיכאל [ווייסבּלאַט]
מעערסאן	17	7	10	0	2	1	HUB-D2459|HUB-D3814	מייערסאָן, ליאָסע|מייערסאָן, מ. ל.
גאלדבערג	11	2	9	0	12	0	HUB-D1809|HUB-D1811|HUB-D1812|HUB-D1813|HUB-D1815|HUB-D1816|HUB-D1817|HUB-D1819|HUB-D1821|HUB-D3800|HUB-D788|HUB-P-7-facs_57_tr_1756359815	גאָלדבערג אייזיק|גאָלדבערג, אַברהם|גאָלדבערג, איטשע|גאָלדבערג, דיינע|גאָלדבערג, הערשל|גאָלדבערג, יעקב|גאָלדבערג, לואי|גאָלדבערג, לואיס [לייבוש]|גאָלדבערג, מאָריס|גאָלדבערג, מיכל|גאָלדבערג, נייטאָן|גאָלדבערג, סעם
וויינשטאק	11	3	8	0	2	0	HUB-D3160|HUB-D3230	וויינשטאָק, אייזיק|וויינשטאָק, יוסף
וואקסמאן	20	10	7	3	3	1	HUB-D3134|HUB-D3137|HUB-D3139	וואַקסמאַן, בערל|וואַקסמאַן, יעקב|וואַקסמאַן, מאָריס [משה דוד]
פינקעל	9	2	7	0	4	0	HUB-D1649|HUB-D3604|HUB-D700|HUB-P-3-facs_279_tr_1755674208	פינקעל, אַליעזר-דוד|פינקעל, מאָריס [משה]|פינקעל, מאיר|פינקעל, עמאַ [טאָמאַשעווסקי]
ווייסמאן	14	8	6	0	4	0	HUB-D3173|HUB-D3246|HUB-D3582|HUB-D752	ווייסמאַן, אהרן|ווייסמאַן, הערש|ווייסמאַן, מאָריס|ווייסמאַן, ראובן
מאלי	6	0	6	0	4	0	HUB-D2840|HUB-P-4-facs_659_tr_1755030149|HUB-P-5-facs_609_r|HUB-P-5-facs_618_r_1	בעני און מאָלי טראָי|מאַלי טראָי|מאַלי שטערן|סאַוּער מאַלי
שווארצבארד	10	4	6	0	2	0	HUB-P-3-facs_275_tr_1755674163|HUB-P-3-facs_283_tr_1755674200	שוואַרצבאַרד דוד|שוואַרצבאַרד, גוסטאָוו
טאנצמאן	14	9	5	0	3	0	HUB-D3675|HUB-D729|HUB-D730	טאַנצמאַן, אַברהם-יצחק|טאַנצמאַן, בערטאַ [בערלין]|טאַנצמאַן, יאָזעף
טורקאוו	5	0	5	0	5	1	HUB-D3122|HUB-D3123|HUB-D3125|HUB-P-2-facs_45_r_4|HUB-P-4-facs_388_tr_1755030259	בלומענפעלד טורקאָוו, דיאַנאַ|טורקאָוו, זיגמונט|טורקאָוו, יאָנאַס|טורקאָוו, יצחק|טורקאָוו, מאַרק
מעלצער	6	1	5	0	3	0	HUB-D2437|HUB-D2438|HUB-D865	מעלצער דזשוליוס|מעלצער, אַדאָלף|מעלצער, איזידאָר
פעלדמאן	5	0	5	0	2	0	HUB-D1629|HUB-D1630	פעלדמאַן|פעלדמאַן, אהרן
ראבינאוויטש	12	7	5	0	6	0	HUB-D2720|HUB-D2721|HUB-D3557|HUB-P-4-facs_453_tr_1755030106|HUB-P-6-facs_190_tr_1747825169|HUB-P-6-facs_63_r_13	ראַבינאָוויטש, אַברהם|ראַבינאָוויטש, הערמאַן (יאַנקל-הערש)|ראַבינאָוויטש, ישראל|ראַבינאָוויטש, לעאָן [לייבל]|ראַבינאָוויטש, ראָזאַ [טאַרנאַרוצקאַיאַ]|שלום-עליכם [שלום ראַבינאָוויטש]
ראזענבלום	8	3	5	0	2	0	HUB-D2777|HUB-D2795	ראָזענבלום [?]|ראָזענבלום אַדאָלף [אהרן]
גורעוויטש	5	0	4	1	2	0	HUB-D1938|HUB-D1943	גורעוויטש, אייזיק|גורעוויטש, משה לייב
הערשקאוויטש	9	5	4	0	3	0	HUB-D1989|HUB-D1990|HUB-D1991	הערשקאָוויטש, איציק|הערשקאָוויטש, מלך|הערשקאָוויטש, שלמה
וואלערשטיין	7	2	4	1	3	0	HUB-D3201|HUB-D3204|HUB-D3206	וואָלערשטיין, בּעני|וואָלערשטיין, היימי|וואָלערשטיין, סאול
זינגער	7	3	4	0	7	0	HUB-D1075|HUB-D2989|HUB-D3466|HUB-P-1-facs_35_tr_1740520974|HUB-P-1-facs_412_TextRegion_1710153731052_73|HUB-P-3-facs_372_r_4|HUB-P-4-facs_658_tr_1755030003	אָדעסער פֿאָלקס-זינגער מאיר גאָרבאָי [פּאַרך]|זינגער גוטשא|זינגער יעקב|זינגער, יוסף|זינגער, ישראל-יהושע|זינגער, פישל|רחל (קאָקאָ) זינגער
לערנער	4	0	4	0	4	0	HUB-D2241|HUB-D2244|HUB-P-2-facs_193_r_2|HUB-P-4-facs_659_tr_1755030151	הענרי לערנער|לערנער יוסף-יהודה|לערנער ישעיה (שבתי?)|לערנער, מאַריא [מרים ראַבינאָוויטש]
מייערסאן	23	19	4	0	2	1	HUB-D2459|HUB-D3814	מייערסאָן, ליאָסע|מייערסאָן, מ. ל.
ראקאוו	9	5	4	0	2	0	HUB-D2731|HUB-P-4-facs_47_r_2	ראַקאָוו, יוליוס (יחיאל)|ראַקאָוו, נ.
שומסקי	5	1	4	0	2	0	HUB-P-3-facs_275_tr_1755674154|HUB-P-3-facs_275_tr_1755674168	שומסקי, וואָלף (מאַרמאָר]|שומסקי, פעלאַ [כור-לאַנצמאַן]
באזשיק	3	0	3	0	3	0	HUB-D1373|HUB-P-3-facs_398_tr_1755856092|HUB-P-3-facs_399_tr_1755856127	באַזשיק, רייזל [לעוועבראווסקאַ]|באָזשיק, אַברהמלע|באָזשיק, מאַקס [באָזשיקאָווסקי]
ביילע	3	0	3	0	2	0	HUB-D1325|HUB-D1969	בלייכמאַן, בעטי [ביילע קאַץ]|האַנדפוס ביילע [אַריעל]
גינזבורג	4	1	3	0	3	0	HUB-D1775|HUB-D1776|HUB-D3497	אַרנאַלד [א. גינזבורג]|גינזבורג, חיים|גינזבורג, שאול
האכבערג	4	1	3	0	2	0	HUB-D2009|HUB-D2011	האָכבערג, מרדכי|האָכבערג, שאָול
הארט	9	6	3	0	5	0	HUB-D1974|HUB-D1976|HUB-D1977|HUB-D1978|HUB-P-5-facs_83_tr_1733059382	האַרט, אייב [אַברהם העכט]|האַרט, בערנאַרד (בער)|האַרט, הערש|האַרט, זיגמונט|האַרט, סידני [יוסף הערש]
הורוויץ	47	44	3	0	2	1	HUB-P-1-facs_312_TextRegion_1708860417410_829|HUB-P-1-facs_319_r_1	הורוויץ שאַרלאָטא [שיפרע]|הורוויץ, [האָרוויץ - הורוויטש] משה איש הלוי פּראָפעסאָר
וויינבערג	4	1	3	0	8	0	HUB-D3149|HUB-D3150|HUB-D3152|HUB-D3214|HUB-D3215|HUB-D3216|HUB-D3217|HUB-D3218	וויינבערג, דר|וויינבערג, הערי [אהרן]|וויינבערג, הערמאַן|וויינבערג, ישעיהו-דניאל [ס. ד.]|וויינבערג, משה|וויינבערג, קאַרל [חיים הערבסט]|וויינבערג, שמואל
זעליג	3	0	3	0	3	0	HUB-D3162|HUB-P-3-facs_281_tr_1755674203|HUB-P-5-facs_605_r	ווייס אַשר-זעליג|זעליג סלאָבאָדניק|שור זעליג [יוסף-אהרן אַשר-זעליג]
טשיזשיק	3	0	3	0	4	0	HUB-D1427|HUB-D1453|HUB-D1454|HUB-D1455	בונעם בדחן [בונעם משיזשיק]|טשיזשיק, יוסף|טשיזשיק, משה|טשיזשיק, עמנוּאל
יהודית	3	0	3	0	2	0	HUB-D2485|HUB-D3308	יהודית [רחל בערנשטיין]|מינקאָוואַ, יוכבד-יהודית
ליפשיץ	3	0	3	0	5	0	HUB-D2298|HUB-D2321|HUB-D2322|HUB-P-3-facs_276_tr_1755674177|HUB-P-5-facs_347_r_2	ליפשיץ [ליוושיץ], משה|ליפשיץ,|ליפשיץ, יחזקאָל דר.|ליפשיץ, יצחק|ליפשיץ, פֿריידעלע
מיטניק	3	0	3	0	2	0	HUB-D2493|HUB-D2494	מיטניק, אייק|מיטניק, לייזער
נאטאנסאן	5	2	3	0	6	1	HUB-D2372|HUB-D2544|HUB-D2545|HUB-D2546|HUB-D2547|HUB-D745	מאַגידזאָהן, איידאַ [סטאָן]|נאַטאַנזאָן, אַננאַ|נאַטאַנזאָן, דזשוליוס|נאַטאַנזאָן, טשאַרלס|נאַטאַנסאָן, אַמאַליע (נאַטאַליאָ?)|נאַטאַנסאָן, סאָניאַ (חיה-שרה)
עפשטיין	7	4	3	0	9	0	HUB-D1578|HUB-D1580|HUB-D1581|HUB-D1582|HUB-D1583|HUB-D1584|HUB-D3475|HUB-D3476|HUB-D3477	עפּשטיין, אַלטער|עפּשטיין, בנימין|עפּשטיין, הלל-לייב|עפּשטיין, זשעניע|עפּשטיין, מ.|עפּשטיין, מ. ב.|עפּשטיין, מאַרק|עפּשטיין, שכנאַ|עפשטיין, גרישאַ (יואל)
פאגעלנעסט	3	0	3	0	3	0	HUB-P-3-facs_311_tr_1755975322|HUB-P-3-facs_315_tr_1756044901|HUB-P-3-facs_315_tr_1756044903	פֿאָגעלנעסט, סעם|פֿאָגעלנעסט, פאולין [בענדער]|פֿאָגעלנעסט, פעליקס
פערלמאן	3	0	3	0	3	0	HUB-P-3-facs_129_r|HUB-P-3-facs_129_tr_1754820306|HUB-P-3-facs_130_tr_1754820307	פּערלמאַן, אסתּר|פּערלמאַן, יעקב|פּערלמאַן, מאַקס
פערלמוטער	8	5	3	0	6	0	HUB-P-1-facs_193_region_1715802361116_623|HUB-P-3-facs_130_r|HUB-P-3-facs_130_r_2|HUB-P-3-facs_132_tr_1755157157|HUB-P-3-facs_132_tr_1755157159|HUB-P-3-facs_133_tr_1755157303	דער מאַנוסקריפּט פון ג.'ס אויטאַביאָגראַפיע — אין באַזיץ פון שלום פּערלמוטער אין ניו-יאָרק|פּערלמוטער ראובן|פּערלמוטער, אַרנאָלד (אַהרל׳ע)|פּערלמוטער, אַפֿרים|פּערלמוטער, שלום|פערלמוטער, מרדכי
פרענק	4	1	3	0	6	0	HUB-D1676|HUB-D1679|HUB-D1680|HUB-D3577|HUB-D744|HUB-D767	וואָלף פרענק|פרענק בעלאַ|פרענק נייטאַן [נפתלי]|פרענק, אַברהם|פרענק, יעקב|פרענק, ע[זריאל]-נ[תן] [געב. 1863 — געשט. 1 פעברואר 1924]
ראזענבערג	12	9	3	0	7	0	HUB-D2776|HUB-D2791|HUB-D2794|HUB-P-4-facs_57_tr_1753681918|HUB-P-6-facs_106_tr_1747825134|HUB-P-6-facs_108_r|HUB-P-6-facs_186_tr_1747825065	ראָזענבערג ישראל|ראָזענבערג, אַברהם|ראָזענבערג, בערטא|ראָזענבערג, טוביה-גדליהו|ראָזענבערג, יאָזעף (יוסף-יונה)|ראָזענבערג, ישראל|ראָזענבערג, שרה (-שיינדל) [הערמאַן]
ראטשיין	3	0	3	0	2	0	HUB-P-5-facs_296_tr_1739220884|HUB-P-5-facs_446_r_2	ראָטשטיין פעליאַ|ראָטשיין, שאַיעלע
שאול	4	1	3	0	2	0	HUB-D1379|HUB-D2011	בראַנדעס, שאַול|האָכבערג, שאָול
שעהנגאלד	4	1	3	0	4	1	HUB-D2939|HUB-D710|HUB-D736|HUB-P-6-facs_255_tr_1747928944	שעהנגאַלד בעני|שעהנגאָלד אבא [אַלבערט]|שעהנגאָלד, יוסף|שעהנגאָלד, קלאַראַ
אלעקסאנדראוו	3	1	2	0	2	0	HUB-D1135|HUB-D1136	אַלעקסאַנדראָוו, אהרן|אַלעקסאַנדראָוו, ח. [וויליאָם מילער]
ארקא	3	1	2	0	3	0	HUB-D1169|HUB-D1170|HUB-D1171	אַרקאַ, יצחק|אַרקאָ פריצי|אַרקאָ, איסאַק
בוים	2	0	2	0	3	0	HUB-D1371|HUB-D3444|HUB-D728	בוים אַברהם|בוים אַלימלך|בוים יחיאָל
בנציון	2	0	2	0	2	0	HUB-D2521|HUB-D3174	וועקשטיין, בנציון|מאָזער בנציון [יעקב הערצאָג]
בערקאוויטש	7	5	2	0	5	0	HUB-D1270|HUB-D1272|HUB-D1275|HUB-D3615|HUB-D795	בערקאָוויטש, אַברהם|בערקאָוויטש, יוסף (יוזשבו)|בערקאָוויטש, יחיאָל|בערקאָוויטש, יצחק-דוב|בערקאָוויטש, לייזער
בראדסקי	2	0	2	0	2	0	HUB-D1402|HUB-P-5-facs_438_r_16	בראָדסקי, אהרן|בראדסקי
גאטליב	2	0	2	0	2	0	HUB-D1879|HUB-D928	גאָטליב, לואיס סילאַ|גאָטליב, לעאָן [לייבוש אהרן]
גאלד	5	3	2	0	5	0	HUB-D1803|HUB-D1804|HUB-D1808|HUB-D757|HUB-P-5-facs_618_r_18	גאָלד הערמאַן [הלל גורני]|גאָלד זישע [לייזגאָלד]|גאָלד, לייבוש|גאָלד, לעאָן [לייבעלע גאָלדוואָג]|וויליאַם גאָלד און פאַמיליע
גאלדמאן	2	0	2	0	2	0	HUB-D1839|HUB-D1840	גאָלדמאַן|גאָלדמאַן, דוד
גאלדשטיין	4	2	2	0	12	0	HUB-D1842|HUB-D1844|HUB-D1846|HUB-D1847|HUB-D1851|HUB-D1852|HUB-D1854|HUB-D1855|HUB-D1856|HUB-D897|HUB-P-1-facs_206_tr_1741260252|HUB-P-1-facs_207_tr_1741260336	גאָלדשטיין, איידא|גאָלדשטיין, ב. י. [ברוך]|גאָלדשטיין, בעקי [מלכה רבקה ראָזענבערג]|גאָלדשטיין, גוסטאָוו|גאָלדשטיין, דזשעני|גאָלדשטיין, זינאַ|גאָלדשטיין, יוסף|גאָלדשטיין, יעקב|גאָלדשטיין, לואיס|גאָלדשטיין, לייזער|גאָלדשטיין, שכר|גאָלדשטיין, שמואליק
גערטנער	5	3	2	0	2	0	HUB-D1753|HUB-D1755	גערטנער יאַקאָוו|גערטנער, אַדאָלף
גרינבערג	4	2	2	0	6	0	HUB-D1891|HUB-D1892|HUB-D1893|HUB-D1900|HUB-D1901|HUB-D741	גרינבערג, הענריק|גרינבערג, חיים-בצלאל|גרינבערג, יוסף|גרינבערג, יעקב|גרינבערג, סעמיועל [שמחה]|גרינבערג, צעזאַר [בצלאַל]
דבורה	2	0	2	0	2	0	HUB-D2779|HUB-P-4-facs_666_tr_1755030169	דבורה פֿאַרמאַן|ראָזענבלום דבורה
האכשטיין	2	0	2	0	2	0	HUB-D2013|HUB-D2014	האָכשטיין, הערי [כאזין]|האָכשטיין, יעקב
הענרי	2	0	2	0	2	0	HUB-D1341|HUB-P-5-facs_615_r_516	בלום הענרי [היינריך]|הענרי סאַלאָמאַן
וויינטרויב	8	6	2	0	6	0	HUB-D1050|HUB-D3161|HUB-D3233|HUB-D3236|HUB-D3238|HUB-D3450	וויינטרויב, וו.|וויינטרויב, וולאַדיסלאָוו|וויינטרויב, זיגמונט|וויינטרויב, מילטאָן|וויינטרויב-גראַף, לאה|וויינטרויבּ, משה
ווייס	3	1	2	0	6	0	HUB-D3162|HUB-D3163|HUB-D3164|HUB-D3248|HUB-D782|HUB-P-4-facs_657_tr_1755030210	ווייס אַשר-זעליג|ווייס דזשאָן [יוסף-לייב]|ווייס, ווילהעלם|ווייס, לואיס [לוי]|ווייס, ענריקאָ|יעקב און וויעראַ ווייס
ווילנער	2	0	2	0	4	0	HUB-D3266|HUB-P-1-facs_368_TextRegion_1710163037685_362|HUB-P-1-facs_375_tr_1741260389|HUB-P-2-facs_81_tr_1744131362	''ווילנער טרופּּע,,|ווילנער יידישע מלוכה-טעאַטער.|ווילנער מאַקס|ווילנער, מאַקס, ר
זאבלאצקי	2	0	2	0	2	0	HUB-D3328|HUB-D3516	זאַבלאָצקי, משה|זאַבלאָצקי, שמעון
זיידערמאן	3	0	2	1	4	0	HUB-D1005|HUB-D3359|HUB-D3378|HUB-D3379	זיידערמאַן, [?]|זיידערמאַן, דוד|זיידערמאַן, האַרי|זיידערמאַן, משה
זילבערמאן	12	10	2	0	3	0	HUB-D3399|HUB-D701|HUB-P-1-facs_407_r_2	זילבּערמאַן, קאַרל|זילבערמאַן, מאָריס, דר|זילבערמאַן, משה
לאנדא	2	0	2	0	2	0	HUB-D2195|HUB-P-5-facs_438_r_15	לאַנדאָ, יחיאל|לאנדאָ שמעון,
ליבערמאן	2	0	2	0	2	0	HUB-D2279|HUB-D2289	ליבּערמאַן, אברהם|ליבּערמאַן, משה
לעווין	3	1	2	0	6	0	HUB-D2256|HUB-D2258|HUB-D2261|HUB-D2262|HUB-D2263|HUB-D904	לעווין, אַברהם|לעווין, דוד|לעווין, הערי (הערשל)|לעווין, ז.|לעווין, נייטאן|לעווין, שמואל
מעדאוו	2	0	2	0	2	0	HUB-D2425|HUB-P-4-facs_661_tr_1755030261	מאָריס מעדאָוו|מעדאָוו, דייוויד
מעסטעל	2	0	2	0	3	0	HUB-D2450|HUB-D920|HUB-D984	מעסטעל, יעקב|מעסטעל, יצחק (=יונה)|מעסטעל, מאיר
נאטאנזאן	2	0	2	0	2	1	HUB-D2546|HUB-D745	נאַטאַנזאָן, דזשוליוס|נאַטאַנזאָן, טשאַרלס
נפתלי	4	2	2	0	3	0	HUB-D1415|HUB-D1916|HUB-D2943	בוכוואַלד נפתלי|גראָס נפתלי|שראַגע, אַדאָלף [נפתלי-יהושע]
סארא	2	0	2	0	2	0	HUB-D1770|HUB-D3424	גינטער סאַראַ מייסטערמאַן]|זובאַק סאַראַ
פאלאנסקי	2	0	2	0	2	0	HUB-D2673|HUB-P-3-facs_28_tr_1752653010	פּאָלאַנסקי, חיים|פאָלאנסקי, חיים
פאליא	4	2	2	0	3	0	HUB-D1187|HUB-D3207|HUB-D3578	אַש-אַווערבוך פּאָליאַ [פּעסיע זילבערשטיין]|אייזיק און פּאָליאַ פינקעלשטיין|וואַלטער פּאָליאַ [שריידער]
פאסטערנאק	3	1	2	0	2	0	HUB-P-3-facs_33_tr_1752653026|HUB-P-3-facs_34_tr_1752653017	פּאַסטערנאַק, ווילי|פאָסטערנאַק, הנינא
פארבער	2	0	2	0	3	0	HUB-P-4-facs_652_tr_1755030209|HUB-P-4-facs_653_tr_1755030266|HUB-P-5-facs_610_r_262	מאַניאַ פֿאַרבער|מאָריס און מאַניאַ פֿאַרבער|מאָריס פֿאַרבער
פוקס	3	1	2	0	2	0	HUB-D1710|HUB-P-3-facs_20_tr_1752653050	פאָטאַש-פוקס, ריקודה|פוקס, יעקב
פיניע	2	0	2	0	2	0	HUB-D1734|HUB-D3388	געדולד פיניע|זיגלבוים, פיניע
פריזאמענט	3	1	2	0	3	0	HUB-P-3-facs_147_tr_1754213832|HUB-P-3-facs_148_tr_1754213818|HUB-P-3-facs_148_tr_1754213822	פריזאַמענט, יעקב|פריזאַמענט, משה|פריזאַמענט, שלמה
פריימאן	5	3	2	0	2	0	HUB-D1683|HUB-D1686	פֿריימאַן, אַדאָלף|פֿריימאַן, לואיס [לייזער געניוק]
פרענציס	5	3	2	0	3	0	HUB-D1119|HUB-D3232|HUB-P-2-facs_356_r	אַדלער פֿרענציס|וויינטרויב, פֿרענציס [פייגע]|סינקאָף, פרענציס [שאַפּיראָ]
צבי	2	0	2	0	2	0	HUB-D1255|HUB-D1305	ביקעלס-שפּיצער, צבי דר.|צבי בן-מנחם
קוסטין	2	0	2	0	2	0	HUB-P-3-facs_326_tr_1756057710|HUB-P-3-facs_332_tr_1756058884	קוסטין, סאַלאָמאַן [שלמה]|קוסטין, סאָניאַ [קאָמפּאַנעעין]
קופערמאן	4	2	2	0	4	0	HUB-D2170|HUB-D2171|HUB-P-4-facs_354_tr_1754998468|HUB-P-5-facs_271_tr_1739221101	סעמועל קופּערמאַן|קופּערמאַן, לעאָן (ישעיה-אַריה)|קופּערמאַן, סאַמועל
קורץ	3	1	2	0	2	0	HUB-D3552|HUB-D3553	קורץ, אַברהם|קורץ-סמאַרגאַנסקאַ, מוסיאַ [לאַנגמאַן]
ראזען	2	0	2	0	5	0	HUB-D2773|HUB-D3558|HUB-D3782|HUB-P-3-facs_373_tr_1755856146|HUB-P-6-facs_663_r_2	נתן פּ. ראָזען|ראָזען, אַברהם, דר.|ראָזען, לאה|ראָזען, מאַקס [מאַנעס ראָזענצווייג]|ראָזען, שמחה
ראזענפעלד	3	1	2	0	3	0	HUB-D1352|HUB-D2799|HUB-D946	באָנטשע [אַברהם ראָזענפעלד]|ראָזענפעלד, יונה|ראָזענפעלד, מאָריס [משה יעקב, אַלטער]
שעכטער	2	0	2	0	3	0	HUB-D2844|HUB-D2845|HUB-D2915	שעכטער אהרן|שעכטער לעאָן|שעכטער, עמנואל
אבעלמאן	2	1	1	0	2	0	HUB-D1097|HUB-P-6-facs_11_tr_1747745181	אַבּעלמאַן, בעני [ברוך-משה]|אַבּעלמאַן, מרדכי
אבראמאוויטש	2	1	1	0	3	0	HUB-D1108|HUB-D1109|HUB-D694	אַבראַמאָוויטש, איזאַק|אַבראַמאָוויטש, חיים|אַבראַמאָוויטש, מאַקס (מענדל)
אברהם	19	16	1	2	2	0	HUB-D1552|HUB-P-4-facs_664_tr_1755030050	אַברהם עדעלמאַן|אייסען אַברהם, דר.
איווא	1	0	1	0	2	0	HUB-D3406|HUB-P-5-facs_618_r_15	איוואַ ביילאָוויץ|זימאַנד איווא [חוה-אסתר שטייסל]
אייזענשטאט	1	0	1	0	3	0	HUB-D1607|HUB-D1608|HUB-D3496	אייזענשטאַט, מרדכי|אייזענשטאַט, מרים|אייזענשטאַרק, שלמה
איציק	1	0	1	0	2	0	HUB-D1982|HUB-D1989	העלער איציק [הערשקאָוויטש]|הערשקאָוויטש, איציק
אסקאר	3	2	1	0	2	0	HUB-D2600|HUB-D3641	אָסקאַר יוליוס [אייזענבעט]|קאַרטאָזשינסקי, אָסקאַר [אשר]
אפעל	1	0	1	0	2	0	HUB-D1164|HUB-D1165	אַפּעל, מאָריס [אַפּעלאויג]|אָפּעל, איזידאָר [יאַפּקאָ]
באיארסקי	1	0	1	0	2	0	HUB-D791|HUB-P-3-facs_331_tr_1756058522	באָיארסקי-באָגאָרט, רפֿאל|צוקערבערג-זילבערצווייג, צילע [טשיפּע באָיאָרסקי, צילע סילווער]
באסיע	1	0	1	0	2	0	HUB-D2290|HUB-P-5-facs_271_tr_1739221089	ליבּגאָלד בּאַסיע|ליבגאָלד, באַסיע
בורשטיין	5	3	1	1	3	0	HUB-D1431|HUB-D1432|HUB-D1433	בורשטיין, ה.|בורשטיין, פּסח|בורשטין, משה
בימקא	4	3	1	0	2	0	HUB-D1307|HUB-P-4-facs_653_tr_1755030263	בימקאַ פֿישל|לאָניאַ בימקאָ
בירנבוים	3	2	1	0	6	0	HUB-D1309|HUB-D1312|HUB-D1314|HUB-D1317|HUB-P-1-facs_100_tr_1740521004|HUB-P-3-facs_271_tr_1755674157	אָרזשעווסקאַיאָ, אַסתר [סניעגאָוו]|בירנבוים (נחום) נתן, דר.|בירנבוים מ.|בירנבוים, דוד|בירנבוים, יוסף|בירנבוים, לואיס [יעקב לייב]
בלאק	1	0	1	0	2	0	HUB-P-1-facs_103_r_2|HUB-P-6-facs_466_tr_1747930136	בלאַק יעטאַ|בלאָק[ך] יעטע
בער	1	0	1	0	2	0	HUB-D2032|HUB-D3459	בער(ע)נשטיין, ש.|האָראָוויץ, בער
בערגמאן	3	2	1	0	2	0	HUB-D1266|HUB-D3499	בערגמאַן, איציק-מענדל|בערגמאַן, יואל
בערדיטשעווסקי	1	0	1	0	2	0	HUB-D1258|HUB-D1259	בערדיטשעווסקי, כן-ציון [בערדיטשעווער]|בערדיטשעווסקי, מיכה יוסף
בערמאן	9	8	1	0	3	0	HUB-D1277|HUB-D1278|HUB-D1279	בערמאַן, אַדאָלף|בערמאַן, הענרי [הענעך ביילי]|בערמאַן, הערמאַן
גיטל	1	0	1	0	2	0	HUB-D3025|HUB-P-5-facs_607_tr_1739222282	גיטל טעפּער|שטיין, גיטל
גראדנער	29	28	1	0	3	0	HUB-D1907|HUB-D2796|HUB-D900	גראָדנער יידישע טעאַטער געזעלשאַפט|גראָדנער ישראל [ראָזענפעלד?]|גראָדנער, א. [אַברהם יעקב חאַש-אַבראַמאָוו]
גראסמאן	6	5	1	0	7	0	HUB-D1919|HUB-D1920|HUB-D1921|HUB-D1922|HUB-D1924|HUB-D1925|HUB-D1927	גראָסמאַן, אוירווינג [יצחק לייב]|גראָסמאַן, דזשאָזעף מ.|גראָסמאַן, וו. מ. [דוד וואָלף]|גראָסמאַן, יעקב|גראָסמאַן, סעמועל ב.|גראָסמאַן, פאַוועל|גראָסמאַן, שלמה
גרובער	1	0	1	0	2	0	HUB-P-3-facs_272_tr_1755674151|HUB-P-3-facs_345_r	גרובער דזשעי(יהושע)|גרובער מירעלע
דאווידאוו	1	0	1	0	2	0	HUB-D3820|HUB-P-5-facs_438_r_3	דאָווידאָוו, דאָוויד,|דאָווידאָוו, דוד [ראַציק]
דאווידזאן	1	0	1	0	3	0	HUB-D1477|HUB-D1478|HUB-D2389	דאַווידזאָן, מיכל|דאָווידזאָהן, אפֿרים|מאַרגאָלעס-דאַווידזאָן, חיים-[משה יואל]
דזשוליא	1	0	1	0	2	0	HUB-D1122|HUB-D3143	אַדלער דזשוליאַ|וואַראַדי דזשוליאַ [יהודית האָבערמאַן]
דזשייקאבסאן	1	0	1	0	4	0	HUB-D2053|HUB-D2054|HUB-D2055|HUB-D809	דזשייקאָבּסאָן, דזשייקאָבּ|דזשייקאָבסאָן, אוירווינג|דזשייקאָבסאָן, היימי [חיים-מענדל]|דזשייקאָבסאָן, יוסף [יאַקאָבזאַן]
האפמאן	1	0	1	0	4	0	HUB-D2016|HUB-D2017|HUB-P-4-facs_656_tr_1755029862|HUB-P-5-facs_602_tr_1739222225	האָפמאַן אַברהם|האָפמאַן, [?]|האָפמאַן, לעאָן|מינאַ האָפמאַן
האראוויץ	1	0	1	0	3	0	HUB-D2031|HUB-D2032|HUB-P-3-facs_325_tr_1756057604	האָראָוויץ, אַזיאַס [יהושע]|האָראָוויץ, איציקל|האָראָוויץ, בער
הירשביין	56	54	1	1	2	1	HUB-D2006|HUB-D2275	הירשביין, פרץ|הירשביין-טרופּע
הערמאלין	3	1	1	1	2	0	HUB-D1984|HUB-D1985	הערמאַלין, משה|הערמאָלין, דוד-משה
הערשעלע	1	0	1	0	2	0	HUB-D1988|HUB-P-6-facs_392_r	הערשעלע [הערשעלע דאָניעלעוויטש]|הערשעלע אַסטראָפאָלער
וואסערמאן	1	0	1	0	2	0	HUB-D3210|HUB-P-4-facs_658_tr_1755030000	הענעלע וואַסערמאַן|וואַסערמאַן, יעקב
וויינבלאט	3	2	1	0	3	0	HUB-D3219|HUB-D713|HUB-P-1-facs_356_r	וויינבלאַט, טשאַרלס [קלמן]|וויינבלאַט, ישראל [וואורצל]|וויינבלאַט, סאַבינאַ
וויליאם	2	1	1	0	2	0	HUB-D3393|HUB-P-5-facs_618_r_18	וויליאַם גאָלד און פאַמיליע|זיגענלויב, וויליאם [וואָלף]
זאבאלינסקי	1	0	1	0	2	0	HUB-D3330|HUB-D3331	זאַבאָלינסקי, יוסף|זאָבאָלינסקי, זעליג
זאק	1	0	1	0	2	0	HUB-D3337|HUB-D3338	זאַק, שעפטל|זאָק, אַברהם
זוסמאן	3	2	1	0	2	0	HUB-D2881|HUB-D3434	זוסמאַן, יוסף-אַבא|סעגאַלאָוויטש, זוסמאַן
זילבערצווייג	4	3	1	0	4	0	HUB-D3439|HUB-D3440|HUB-P-3-facs_331_tr_1756058522|HUB-P-5-facs_614_r_3	זילבּערצווייג, זלמן|זילבּערצווייג, נתן|צוקערבערג-זילבערצווייג, צילע [טשיפּע באָיאָרסקי, צילע סילווער]|צילע (באַיאָרסקאָ) זילבערצווייג
זילבערשטיין	1	0	1	0	2	0	HUB-D3400|HUB-D3401	זילבערשטיין, בייניש|זילבערשטיין, משה
טעפנער	1	0	1	0	2	0	HUB-D3059|HUB-D3060	טעפנער, אַדאָלף|טעפנער, וואָלף
יאקאוו	1	0	1	0	2	0	HUB-D1755|HUB-P-5-facs_438_r_4	גערטנער יאַקאָוו|זעלדיטש יאקאוו
יאקובאוויטש	6	5	1	0	7	0	HUB-D2048|HUB-D2049|HUB-D3291|HUB-D3293|HUB-D3294|HUB-D3295|HUB-P-2-facs_73_r	יאַקוּבּאָוויטש, לאָלאַ [סאלפיש]|יאַקוּבּאָוויטש, לייזער|יאַקובּאָוויטש א. ל.|יאַקובאָוויטש, יעקב|יאָקוּבּאָוויטש, אַננאַ [חנה מייעראָוויטש]|יאָקובאָוויטש, היימאַן (חיים-נתן)|יאָקובאָוויטש, ליאָשאַ
יאשא	2	1	1	0	4	0	HUB-D1268|HUB-D2154|HUB-D3298|HUB-D3625	בערגאָלסקי, יעקב (יאַשאַ)|גלעזער יאַשאַ|יאַנקאָ יאַשאַ [מעיטעס]|קרייצבערג יאַשאַ [סאַקסאַנסקי]
יידל	1	0	1	0	2	0	HUB-D1834|HUB-D3602	גאָלדפֿאַדען יידל [איליאַ גאָלדענפֿאָדים]|דובינסקי, יידל
לאנדוי	1	0	1	0	5	0	HUB-D2185|HUB-D2187|HUB-D2188|HUB-D2189|HUB-D3627	לאַנדוי דר. לייב|לאַנדוי, זישע|לאַנדוי, יהוּדה-לייבּ דר.|לאַנדוי- [לאַנדאָ] קלעקוי שמואל|לאַנדוי-קלעקוי, משה
לואי	2	1	1	0	2	0	HUB-D2359|HUB-D3622	"בראַנדט, לואי [„מאָטעלע""]|לואי, דוד"
לוסי	2	1	1	0	2	0	HUB-D1648|HUB-P-4-facs_660_tr_1755030253	לוסי לאַנג-ראָבינס (1888-1962)|פינקעל, לוסי
לייוויק	28	27	1	0	2	1	HUB-D1439|HUB-D2229	כאַנוקאָוו, לייוויק|לייוויק, ה. [לייוויק האַלפּער]
לעוו	2	1	1	0	3	0	HUB-D3374|HUB-P-3-facs_350_tr_1756108023|HUB-P-3-facs_37_tr_1752653028	זעווין, לעוו|לעוו, זיגמונט [אש-זעליג]|פולווער לעוו
לעווי	1	0	1	0	2	0	HUB-D2271|HUB-D816	ליוויי, מאַקס|לעווי זשאַק
מאטעלע	1	0	1	0	2	0	HUB-D2177|HUB-D3622	"בראַנדט, לואי [„מאָטעלע""]|קוציק מאָטעלע"
מאשקאוויטש	51	50	1	0	5	1	HUB-D2512|HUB-D2514|HUB-D2515|HUB-D2518|HUB-D3526	מאָשקאָוויטש משה|מאָשקאָוויטש, איטשע מאיר|מאָשקאָוויטש, יאָסעלע|מאָשקאָוויטש, מאַקס|מאָשקאָוויטש, מאָריס
מושקאט	1	0	1	0	2	0	HUB-D2525|HUB-D2526	מושקאַט, מאַקס [מאַריאַן]|מושקאָט, חיים-אַליעזר
מילער	3	2	1	0	5	0	HUB-D2474|HUB-D2475|HUB-D2477|HUB-D3457|HUB-P-4-facs_662_tr_1755029947	דזשוליוס און בערטאָ מילער|מילער דזשעימז אַלבערט|מילער היימאַן (?)|מילער הערי [הערש מאָלעטץ]|מילער, בוזי
מענדעלסאן	3	2	1	0	2	0	HUB-D2443|HUB-D2444	מענדעלסאָן, דזשאָזעף|מענדעלסאָן, שלמה [קייאָווסקי]
ניומאן	1	0	1	0	2	0	HUB-P-3-facs_374_tr_1755856111|HUB-P-4-facs_662_tr_1755029946	בראָניאַ ניומאַן|ניומאַן (ניימאַן], יעקב
ניימאן	2	1	1	0	4	0	HUB-D2561|HUB-D2562|HUB-D2563|HUB-D3809	ניימאַן, אברהם [בּאַראַקאַן]|ניימאַן, אהרן|ניימאַן, יחזקאל-משה|ניימאַן, יצחק
סאדיגורסקי	2	1	1	0	2	0	HUB-D2819|HUB-D2821	סאַקס, מיכאַאיל [סאַדייגורסקי]|סאָדיגורסקי, בנימין
סימאוויטש	1	0	1	0	2	0	HUB-D2984|HUB-D715	סימאָוויטש, אַברהם|סימאָוויטש, שלום
סעגאלעסקא	35	33	1	1	4	0	HUB-D2875|HUB-D2876|HUB-D2877|HUB-D2878	סעגאַלעסקאָ, אַלבערט|סעגאַלעסקאָ, אַמאַליע (מלכה)|סעגאַלעסקאָ, חיים-מאיר|סעגאַלעסקאָ, מרדכי (סעגאַל)
ספעקטאר	5	4	1	0	3	0	HUB-D781|HUB-P-5-facs_617_r|HUB-P-5-facs_617_r_3	חנה ספּעקטאָר|ספעקטאָר לעאָן|שושנה ספעקטאָר-גרינבערג
עווא	1	0	1	0	2	0	HUB-D1201|HUB-D2948	אוואכער עוואַ [חוה ליטווין]|שטאָקפעדער עוואַ חוה]
עלזא	1	0	1	0	2	0	HUB-D1512|HUB-D3806	דאָרף, עלזאַ|עלזא
פאול	2	1	1	0	3	0	HUB-D2306|HUB-P-3-facs_15_tr_1752653013|HUB-P-3-facs_16_r	לימאַן, פאול [לייבאָוויטש]|פּאול, ה.|פאול, יוסף
פאולין	1	0	1	0	2	0	HUB-P-3-facs_315_tr_1756044901|HUB-P-4-facs_658_tr_1755030002	פאַולין ווהייטמאַן|פֿאָגעלנעסט, פאולין [בענדער]
פאולינא	3	2	1	0	4	0	HUB-D1831|HUB-D2968|HUB-D3166|HUB-D718	גאָלדפֿאַדען פאַולינע [פּאָליע ווערבעל]|ווייס פּאַולינאַ|סיפצער פּאַולינאַ|עדעלשטיין, פאולינאַ [פינקעלשטיין]
פאכלער	2	1	1	0	2	0	HUB-P-3-facs_313_tr_1756043360|HUB-P-3-facs_313_tr_1756043369	פֿאַכלער ראָזאַ|פֿאַכלער, דוד
פאלעי	2	1	1	0	2	0	HUB-P-3-facs_29_tr_1752653006|HUB-P-3-facs_32_r_2	פּאַלעי, דזשייקאָב|פאַליי יאָהאַן (יונה)
פייגע	1	0	1	0	2	0	HUB-D2247|HUB-D3232	וויינטרויב, פֿרענציס [פייגע]|לעוואנדאָ פֿייגע [לעווין]
פיינמאן	52	51	1	0	4	0	HUB-D714|HUB-P-5-facs_616_r|HUB-P-6-facs_166_tr_1747825168|HUB-P-6-facs_192_tr_1747825120	בעלאַ פֿיינמאַן|פיינמאַן, זיגמונד|פֿיינמאַן, לילי [לאה]|פֿיינמאַן-טעאַטער („טעמפּל')
פיעקארניק	1	0	1	0	2	0	HUB-P-3-facs_115_r|HUB-P-3-facs_115_tr_1753726022	פּיעקאַרניק, יעקב|פּיעקאַרניק, רוזשאַ (טאַרקעוויטש]
פישמאן	3	2	1	0	5	0	HUB-D1660|HUB-D1661|HUB-D1664|HUB-P-3-facs_274_tr_1755674141|HUB-P-3-facs_348_tr_1756107767	פישמאַן, בערנאַרד|פישמאַן, הערי [הערשל]|פישמאַן, יוסף|פישמאַן, יעקב ש. ע|פישמאַן, סילוויאַ
פישער	2	1	1	0	4	0	HUB-D1650|HUB-D1654|HUB-D1655|HUB-D1658	פישער יעקב|פֿישער סאַמועל (שאול-פּנחס)|פֿישער, אַברהם-אַליעזר|פֿישער, הערמאַן
פלאוונער	1	0	1	0	2	0	HUB-P-3-facs_126_tr_1754820315|HUB-P-3-facs_126_tr_1754820316	פּלאַוונער, מענדל|פּלאַוונער, רבקה׳לע [רעגינע בערגער]
פרויקע	1	0	1	0	2	0	HUB-D3013|HUB-P-3-facs_15_tr_1752653017	סאָראָקין, פרויקע|פֿאָדלובני פרויקע (אפרים)
פרידמאן	8	7	1	0	12	0	HUB-D1691|HUB-D1692|HUB-D1693|HUB-D1694|HUB-D1695|HUB-D1696|HUB-D1701|HUB-D1702|HUB-D3493|HUB-D3539|HUB-P-3-facs_400_tr_1755856074|HUB-P-6-facs_269_tr_1747928912	פרידמאַן, אַלבערט [וועלוול-אַלטער]|שעיווער לאַזאַראָוו, עמאַ|פֿרידמאַן יצחק-אייזיק, הרב|פֿרידמאַן, [?]|פֿרידמאַן, בצלאַל|פֿרידמאַן, הענעך|פֿרידמאַן, יצחק|פֿרידמאַן, לייב|פֿרידמאַן, מיכל|פֿרידמאַן, פעליקס (פישל)|פֿרידמאַן, רובין (מאיר רובין]|פֿרידמאַן, פֿייוועלע
צווערלינג	1	0	1	0	2	0	HUB-D3436|HUB-P-3-facs_349_tr_1756107920	צווערלינג, יעטאַ|צווערלינג, סעמיועל
צוקערבערג	2	1	1	0	3	0	HUB-D3427|HUB-P-3-facs_330_tr_1756058354|HUB-P-3-facs_331_tr_1756058522	צוקערבערג, הערשל|צוקערבערג, לעאָן (לייבל)|צוקערבערג-זילבערצווייג, צילע [טשיפּע באָיאָרסקי, צילע סילווער]
קאהאן	1	0	1	0	5	0	HUB-D3818|HUB-D883|HUB-P-3-facs_336_tr_1756105932|HUB-P-4-facs_669_tr_1755030279|HUB-P-6-facs_459_tr_1747930174	דזשעק קאַהאַן|קאַהאַן ישראל [אַברהם]|קאַהאַן, אב [רהם]|קאַהאַן, לאַזאַר|קאַהאַן, סאָלאָמאָן [שלמה]
קאהן	1	0	1	0	3	0	HUB-D1460|HUB-D842|HUB-P-3-facs_337_tr_1756106065	מאָריסאָן, מאָריטץ [משה קאָהן]|קאָהן, דזשייקעלע [יעקב]|קאָהן, ס. ה. [נודעלמאַן]
קאמפאנעעץ	38	37	1	0	2	0	HUB-D1019|HUB-D2131	קאָמפּאַנעעץ, אַבא|קאָמפּאַנעעץ, ישראל
קאן	3	2	1	0	2	0	HUB-D2134|HUB-D3545	קאָן, מאָטל|קאָן, שלמה
קאץ	3	2	1	0	3	0	HUB-D2093|HUB-D3546|HUB-P-5-facs_593_r_12	קאַץ,|קאַץ, בן-ציון|קאַץ, זישע
קארלאס	1	0	1	0	2	0	HUB-D2085|HUB-P-5-facs_593_r_26	קאַרלאָס, ג. א.|קאַרלאָס, מישע,
ראוז	1	0	1	0	2	0	HUB-P-5-facs_618_r_9|HUB-P-6-facs_178_tr_1747825078	ראַוז און מענדל קראוט|ראוז, דזשעין [צוקערמאַן]
ראזענטאל	4	3	1	0	10	0	HUB-D2782|HUB-D2784|HUB-D2800|HUB-D3559|HUB-D569|HUB-D858|HUB-P-3-facs_318_tr_1756045383|HUB-P-3-facs_343_tr_1756107173|HUB-P-4-facs_41_r_2|HUB-P-7-facs_34_r	גבריאל ראָזענטאָל|ראָזענטאַל, יאַשאַ [יעקב-בער]|ראָזענטאַל, לייב|ראָזענטאַל, מאַקס|ראָזענטאַל, נייטן (נחום]|ראָזענטאַל, סאַבינאַ|ראָזענטאַל, ראָמאַן|ראָזענטאָל, באָריס|ראָזענטאָל, סאַשאַ (שמעיה פישנאָוו)|ראָזענטאָל, קלאַראַ
ראזענצווייג	1	0	1	0	3	0	HUB-D1295|HUB-D2802|HUB-P-3-facs_351_tr_1756108349	ביאָלקאָוויטש, חנה [ראָזענצווייג]|ראָזענצווייג, ראוז-לי|ראָזענצווייג, רעגינאַ
ראטמאן	3	2	1	0	2	0	HUB-D3648|HUB-P-3-facs_284_tr_1755674196	ראַטמאַן, כנימין|ראָטמאַן, אייזיק
ראטשטיין	13	12	1	0	3	0	HUB-D2789|HUB-D964|HUB-P-5-facs_446_r_2	ראָטשטיין פעליאַ|ראָטשטיין, סאָלאָמאָן [שלמה]|ראָטשטיין, עליאַס
ראכמאנאוו	1	0	1	0	2	0	HUB-D2728|HUB-D2729	ראַכמאַנאָוו, [?]|ראַכמאַנאָוו, לייזער
ראפעל	42	41	1	0	2	0	HUB-D2736|HUB-D3785	ראַפּעל, לייזער|ראַפּעל, מישאַ [משה ראַפּאָפּאָרט]
רובין	5	4	1	0	6	0	HUB-D1506|HUB-D2804|HUB-D2805|HUB-D2806|HUB-D2807|HUB-P-3-facs_400_tr_1755856076	דאָקטאָר רובין [ראובן]|רובין, גרשון|רובין, דוד|רובין, יעקב|רובין, מלך|רובין, מנחם [עקהייזער קייזער]
רויטמאן	1	0	1	0	2	0	HUB-D2769|HUB-D2770	רויטמאַן, בן-ציון|רויטמאַן, זלמן
שור	1	0	1	0	2	0	HUB-P-3-facs_281_tr_1755674203|HUB-P-3-facs_282_tr_1755674185	שור ברוך|שור זעליג [יוסף-אהרן אַשר-זעליג]
שייקעוויטש	6	5	1	0	2	0	HUB-P-3-facs_277_tr_1755674189|HUB-P-3-facs_278_tr_1755674210	שייקעוויטש, דזשעק [יעקבן|שייקעוויטש, נינאַ [הע צאָג]
שעכטמאן	1	0	1	0	2	0	HUB-D2916|HUB-D2917	שעכטמאַן, יאַקאָוו|שעכטמאַן, מאַנוועל
שענקמאן	3	1	1	1	3	0	HUB-D725|HUB-D726|HUB-D727	שענקמאַן, דוד (?]|שענקמאַן, זיגמונד (זיינוול]|שענקמאַן, יאָסעלע
שער	1	0	1	0	3	0	HUB-D1399|HUB-P-1-facs_171_tr_1714741712|HUB-P-3-facs_276_tr_1755674176	בראָדער אַפֿרים [שער?]|שער-בלאַט פון דער וואַרשעווער אויסגאַבע|שער-גרין, אסתר
שפרה	1	0	1	0	2	0	HUB-D1827|HUB-P-3-facs_341_tr_1756106971	גאָלדענבערג, שפרה [האָזענבערג]|לערער שפרה
שראגע	6	5	1	0	2	0	HUB-D2943|HUB-D2944	שראַגע, אַדאָלף [נפתלי-יהושע]|שראַגע, ב.
אבא	2	2	0	0	1	0	HUB-D710	שעהנגאָלד אבא [אַלבערט]
אבראמאוו	5	5	0	0	4	0	HUB-D1102|HUB-D1104|HUB-D1106|HUB-P-1-facs_18_r	אַבראַמאָוו|אַבראַמאָוו, א. [אַברהם קאַגאָן]|אַבראַמאָוו, אַדאָלף [אַברהם פּערקאָף]|אַבראַמאָוו, באָריס [פּיינלאַנד]
אבראמאוון	1	1	0	0	1	0	HUB-D1102	אַבראַמאָוו, א. [אַברהם קאַגאָן]
אבראמען	1	1	0	0	1	0	HUB-D1100	אַבּערמאן, יצחק [האַבער]
אדאלף	5	5	0	0	1	0	HUB-D1474	דאובער אדאלף,
אויגענבליק	1	1	0	0	1	0	HUB-P-1-facs_36_tr_1740520951	אויגענבליק, פֿיליפּ
אויסלענדער	5	5	0	0	1	0	HUB-D1200	אויסלענדער נחום
אויערבאך	1	0	0	1	0	0		
אוירווין	1	1	0	0	1	0	HUB-D1919	גראָסמאַן, אוירווינג [יצחק לייב]
אזארך	2	2	0	0	1	0	HUB-D3495	אַזאַרך, יצחק
אזרא	15	15	0	0	2	0	HUB-D1209|HUB-D3495	אַַזראַ, אַלעקסאַנדער [אָרליוק]|אַזאַרך, יצחק
אטלאס	1	0	0	1	0	0		
איגנאץ	2	2	0	0	1	0	HUB-D3567	שיפּער יצחק (איגנאַץ) דר.
אידא	5	5	0	0	1	0	HUB-D3532	ערוועסט אידאַ [אייערווייס]
אידינא	1	1	0	0	1	0	HUB-D2036	אידינא [איוואַ שעוואָכאָוויטש]
איזי	1	1	0	0	1	0	HUB-P-5-facs_593_r_24	מינעוויין, איזי,
איזמאאילאנא	1	1	0	0	1	0	HUB-P-1-facs_41_r_2	איזמאַליאָננאַ
אייב	1	1	0	0	1	0	HUB-D1974	האַרט, אייב [אַברהם העכט]
אייגענגאלד	1	0	0	1	0	0		
אייגענפעלד	1	1	0	0	1	0	HUB-D1599	אייגענפעלד [ערבער]
איידא	6	6	0	0	1	0	HUB-D1212	באַדאַנעס איידא, דר.
אייזיקאוויטש	5	5	0	0	1	0	HUB-D1208	אייזיקאָוויטש, נייטען [נטע]
אייזענבערג	3	3	0	0	5	0	HUB-D1603|HUB-D1604|HUB-D1605|HUB-P-1-facs_42_tr_1740520980|HUB-P-1-facs_42_tr_1740520988	אייזענבערג אַווראָם|אייזענבערג אהרן|אייזענבערג, אַברהם|אייזענבערג, אַווראָם|אייזענבערג, מאיר
איינעס	1	1	0	0	1	0	HUB-D1549	איינעס, אַברהם
איינעסן	1	0	0	1	0	0		
אייק	1	1	0	0	1	0	HUB-D2493	מיטניק, אייק
איליא	2	2	0	0	1	0	HUB-D3645	קאָריק, איליאַ
איציקל	1	1	0	0	2	0	HUB-D1826|HUB-D2031	גאָלדענבערג איציקל|האָראָוויץ, איציקל
איצקאוויטש	7	7	0	0	1	0	HUB-D2044	איצקאָוויטש, שבתי
איצקאוויץ	1	0	0	1	0	0		
איריס	4	2	0	2	1	0	HUB-D2038	איריס, שמואל
אלבערט	4	4	0	0	1	0	HUB-D710	שעהנגאָלד אבא [אַלבערט]
אלגין	1	1	0	0	1	0	HUB-D2592	אָלגין, מ. י., דר. [משה יוסף נאָוואָמיסקי]
אלחנן	1	1	0	0	1	0	HUB-D3541	צייטלין, אַלחנן
אלטמאן	1	1	0	0	5	0	HUB-D1145|HUB-D1146|HUB-D1148|HUB-P-1-facs_47_r_2|HUB-P-5-facs_588_r_3	אַלטמאַן, בּאָריס|אַלטמאַן, מאָריס|אַלטמאַן, משה,|אַלטמאַן, נאַטאַן|אלטמאן, חיים [היימאן]
אלטער	1	1	0	0	1	0	HUB-D1556	אייזענשלאָס אַלטער
אלעקס	1	1	0	0	1	0	HUB-P-4-facs_651_tr_1755030222	אַלעקס שניידמאַן
אלפערן	1	1	0	0	1	0	HUB-D3610	קאָמינסקי, אַסתר-רחל [האַלפערן]
אלקאן	2	2	0	0	1	0	HUB-D1137	"„אונזער טעאַטער"""
אלשאנעצקי	3	3	0	0	1	0	HUB-D881	אָלשאַנעצקי, אַלעקסאַנדער [יהושע]
אלשאנעצקין	1	1	0	0	1	0	HUB-D881	אָלשאַנעצקי, אַלעקסאַנדער [יהושע]
אמאלייע	1	1	0	0	1	0	HUB-D759	מאָגולעסקאָ, אַמאַליע [פינקעלשטיין]
אמאליע	3	3	0	0	2	0	HUB-D2876|HUB-D759	מאָגולעסקאָ, אַמאַליע [פינקעלשטיין]|סעגאַלעסקאָ, אַמאַליע (מלכה)
אמאסיא	1	1	0	0	1	0	HUB-D1151	אַמאַסיאַ, הערש
אמזעל	1	1	0	0	1	0	HUB-D1155	אַמזעל,וואָלף
אנדזשא	1	1	0	0	1	0	HUB-P-3-facs_315_tr_1756044900	פֿאָדערמאַן, אַנדזשאַ
אנטאווילסקא	1	1	0	0	1	0	HUB-D1355	בורדאַ-אַנטאָווילסקאַ ראָזאַ
אנטשאראוו	1	1	0	0	1	0	HUB-D1160	אַנטשאַראָוו, איסאק
אניא	2	2	0	0	1	0	HUB-P-1-facs_381_r_9	וועלטמאַן, אַנעטאָ [אננאַ]
אניסמאן	1	1	0	0	1	0	HUB-D1157	אַניסמאַן, הערי
אניע	2	2	0	0	1	0	HUB-D2082	קאַפּוסטין, אַניע
אניעל	2	0	0	2	0	0		
אניעלא	2	2	0	0	1	0	HUB-D1156	אַניעלאַ [חנה קאמפּאנעיעץ-פּאָליאַקאָוו]
אנעטא	3	3	0	0	1	0	HUB-D1203	אַקסעלראָד, אַנעטאַ [ברענער]
אנקא	1	1	0	0	1	0	HUB-D2313	ליפּינסקי, (ווייצמאַן) אַנקאַ
אסטראווסקי	12	12	0	0	5	0	HUB-D2602|HUB-D2603|HUB-P-4-facs_654_tr_1755029981|HUB-P-4-facs_654_tr_1755029982|HUB-P-5-facs_593_r_16	אַסטראָווסקי, חיים|אַסטראָווסקי, כ.|אָסטראָווסקי, סעם (שמואל)|דר. וועלוול אַסטראָווסקי|מאיר אַסטראָווסקי
אסטראווסקיס	3	3	0	0	1	0	HUB-P-4-facs_654_tr_1755029982	מאיר אַסטראָווסקי
אפאטאוו	1	1	0	0	1	0	HUB-D2594	אָפּאַטאשו, יוסף [יוסף אָפּאַטאָווסקי]
אפאטאשו	7	7	0	0	1	0	HUB-D2594	אָפּאַטאשו, יוסף [יוסף אָפּאַטאָווסקי]
אפאטאשוס	3	3	0	0	1	0	HUB-D2594	אָפּאַטאשו, יוסף [יוסף אָפּאַטאָווסקי]
אפעלבוים	3	3	0	0	1	0	HUB-D1166	אָפּעלבוים מישאַ
אפרים	3	3	0	0	1	0	HUB-P-3-facs_15_tr_1752653017	פֿאָדלובני פרויקע (אפרים)
אקסעלראדן	8	7	0	1	1	0	HUB-D1206	אַקסעלראָד מאָריס [מאיר]
אקסענפעלד	7	7	0	0	1	0	HUB-D3810	אַקסענפעלד, ישראל
אקסענפעלדן	1	1	0	0	1	0	HUB-D3810	אַקסענפעלד, ישראל
אראנסאן	1	1	0	0	1	0	HUB-D1182	אַראָנסאָן, כרוך
ארזשעשקאווא	1	0	0	1	0	0		
ארטור	1	1	0	0	1	0	HUB-D3085	טרייסי, אַרטוּר
ארלייווק	1	1	0	0	1	0	HUB-D2597	אָרליוק, שמעון
ארלעסקא	1	0	0	1	0	0		
ארנשטיין	14	11	0	3	1	0	HUB-D995	אַרנשטיין, מאַרק
ארנשטיינס	1	1	0	0	1	0	HUB-D995	אַרנשטיין, מאַרק
ארציבאשעוו	2	2	0	0	1	0	HUB-P-6-facs_24_r_2	אַרצישעווסקאַ, טאָטשיא [ליפּסקי, קראטקאָ]
ארצישעווסקי	1	1	0	0	1	0	HUB-P-6-facs_24_r_2	אַרצישעווסקאַ, טאָטשיא [ליפּסקי, קראטקאָ]
אשעראוויטש	1	1	0	0	1	0	HUB-D2599	אָשעראָוויטש, מ.
באדער	6	6	0	0	1	0	HUB-D1213	באַדער גרשם
באוושאווער	2	2	0	0	1	0	HUB-D1367	באָוושאַווער יוסף
באטקאן	1	1	0	0	1	0	HUB-D3503	גילינסקי, מאָטל (באַטקע)
באכנאוו	1	1	0	0	1	0	HUB-D2577	נאַוויקאָוו, מאָריס [באַכנאָוו]
באלבירסקי	1	1	0	0	1	0	HUB-D1220	באַלבירסקי, הערש
באנוס	1	1	0	0	1	0	HUB-P-3-facs_359_tr_1755856143	באַנוס, בען
באראדקין	3	3	0	0	1	0	HUB-D1363	באַראָדקין, בערל [באַרדאָקין]
באראנדעס	2	2	0	0	1	0	HUB-D1227	באַראַנדעס, יוסף
באראץ	3	2	0	1	1	0	HUB-D1224	באַראַץ, דוד
בארזעל	1	1	0	0	1	0	HUB-P-3-facs_373_tr_1755856139	באַרזעל, וואָלף [אייזענבערג]
באריס	5	5	0	0	1	0	HUB-D1104	אַבראַמאָוו, באָריס [פּיינלאַנד]
באריסאוו	7	7	0	0	1	0	HUB-D1357	באָריסאָוו, בערל (העקער)
באריסאווא	2	1	0	1	1	0	HUB-D1359	באָריסאָוואָ [בעטי קאָמפּאַנעיעץ-ראַבינאָוויטש]
באריץ	2	2	0	0	1	0	HUB-D1360	באָריץ, פֿראַנץ [אָפרים]
בארסקא	1	1	0	0	1	0	HUB-D1229	באַרסקאַ-פֿישער ליזאַ
בארסקי	1	1	0	0	1	0	HUB-D746	באַרסקי, ישראל
בוזגאן	2	2	0	0	1	0	HUB-D1435	בוזגאָן, חבל
בוזעט	1	0	0	1	0	0		
בוימוואל	5	5	0	0	1	0	HUB-D1372	בוימוואָל, יהודה-לייב
בויקע	1	1	0	0	1	0	HUB-D1369	בויקע, לייזער [?]
בוכבינדער	1	1	0	0	1	0	HUB-D1414	בוכבינדער [?]
בוכוואלד	1	1	0	0	1	0	HUB-D1415	בוכוואַלד נפתלי
בולאוו	4	4	0	0	1	0	HUB-D1426	בולאָוו, יוסף [בולקין]
בולאוון	1	1	0	0	1	0	HUB-D1426	בולאָוו, יוסף [בולקין]
בולמאן	2	1	0	1	1	0	HUB-D1425	בולמאַן, מאַקס
בולקין	1	1	0	0	1	0	HUB-D1423	בולקין, אַברהם
בוקאנסקי	1	1	0	0	1	0	HUB-D1421	בוקאַנסקי, מאַקס
בוקשטיינס	1	1	0	0	1	0	HUB-D1416	בוקשטיין, אַברהם
בורדא	1	0	0	1	0	0		
ביאליק	6	6	0	0	1	0	HUB-P-6-facs_665_r	משה אַלבין-ביאַליק
ביאליקן	1	1	0	0	1	0	HUB-P-6-facs_665_r	משה אַלבין-ביאַליק
ביבער	1	1	0	0	1	0	HUB-D1297	ביבער סענדער
בידעסקא	1	1	0	0	1	0	HUB-D1300	בידעסקאָ, אַלעקסאַנדער [וואָנדערגאַלד]
בייגעלמאן	1	1	0	0	1	0	HUB-D1239	בייגעלמאַן, דוד
בילדער	1	1	0	0	1	0	HUB-D1306	בילדער יעקב
ביעלאגלאווסקי	1	1	0	0	1	0	HUB-D1302	ביעלאָגלאָווסקי, חיים [דוד בעלקין]
ביעלאצערקאוו	1	0	0	1	0	0		
בירנבערג	1	1	0	0	1	0	HUB-D1316	בירנבערג, יעקב
בלאט	1	1	0	0	1	0	HUB-P-1-facs_171_tr_1714741712	שער-בלאַט פון דער וואַרשעווער אויסגאַבע
בלאנק	20	18	0	2	4	0	HUB-D1000|HUB-D1321|HUB-D1322|HUB-D1323	בלאַנק לעאָן|בלאַנק, אַברהם|בלאַנק, בנימין|בלאַנק. יחיאָל
בלאנקן	1	1	0	0	1	0	HUB-D1000	בלאַנק לעאָן
בלאשטיין	1	1	0	0	1	0	HUB-D1337	בלאַשטיין, הירש
בלומענטאל	28	28	0	0	3	0	HUB-D1345|HUB-D1346|HUB-D3574	בלומענטאַל, נייטאַן|בלומענטאָל, דוד|בלומענטאָל, פֿרידאַ
בליאכער	1	0	0	1	0	0		
בלייך	4	4	0	0	1	0	HUB-D1324	בלייך, יהודה
בלייכמאן	6	6	0	0	1	0	HUB-D1326	בלייכמאַן, יעקב
בלייכמן	1	0	0	1	0	0		
בליפעלד	5	4	0	1	1	0	HUB-D1333	בליפעלד יצחק
בעזמאן	8	6	0	2	1	0	HUB-D1292	בעזמאַן, איסר
בעל	1	0	0	1	0	0		
בעלאסקא	3	0	0	3	0	0		
בעללוי	1	1	0	0	1	0	HUB-D1216	בדחן, שלמה [בעללויאַ]
בעלעגאלאווסקי	1	0	0	1	0	0		
בעני	4	4	0	0	1	0	HUB-D2939	שעהנגאַלד בעני
בעסי	6	6	0	0	1	0	HUB-D2499	מאַגולעסקאָ, בעסי
בעקי	1	1	0	0	1	0	HUB-D1842	גאָלדשטיין, בעקי [מלכה רבקה ראָזענבערג]
בעקער	11	11	0	0	1	0	HUB-D1237	בעקער, סאַשאַ
בעקערן	2	0	0	2	0	0		
בערגעלסאן	16	16	0	0	1	0	HUB-D1263	בערגעלסאַן, דוד
בערגער	11	11	0	0	2	0	HUB-D1264|HUB-P-6-facs_31_r_1	בערגער גוסטאוו [גרשון לעמבערגער]|בערגער, לעאָן
בערטאנאוו	17	17	0	0	1	0	HUB-D1285	בערטאַנאָוו, יהושע [בירטון]
בערנארד	1	1	0	0	1	0	HUB-D1281	בערנאָרד, ברוך [ברוך גרינבערג]
בערנארדי	2	2	0	0	1	0	HUB-D1282	בערנאַרדי בערל [טאָפּ]
בערנשטיין	37	37	0	0	1	0	HUB-D859	בערנשטיין, בערל [בורשטין]
בערנשטייןס	1	0	0	1	0	0		
בערנשטיינען	3	0	0	3	0	0		
בראגינסקא	1	1	0	0	1	0	HUB-D1377	בראָגינסקאַ כינע [פישזאָן]
בראדערזאן	7	7	0	0	1	0	HUB-D1400	בראָדערזאָהן, משה
בראדערזינגער	2	2	0	0	1	0	HUB-P-1-facs_124_tr_1740520974	בראָדערזינגער און פֿאָלקסינגער
בראדערזענגער	1	1	0	0	1	0	HUB-P-1-facs_124_tr_1740520974	בראָדערזינגער און פֿאָלקסינגער
בראלמאן	1	1	0	0	1	0	HUB-D1378	בראַלמאַן, אַברהם הערש [?]
בראנדט	1	1	0	0	1	0	HUB-D3622	"בראַנדט, לואי [„מאָטעלע""]"
בראנדס	1	1	0	0	1	0	HUB-D1379	בראַנדעס, שאַול
בראנדעס	2	1	0	1	1	0	HUB-D1379	בראַנדעס, שאַול
בראנדעסקא	15	15	0	0	1	0	HUB-P-6-facs_34_r_1	בראַנדעסקאָ, יוסף [סמאָלניק]
בראנדעסקאן	5	5	0	0	1	0	HUB-P-6-facs_34_r_1	בראַנדעסקאָ, יוסף [סמאָלניק]
בראניא	1	1	0	0	1	0	HUB-P-4-facs_662_tr_1755029946	בראָניאַ ניומאַן
בראנשטיין	9	9	0	0	1	0	HUB-D1407	בראַנשטיין, דוד
ברוידי	3	3	0	0	1	0	HUB-D852	ברוידי יוסף
ברוידעס	1	1	0	0	1	0	HUB-D1413	ברוידעס, יצחק
ברוין	1	1	0	0	1	0	HUB-D3597	ברוין, דוד
ברייטמאן	9	7	0	2	2	0	HUB-D1383|HUB-D2540	ברייטמאַן, פאַול|נאַטאֲן, ב. [נאַטאן ברייטמאַן]
ברין	1	0	0	1	0	0		
ברעכער	2	1	0	1	1	0	HUB-D1382	ברעכער, עגאָן
ברען	1	1	0	0	1	0	HUB-D1384	ברען אַברהם
גאדיק	1	1	0	0	1	0	HUB-D1800	גאָדיק, וולאַדיסלאַוו
גאזאווסקי	4	3	0	1	1	0	HUB-D1732	גאַזאָווסקי, מאַרקוס [מענדעלע]
גאטלאבער	3	3	0	0	1	0	HUB-D1880	גאָטלאָבער, אַברהם-בער
גאטעספעלד	12	12	0	0	1	0	HUB-D1876	גאָטעספעלד חנאַ
גאטעספעלדס	2	2	0	0	1	0	HUB-D1876	גאָטעספעלד חנאַ
גאטפריד	2	0	0	2	0	0		
גאכאנסקי	1	1	0	0	1	0	HUB-D1717	גאַכאַנסקי, אַברהם
גאלדין	1	1	0	0	1	0	HUB-D1836	גאָלדין, סידני [סאַמועל גאָלדשטיין]
גאלדיצע	3	3	0	0	1	0	HUB-D1837	גאָלדיצע
גאלדע	5	5	0	0	1	0	HUB-D1558	אייזמאַן, גאָלדע
גאלדענבורג	23	22	0	1	1	0	HUB-D1829	גאָלדענבורג, סעמיועל [שלום גאָלדשטיין]
גאלדענבורגן	2	2	0	0	1	0	HUB-D1829	גאָלדענבורג, סעמיועל [שלום גאָלדשטיין]
גאלדענבערג	9	9	0	0	3	0	HUB-D1825|HUB-D1826|HUB-D1828	גאָלדענבערג איציקל|גאָלדענבערג, הערשל [קאָליגראָף]|גאָלדענבערג, יעקב-משה
גאלדפאדנס	3	2	0	1	1	0	HUB-D1833	גאָלדפאַדען, וואָלף
גאלדפאדעןם	1	1	0	0	1	0	HUB-D1833	גאָלדפאַדען, וואָלף
גאלדפאדעןס	4	4	0	0	1	0	HUB-P-1-facs_174_region_1715799875093_402	געצייכנט פון אברהם גאָלדפאַדען
גאלדשמיד	1	1	0	0	1	0	HUB-D1841	גאָלדשמידט, יוסף
גאלדשמידט	4	3	0	1	2	0	HUB-D1841|HUB-D1843	גאָלדשמידט, יוסף|גאָלדשמידט, יחיאָל
גאלובאק	2	2	0	0	3	0	HUB-D1865|HUB-D747|HUB-D789	גאָלובאַק, אַברהם|גאָלובאַק, לעאָן|גאָלובאַק, מיראָן ע.
גאסי	1	1	0	0	1	0	HUB-P-4-facs_651_tr_1755030221	נח און גאָס ריינעם
גארדאן	2	2	0	0	3	0	HUB-D1867|HUB-P-1-facs_212_tr_1741260203|HUB-P-5-facs_438_r_14	גאַרדאַן, הערשל.|גאָרדאָן, הערש-לייב|גאָרדאָן, נ.
גארדין	154	154	0	0	1	0	HUB-D698	גאָרדין, יעקב
גארדינען	3	3	0	0	1	0	HUB-D698	גאָרדין, יעקב
גארטעלעוויטש	2	2	0	0	1	0	HUB-D1727	גאַרטעלעוויטש, יעקב
גארטענשטיין	3	3	0	0	1	0	HUB-D1729	גאַרטענשטיין, יעקב [האַרטענשטיין]
גארין	3	3	0	0	2	0	HUB-D890|HUB-P-5-facs_617_r_1	אָסקאַר גאָרין|גאָרין, ב. [יצחק גוידאָ-הוידאַ]
גבריאל	2	2	0	0	1	0	HUB-D569	גבריאל ראָזענטאָל
גוזיק	33	33	0	0	1	0	HUB-D3639	גוזיק, יעקב
גוזיקן	4	4	0	0	1	0	HUB-D3639	גוזיק, יעקב
גוטמאן	2	2	0	0	6	0	HUB-D1947|HUB-D1948|HUB-D1953|HUB-D3600|HUB-D3638|HUB-P-1-facs_251_tr_1741260212	גוטמאַן, [?]|גוטמאַן, חיים|גוטמאַן, יוליוס [יידל] [יהודה יוסף]|גוטמאַן, ישעיה|גוטמאַן, קלמן|גוטמאָן ישעיה
גוטענטאג	8	7	0	1	2	0	HUB-D1945|HUB-D1946	גוטענטאָג, בערטאָ [אַקסעלראָד]|גוטענטאָג, קאַרל
גוטענטאגס	1	0	0	1	0	0		
גוסטאוו	1	1	0	0	1	0	HUB-P-3-facs_283_tr_1755674200	שוואַרצבאַרד, גוסטאָוו
גילטמאן	2	2	0	0	1	0	HUB-D1765	גילטמאַן, איזידאָר
גילראד	1	0	0	1	0	0		
גימפל	3	3	0	0	1	0	HUB-D1766	גימפּעל, אַדאָלף
גימפעלן	18	18	0	0	1	0	HUB-D1766	גימפּעל, אַדאָלף
גימפעלס	1	1	0	0	1	0	HUB-D1766	גימפּעל, אַדאָלף
גינטער	1	1	0	0	1	0	HUB-D1769	גינטער, נתן
גיסנעט	1	1	0	0	1	0	HUB-D1778	גיסנעט, מאָריס
גלאזונאוו	4	4	0	0	1	0	HUB-D1787	גלאַזונאָוו, נאָאום [נחמן גלאָזמאַן]
גלימער	11	11	0	0	1	0	HUB-D1797	גלימער נאַרבערט
גנענדל	1	1	0	0	1	0	HUB-P-3-facs_272_tr_1755674152	גענדעל, הירש
געבילן	10	10	0	0	1	0	HUB-D1716	געביל, מאַקס [מנחם-מענדעל, נחום]
געבילס	2	2	0	0	1	0	HUB-D1715	געביל, הערי
געבירטיג	1	1	0	0	1	0	HUB-D1733	געבירטיג, מרדכי
געבירטיק	2	2	0	0	1	0	HUB-D1733	געבירטיג, מרדכי
געלבארט	1	1	0	0	1	0	HUB-D1736	געלבאַרט, מיכל
געליס	8	7	0	1	1	0	HUB-D1739	געליס, לעאָן
געלער	1	1	0	0	1	0	HUB-D1740	געלער, מ.
געניע	1	1	0	0	1	0	HUB-D1737	געלבער, געניאַ
גענפער	53	51	0	2	1	0	HUB-D1742	גענפֿער סאָלאָמאָן
גענפערן	6	6	0	0	1	0	HUB-D1742	גענפֿער סאָלאָמאָן
גערטלער	1	1	0	0	1	0	HUB-D1752	גערטלער סעם [ישראל]
גערמאן	16	15	0	1	4	0	HUB-D1744|HUB-D1745|HUB-D1746|HUB-D1747	גערמאַן, א. מ.|גערמאַן, ישראל|גערמאַן, לוס [לאָשאַ קוטנער]|גערמאַן, מישע [הערמאַן]
גערסטין	1	0	0	1	0	0		
גערשאנאוויטש	2	2	0	0	1	0	HUB-D1748	גערשאַנאָוויטש, הערש
גערשענזאן	1	1	0	0	1	0	HUB-D3796	גערשענזאָן, משה
גערשענסאן	4	4	0	0	1	0	HUB-D3796	גערשענזאָן, משה
גראל	1	1	0	0	1	0	HUB-D1909	גראָלל, טשאַרלס וו.
גראנאווסקי	12	12	0	0	1	0	HUB-D1887	גראַנאָווסקי, אַלעקסאַנדער [אַברהם אַזאַרך]
גראפער	2	2	0	0	2	0	HUB-D1913|HUB-P-2-facs_279_r_2	גראָפּער יוסף|מעיט און גראָפּער
גרין	3	3	0	0	2	0	HUB-D1889|HUB-P-3-facs_276_tr_1755674176	גרין, אָסקאַר|שער-גרין, אסתר
גרינבלאט	1	0	0	1	0	0		
גרינפעלד	1	1	0	0	1	0	HUB-D1895	גרינפעלד, דזשין [יעקב]
גרינשטיין	2	2	0	0	1	0	HUB-P-5-facs_592_r_10	גרינשטיין, חנה,
גרינשפאן	1	0	0	1	0	0		
גרישע	1	1	0	0	1	0	HUB-D3525	מאַץ, הירש (גרישאַ)
דאברושין	7	7	0	0	1	0	HUB-D1505	דאָברושין,יחזקאל
דאברושינס	1	1	0	0	1	0	HUB-D1505	דאָברושין,יחזקאל
דאיען	1	1	0	0	1	0	HUB-D1479	דאיען, סעם
דאניעל	5	5	0	0	1	0	HUB-D3601	דאַניעל, יצחק
דאניעלס	3	3	0	0	1	0	HUB-D3601	דאַניעל, יצחק
דאנציגער	1	1	0	0	1	0	HUB-D3507	דאַנציגער, יאַנקעלע
דאקטאראוו	4	3	0	1	1	0	HUB-D1508	דאָקטאָראָוו, ב.
דארא	3	3	0	0	1	0	HUB-D2088	קאַרפּינאָוויטש, דאָראַ (דבורה)
דאשעווסקי	1	1	0	0	1	0	HUB-D1472	דאַשעווסקי, צבי-הערש
דובינסקי	4	4	0	0	3	0	HUB-D1528|HUB-D1529|HUB-D3602	דובינסקי, יאַקאַווקע [יעקבקע ?]|דובינסקי, יידל|דובינסקי, ראובן
דוד	10	10	0	0	1	0	HUB-P-1-facs_83_tr_1740521027	דוד בדחן פֿון באָבער, מאָהילעווער גוב.
דווארקיין	1	0	0	1	0	0		
דורמאשקין	1	1	0	0	1	0	HUB-D1533	דורמאַשקין, וואָלף
דזשאן	1	1	0	0	1	0	HUB-D3164	ווייס דזשאָן [יוסף-לייב]
דזשאנעט	7	5	0	2	1	0	HUB-D2760	רינגלער, דזשאַנעט
דזשוליוס	2	2	0	0	1	0	HUB-P-3-facs_401_tr_1755856142	אַדלער, דזשוליוס [יואל]
דזשייקאבס	9	9	0	0	2	0	HUB-D3606|HUB-D902	דזשייקאָבס, דזשייקאָב [יעקב יאָקובאָוויטש]|שיף דזשייקאָב ר.
דזשין	2	1	0	1	1	0	HUB-D2060	יאָוועליר דזשין (בּעלאַ)
דזשעני	1	1	0	0	1	0	HUB-D1192	אַטלאַס, דזשעני
דייוויד	1	1	0	0	1	0	HUB-D2425	מעדאָוו, דייוויד
דייטש	4	4	0	0	2	0	HUB-D1491|HUB-D1493	דייטש, יצחק [סאָלאָמיאָניק]|דייטש, שייע
דייקסעל	1	1	0	0	1	0	HUB-D1482	דייקסעל, שמואל
דימאוו	31	30	0	1	1	0	HUB-D1535	דימאָוו, אַסיפּ [יוסף פּערלמאַן]
דימאווס	7	7	0	0	1	0	HUB-D1535	דימאָוו, אַסיפּ [יוסף פּערלמאַן]
דינה	2	2	0	0	1	0	HUB-D2906	שאַיעוויטש, דינה [אייגעלסקיאַ]
דינמאן	2	0	0	2	0	0		
דינעזאן	4	4	0	0	1	0	HUB-D919	דינעזאָן, יעקב
דינענזאן	2	2	0	0	1	0	HUB-D919	דינעזאָן, יעקב
דיק	1	1	0	0	1	0	HUB-D1499	דיק, אייזיק (יצחק) מאיר
דיקי	3	3	0	0	1	0	HUB-D1499	דיק, אייזיק (יצחק) מאיר
דיקשטיין	1	1	0	0	1	0	HUB-D3463	דיקשטיין, סאול
דלוזשנאווכקי	1	1	0	0	1	0	HUB-D1504	דלוזשנאָווסקי, משה
דעיוו	4	4	0	0	1	0	HUB-D2351	לובריצקי, דעיוו (דוד)
דעסער	3	3	0	0	1	0	HUB-P-1-facs_35_tr_1740520974	אָדעסער פֿאָלקס-זינגער מאיר גאָרבאָי [פּאַרך]
דראדאוויטש	2	2	0	0	1	0	HUB-D1526	דראָזדאָוויטש, [?]
דראזדאוויטש	1	1	0	0	1	0	HUB-D1526	דראָזדאָוויטש, [?]
דראנאוו	4	4	0	0	2	0	HUB-D1518|HUB-D1519	דראַנאָוו, מ. [מרדכי דוד ראָזענבלאַט]|דראַנאָוו, נאַטאַן [ניסן]
דרוקער	2	2	0	0	1	0	HUB-D1527	דרוקער, לייב
דרייקורס	1	1	0	0	1	0	HUB-D1522	דרייקורס, לעאָן
האלענדער	17	17	0	0	2	0	HUB-D2022|HUB-D2023	האָלענדער לייב|האָלענדער, איזידאָר
האמער	1	0	0	1	0	0		
הארי	4	4	0	0	1	0	HUB-D3359	זיידערמאַן, האַרי
הורוויטש	3	3	0	0	1	0	HUB-D1254	בן-גור, א.א. [אהרן הורוויטש]
הורוויץן	1	1	0	0	1	0	HUB-P-1-facs_319_r_1	הורוויץ שאַרלאָטא [שיפרע]
היידען	1	0	0	1	0	0		
היימאן	2	1	0	1	2	0	HUB-D1999|HUB-D2477	היימאַן, לואיס [לואיס הערמאַן]|מילער היימאַן (?)
היימי	2	2	0	0	1	0	HUB-P-3-facs_149_tr_1754213838	פריזאַנט, היימי
היינע	6	6	0	0	1	0	HUB-D702	היינע-חיימאָוויטש, משה
הילמאן	1	1	0	0	1	0	HUB-D1569	עלמאַן, מישאַ [מאָריס הילמאַן]
הילסבערג	2	2	0	0	1	0	HUB-D2002	הילסבערג, דבורה (דאַרעלע)
הירש	1	1	0	0	1	0	HUB-D2005	הירש, דוד
הירשביינס	5	5	0	0	1	0	HUB-P-4-facs_364_tr_1755030303	"„פּערהיפט"" [פרץ הירשביין פֿאָלקס טעאַטער]"
הירשפעלדן	1	1	0	0	1	0	HUB-D2004	הירשפעלד זלמן-לייב
הלוי	2	2	0	0	1	0	HUB-D1965	האַלפּערן, יצחק-צבי הלוי
הלל	1	1	0	0	1	0	HUB-D1803	גאָלד הערמאַן [הלל גורני]
העלען	1	1	0	0	4	0	HUB-D1283|HUB-D1298|HUB-D1328|HUB-D3369	בידאַ העלען|בליי העלען [יונה]|בערנאָרדי העלען [לאַמפּעל — טאָפּף]|זעלינסקאַיאָ, העלען
העלער	2	1	0	1	1	0	HUB-D1982	העלער איציק [הערשקאָוויטש]
הענריעטא	3	3	0	0	1	0	HUB-D2052	דזשייקאָבסאָן, הענריעטאָ
הענריק	2	2	0	0	1	0	HUB-D1276	בערלעווי הענריק
העראלד	2	2	0	0	1	0	HUB-D3027	שטערנבערג, העראָלד
הערבסט	1	1	0	0	1	0	HUB-D3023	סטאַוו, לעאָן [הערבסט]
העריס	2	2	0	0	2	0	HUB-D1626|HUB-D1973	העריס, אַל.|פֿיינבערג, העריס
הערמאן	6	6	0	0	1	0	HUB-D1986	הערמאַן, דוד
הערצל	3	3	0	0	1	0	HUB-D2977	זילבּערט, טעאָדאַר-הערצל
הערצלס	1	1	0	0	1	0	HUB-D2977	זילבּערט, טעאָדאַר-הערצל
הערשקאוויטשעס	1	1	0	0	1	0	HUB-D1989	הערשקאָוויטש, איציק
וואהל	7	7	0	0	1	0	HUB-D906	וואָהל, הערמאַן [צבי]
וואכטעל	1	1	0	0	1	0	HUB-D733	וואַכטעל, יוסף
וואלגעשאפען	2	2	0	0	1	0	HUB-D3193	וואָלגעשאַפען, מ.
וואלטער	2	0	0	2	0	0		
וואליער	1	0	0	1	0	0		
וואלף	8	8	0	0	1	0	HUB-D3275	וואָלף, אַרטהור
וואלפזאן	3	3	0	0	1	0	HUB-D3277	וואָלפסזאָהן האָללע, אהרן
וואלפסאן	2	2	0	0	1	0	HUB-D3277	וואָלפסזאָהן האָללע, אהרן
וואלקאוויטש	1	1	0	0	1	0	HUB-P-5-facs_618_r_20	משה וואָלקאָוויץ
וואלקענשטיין	1	1	0	0	1	0	HUB-D3194	וואָלקענשטיין, דוד
ווארדי	1	1	0	0	1	0	HUB-D3451	וואַרדי-יאַעליט-טעאַַטער-סטודיאַ
ווארשאווסקי	1	1	0	0	2	0	HUB-D3208|HUB-D3209	וואַרשאָווסקי, יצחק-מאיר [איסעראָווסקי]|וואַרשאָווסקי, פֿייוול [איסעראָווסקי]
וויידע	1	1	0	0	1	0	HUB-D3213	וויידע, משה
ווייטער	2	2	0	0	1	0	HUB-D3200	ווייטער, א. [אייזיק-מאיר דעווענישסקי]
וויינשטאקן	1	0	0	1	0	0		
וויינשטיין	6	6	0	0	4	0	HUB-D3157|HUB-D3227|HUB-D3228|HUB-D3229	וויינשטיין, [?]|וויינשטיין, בערנאַרד|וויינשטיין, טשאַרלז|וויינשטיין, שואל
ווייסביין	1	1	0	0	1	0	HUB-D3169	ווייסביין, חיים
ווייסבלאט	3	3	0	0	1	0	HUB-D3178	וועריטע, ס. [ס. ווייסבלאַט]
ווייסבערג	2	2	0	0	3	0	HUB-D3167|HUB-D3168|HUB-D3249	ווייסבערג, לואיס|ווייסבערג, סעם|ווייסבערג, פֿייוול
ווייסהאף	2	0	0	2	0	0		
ווייסליץ	1	1	0	0	1	0	HUB-D3244	ווייסליץ, אַברהם-יעקב
ווייסענבערג	2	2	0	0	1	0	HUB-D3170	ווייסענבּערג, יצחק-מאיר
ווייספעלד	12	12	0	0	1	0	HUB-P-1-facs_368_TextRegion_1710163052802_374	ווייספעלד, משה
ווייספעלדן	5	5	0	0	1	0	HUB-P-1-facs_368_TextRegion_1710163052802_374	ווייספעלד, משה
ווילי	1	1	0	0	1	0	HUB-P-6-facs_654_r	ווילי שאָר
ווילענסקי	1	1	0	0	1	0	HUB-D3264	ווילענסקי, מערי [מרים קאַץ]
ווינאקור	6	0	0	6	0	0		
ווינדער	2	2	0	0	1	0	HUB-D3514	ווינדער, מאיר
ווינטשעווסקי	3	3	0	0	1	0	HUB-D3268	ווינטשעווסקי, מאָריס [בנציון נאָוואָכאָוויטש]
ווינער	3	0	0	3	0	0		
וויסאצקי	1	0	0	1	0	0		
וויסקינד	1	1	0	0	1	0	HUB-D3515	וויסקינד, מאַקס
וויערא	3	3	0	0	1	0	HUB-D2772	ראָזאַנקאַ, וויעראַ [שרה ווינער]
וועטשטיין	1	1	0	0	1	0	HUB-D3257	וועטשטיין, דוד
וועלוול	2	2	0	0	2	0	HUB-D2771|HUB-P-4-facs_654_tr_1755029981	דר. וועלוול אַסטראָווסקי|ראָלאַנד, וויליאַם (וועלוול כאַסקין)
ווענדראף	1	0	0	1	0	0		
וועריטע	2	2	0	0	1	0	HUB-D3178	וועריטע, ס. [ס. ווייסבלאַט]
זאבלודאווסקי	1	1	0	0	1	0	HUB-D3329	זאַבלודאָווסקי, נח
זאהאווא	1	1	0	0	1	0	HUB-P-3-facs_340_tr_1756106824	זאַהאָוואַ, רוט [גאָלדשטיין)
זאוואדסקי	1	1	0	0	1	0	HUB-D3518	זאַוואָדזקי, דוב
זאלאטאראוו	3	3	0	0	1	0	HUB-D3419	זאָלאָטאראָוו, הלל דר.
זאלאטאראף	1	1	0	0	1	0	HUB-D3583	זאָלאָטאַראָף, מאו
זאלאטארעווסקי	23	23	0	0	1	0	HUB-D3010	זאָלאַטאַרעפסקי, איזידאָר [יצחק]
זאלאטארעפסקי	3	3	0	0	1	0	HUB-D3010	זאָלאַטאַרעפסקי, איזידאָר [יצחק]
זאלאטקאף	1	0	0	1	0	0		
זאנדבערגס	1	1	0	0	1	0	HUB-D3449	זאַנדבערג, משה
זאסלאווסקאיא	1	1	0	0	2	1	HUB-D3354|HUB-D3355	זאַסלאָווסקאַ, בערטאָ [באַסיע לעווין]|זאָסלאָווסקאַיאָ, וויעראָ
זאסלאווסקי	38	38	0	0	2	0	HUB-D3356|HUB-D3651	זאַסלאַווסקי, רודאָלף [ראובן-לייב]|זאַסלאַווסקי, פֿאי
זאץ	23	23	0	0	2	1	HUB-D2837|HUB-P-6-facs_45_r_7	זאַץ, לודווייג [לוי יצחק]|זאַץ, לילי
זאץס	1	1	0	0	1	0	HUB-D2837	זאַץ, לודווייג [לוי יצחק]
זאקס	3	0	0	3	0	0		
זבארזשער	2	2	0	0	1	0	HUB-D3360	זבאָרזשער, וועלוועל [בנימין וואָלף עהרענקראַנץ]
זוסקין	2	2	0	0	1	0	HUB-D3433	זוסקין, בנימין
זיבעל	1	1	0	0	1	0	HUB-D3387	זיבעל, נחמן
זיגלער	17	15	0	2	1	0	HUB-D3390	זיגלער ערנא
זיגלערן	1	0	0	1	0	0		
זיגמונד	1	1	0	0	1	0	HUB-D3756	זיגמונד שוואַרץ
זייגלער	11	8	0	3	1	0	HUB-D3390	זיגלער ערנא
זיידמאן	1	1	0	0	2	0	HUB-D3362|HUB-P-1-facs_401_r_5_1	זיידמאַן, בּעני|זיידמאַן, מאָריס
זיינא	1	1	0	0	1	0	HUB-D2566	ניימילער, זעלדע (זיינא)
זייפערט	3	3	0	0	1	0	HUB-P-1-facs_402_tr_1739715076	זייפערט, משה
זייקען	1	1	0	0	1	0	HUB-D3380	זייקין, גרשון
זילבער	1	1	0	0	1	0	HUB-D3394	זילבער קאַרל [חיים]
זילבערבערג	4	3	0	1	3	0	HUB-D1262|HUB-D3396|HUB-D3397	בערג, רודאָלף [זילבערבערג]|זילבּערבּערג, וואָלף|זילבּערבּערג, סעמואל
זילבערט	15	15	0	0	2	0	HUB-D2974|HUB-D2977	זילבּערט, טעאָדאַר-הערצל|זילבּערט, יעקב [קוליש]
זילבערטן	5	0	0	5	0	0		
זילבערמאז	3	3	0	0	1	0	HUB-P-1-facs_407_r_2	זילבערמאַן, משה
זילבערמאנען	1	0	0	1	0	0		
זילבערצווייגס	1	1	0	0	1	0	HUB-P-5-facs_614_r_3	צילע (באַיאָרסקאָ) זילבערצווייג
זילבערקאסטן	3	2	0	1	1	0	HUB-D2973	זילבערקאָסטען, משה
זילבערקאסטען	1	1	0	0	1	0	HUB-D2973	זילבערקאָסטען, משה
זעלדע	1	1	0	0	1	0	HUB-P-7-facs_74_r_3	זלאַטין, זעלדע [הילדאַ שוואַרץ]
זעליק	1	1	0	0	1	0	HUB-D3573	באַרדיטשעווער זעליק
זעצער	1	1	0	0	1	0	HUB-D3373	זעצער, אַברהם
זשארזש	3	3	0	0	1	0	HUB-D1743	זשאָרזש מ. [מאָטל אביון]
זשיטאמירסקי	32	32	0	0	2	0	HUB-D3384|HUB-P-6-facs_93_r_66	זשיטאָמירסקי, [?]|זשיטאָמירסקי, יוסף
זשיטאמירסקין	3	3	0	0	1	0	HUB-P-6-facs_93_r_66	זשיטאָמירסקי, [?]
זשיטקאווסקי	2	2	0	0	1	0	HUB-D3383	זשיטקאָווסקי, וולאַדעק
זשילבערט	1	1	0	0	1	0	HUB-D3382	זשילבערט, פינקע
זשעלאזא	21	16	0	5	1	0	HUB-D3381	זשעלאַזא, לייזער [זשעלאַזני]
זשעלאזאן	2	0	0	2	0	0		
זשעני	1	1	0	0	1	0	HUB-D1523	דרייזין, זשעניע
חאש	3	2	0	1	1	0	HUB-D2109	חאַש, יוסף
חיהלע	3	3	0	0	1	0	HUB-P-5-facs_604_tr_1739220749	חיהלע אָש (פֿורמאַן)
חיימאוויטש	11	11	0	0	1	0	HUB-D702	היינע-חיימאָוויטש, משה
חיימאוויץ	1	0	0	1	0	0		
חייקעלע	2	2	0	0	1	0	HUB-D1429	בורשטין, חייקעלע
חנינא	1	1	0	0	1	0	HUB-D2546	נאַטאַנזאָן, דזשוליוס
חסידים	1	1	0	0	1	0	HUB-P-2-facs_51_tr_1744131371	"„טעיאַטאָר פֿין חסידים""."
חקלאי	1	1	0	0	1	0	HUB-D2106	חקלאי [פעלדמאַן]
טאבאטשניקאוו	6	0	0	6	0	0		
טאבאקשניידער	1	1	0	0	1	0	HUB-D3045	טאַבאַקשניידער מ. י.
טאגער	2	2	0	0	1	0	HUB-D3046	טאָגער, אהרן
טאלער	7	7	0	0	1	0	HUB-P-2-facs_40_r	טוללער, דזשאָדזש [זלמן טאָלער]
טאלערס	1	1	0	0	1	0	HUB-P-2-facs_40_r	טוללער, דזשאָדזש [זלמן טאָלער]
טאמאזעווסקי	2	2	0	0	1	0	HUB-D3604	פינקעל, עמאַ [טאָמאַשעווסקי]
טאנטשוק	1	1	0	0	1	0	HUB-P-2-facs_33_r	טאַנטשוק, [?]
טאניא	1	1	0	0	1	0	HUB-P-3-facs_28_tr_1752653013	פּאָלאַנד, טאַניאַ
טאנענצאפ	20	20	0	0	1	0	HUB-D3050	טאַנענצאפּ, דוד
טאנצמאנען	1	1	0	0	1	0	HUB-D729	טאַנצמאַן, אַברהם-יצחק
טארלא	3	2	0	1	1	0	HUB-D3054	טאַרלאָ, הענרי
טארנבערג	8	8	0	0	1	0	HUB-D3082	טאָרבערג, סעמיועל (שמואל)
טוביה	2	2	0	0	1	0	HUB-D2794	ראָזענבערג, טוביה-גדליהו
טווערסקי	1	0	0	1	0	0		
טונקלען	1	1	0	0	1	0	HUB-D3120	טונקעלער דער [יוסף טונקעל]
טונקעלער	1	1	0	0	1	0	HUB-D3120	טונקעלער דער [יוסף טונקעל]
טוראווסקי	1	1	0	0	1	0	HUB-D3126	טוראָווסקי, יעקב
טיטעלמאז	1	1	0	0	1	0	HUB-D3077	טיטעלמאַן, מרדכי-חיים
טיטעלמאן	25	22	0	3	1	0	HUB-D3077	טיטעלמאַן, מרדכי-חיים
טיטעלמאנען	1	1	0	0	1	0	HUB-D3077	טיטעלמאַן, מרדכי-חיים
טייטעלבוים	3	1	0	2	1	0	HUB-D3061	טייטעלבוים, אַברהם (=שלום, סעם)
טילי	2	2	0	0	1	0	HUB-P-5-facs_618_tr_1739221557	מעלווין טיליס
טעאדאר	1	1	0	0	1	0	HUB-D2977	זילבּערט, טעאָדאַר-הערצל
טענענהאלץ	1	1	0	0	1	0	HUB-D813	טענענהאָלץ, אליהוּ
טער	1	1	0	0	1	0	HUB-D3067	טער, יעקב
טרייטלער	31	29	0	2	1	0	HUB-D3089	טרייטלער, חיים-בּנימין (טשאַרלז)
טרייטלערן	2	0	0	2	0	0		
טרייטלערס	1	0	0	1	0	0		
טרילינג	8	7	0	1	2	0	HUB-D3092|HUB-D3093	טרילינג, איליאַ (סימאָן)|טרילינג, מאַניע (מרים)
טשארלי	2	2	0	0	1	0	HUB-P-3-facs_279_tr_1755674215	קאָהען, טשאַרלי [שבתי)
טשייקאווסקי	4	4	0	0	1	0	HUB-D3058	טשייקאָווסקי, הערי [הערשל חייקאָווסקי]
טשעטשעלניצקי	1	1	0	0	1	0	HUB-D3103	טשעטשילניצקי, אַווראָם
טשערנאוו	3	3	0	0	1	0	HUB-D1448	טשערטאָוו, אַלעקס
יאבלאנסקי	2	2	0	0	1	0	HUB-D3285	יאַבלאָנסקי, אַברהם-יצחק [יאַבלאָנקא]
יאבלאקאוו	2	2	0	0	1	0	HUB-D3284	יאַבּלאָקאָוו, חיים [יאַבּלאָניק]
יאווילער	3	0	0	3	0	0		
יאוועליר	18	18	0	0	1	0	HUB-D2061	יאָוועליר, קלמן
יאוועלירן	1	1	0	0	1	0	HUB-D2061	יאָוועליר, קלמן
יאזעפסאן	1	1	0	0	1	0	HUB-P-2-facs_64_r_6	יאָזעפזאָן, רייטשל
יאנאס	4	4	0	0	1	0	HUB-D3122	טורקאָוו, יאָנאַס
יאנג	6	6	0	0	1	0	HUB-D3320	יאָנג, בערנאַרד [בועז יונגוויץ]
יאנקל	4	4	0	0	2	0	HUB-D1291|HUB-D3522	בזשוסטאָווסקי (בריסטאָווסקי) חיים-יאנקל|טרופּיאַנסקי, יאַנקל (יעקב)
יאנקעלע	2	2	0	0	2	0	HUB-D3299|HUB-D3507	דאַנציגער, יאַנקעלע|יאַנקעלע מיט דער האַרמאָניע [הירשענביין]
יאסל	4	4	0	0	3	0	HUB-D1418|HUB-D2523|HUB-D3609	בודייסקי, יאָסל|מוראַק יאָסל|קאָטלער יאָסל
יאסעלע	2	2	0	0	1	0	HUB-D2518	מאָשקאָוויטש, יאָסעלע
יאקאב	11	11	0	0	1	0	HUB-D3289	יאַקאָבּ, מאָזעס (משה-יעקב)
יאקאבזאן	1	1	0	0	1	0	HUB-D2055	דזשייקאָבסאָן, יוסף [יאַקאָבזאַן]
יאקאבי	2	2	0	0	1	0	HUB-D2056	יאַקאָבּי, פּראָפעסאָר
יאקב	1	1	0	0	1	0	HUB-D3290	יאקב בּה' יחזקאָל מפּוזנן
יאקובאוויטשן	1	0	0	1	0	0		
יאריכאווסקי	2	2	0	0	1	0	HUB-P-2-facs_74_r_3	יאַריכאָווסקי, אַליהו-זלמן
יהואש	7	7	0	0	1	0	HUB-D3307	יהואש [שלמה בּלוּמגאַרטען]
יולין	1	1	0	0	1	0	HUB-D3323	יוּלין, יהודה [עטמאַן]
יונגוויץ	2	2	0	0	1	0	HUB-D3320	יאָנג, בערנאַרד [בועז יונגוויץ]
יונגווירט	5	5	0	0	1	0	HUB-D3325	יונגווירט, לעאָפּאָלד (פרץ)
יונגווירטן	3	2	0	1	1	0	HUB-D3325	יונגווירט, לעאָפּאָלד (פרץ)
יושקעוויטש	7	7	0	0	1	0	HUB-D3326	יושקעוויטש, סעמיאָן
יושקעוויטשעס	2	2	0	0	1	0	HUB-D3326	יושקעוויטש, סעמיאָן
יזראעל	1	1	0	0	1	0	HUB-D1538	עדעלמאַן, יזראַעל
יחזקאל	1	1	0	0	1	0	HUB-D1505	דאָברושין,יחזקאל
יחיאל	3	3	0	0	1	0	HUB-D1573	ענגעלבערג, לוצא [יחיאָל]
יעדוואב	4	3	0	1	1	0	HUB-D3305	יעדוואַבּ, הערש
יעווינא	1	1	0	0	1	0	HUB-D3310	יעווינאַ
יעטא	1	1	0	0	1	0	HUB-P-1-facs_103_r_2	בלאַק יעטאַ
יעקינא	1	1	0	0	1	0	HUB-P-1-facs_311_tr_1741260478	הגדה פֿון יעקינאַ
יערמאלינא	2	2	0	0	1	0	HUB-D3309	יערמאָלינאַ=ווייסמאן, ראָזאַ [רחל יאַרמאָלינצער]
יצחק	5	5	0	0	1	0	HUB-P-6-facs_269_tr_1747928912	פֿרידמאַן יצחק-אייזיק, הרב
ירמיהו	1	1	0	0	1	0	HUB-D1128	אַדלער ירמיהו [גאָלדענבערג-טווערסקי]
ישעיה	2	2	0	0	4	0	HUB-D2244|HUB-D3128|HUB-D3592|HUB-D3638	אוגער, ישעיה|גוטמאָן ישעיה|לערנער ישעיה (שבתי?)|פינקעלשטיין ישעיה מאיר
ישראליק	1	1	0	0	1	0	HUB-P-6-facs_657_tr_1747931522	ישראליק-מנהם הערמעלין
כאראז	5	5	0	0	1	0	HUB-D1441	כאַראַז, לעאָן
כאש	9	9	0	0	2	0	HUB-D2109|HUB-D3550	חאַש, יוסף|קדיש [ק. כאַש]
כהן	1	1	0	0	1	0	HUB-D2066	כַהַן, צבי
כליוונער	1	1	0	0	1	0	HUB-D2102	קעניג, מאָריס [כליוונער]
כריסטעסקא	1	1	0	0	1	0	HUB-D2135	כריסטעסקאָ פּראָפיראַ קאָנסטאַנטינאָוואַ [קריסטערמאַן]
לאבעל	18	14	0	4	1	0	HUB-D2337	לאָבּעל, סאָלאָמאָן [לייבעל]
לאגער	5	4	0	1	1	0	HUB-D2180	לאַגער אהרן
לאהלע	1	1	0	0	1	0	HUB-P-3-facs_329_tr_1756058152	ווענדאָרף, לאהלע [וואַסערמאַן]
לאורא	1	1	0	0	1	0	HUB-D1796	גליקסמאַן, לאַוראַ
לאזאר	3	0	0	3	0	0		
לאטאוויטש	2	2	0	0	1	0	HUB-D2211	לאַטאָוויטש, יצחק
לאטי	1	1	0	0	1	0	HUB-P-5-facs_618_r_22	משה און לאָטי טאַמרעז
לאטיינער	76	76	0	0	1	0	HUB-D683	לאַטיינער יאָזעף
לאטיינערן	1	1	0	0	1	0	HUB-D683	לאַטיינער יאָזעף
לאטיינערס	2	0	0	2	0	0		
לאכטיגער	4	4	0	0	1	0	HUB-D2179	לאַכטינגער, הענרי
לאמפע	1	1	0	0	1	0	HUB-D2183	לאַמפּע, מאָריס
לאנדמאן	1	1	0	0	2	0	HUB-D2192|HUB-D2193	לאַנדמאַן, דר.|לאַנדמאַן, הערי
לאנצמאז	1	1	0	0	1	0	HUB-D2200	לאַנצמאַן, זקן זרח-פּלטיאל
לאנצמאן	8	7	0	1	1	0	HUB-D2200	לאַנצמאַן, זקן זרח-פּלטיאל
לאסקאווסקי	1	1	0	0	1	0	HUB-D2207	לאַסקאָווסקי, פיליפּ
לאסקי	1	1	0	0	1	0	HUB-D2208	לאַסקי, מאַקס
לארא	2	2	0	0	1	0	HUB-D1704	פֿרידמאַן, לאַראַ [לאה וויינטרויב]
לאריסא	1	1	0	0	1	0	HUB-D1539	עדעלמאַן, לאַריסאַ
לאשקאווסקא	1	1	0	0	1	0	HUB-D2205	לאַשקאָווסקאַ, רעגינאַ
לובא	1	1	0	0	1	0	HUB-D1657	פֿישער לובאַ
לובעלטשיק	1	1	0	0	1	0	HUB-D3585	לובעלטשיק יצחק
לובריצקי	1	0	0	1	0	0		
לודנער	1	0	0	1	0	0		
לויטער	1	1	0	0	1	0	HUB-D2342	לויטער, עפראים
לומעט	1	1	0	0	1	0	HUB-D2362	לוּמעט, ברוּך
לוס	1	1	0	0	1	0	HUB-D1746	גערמאַן, לוס [לאָשאַ קוטנער]
לוקאטשער	3	3	0	0	1	0	HUB-D2360	לוקאַטשער חיים-שמואל
לוריע	2	2	0	0	1	0	HUB-D2363	לוּריע, אַרן
ליא	2	2	0	0	1	0	HUB-D1391	ברין, אַליאַ [גאָלדע זיידלין]
ליאמפע	2	2	0	0	1	0	HUB-D2277	ליאַמפּערט, שמוּאל
ליביז	3	3	0	0	1	0	HUB-D929	ליבּין, ז. [ישראל-זלמן הוּרוויטש]
ליבין	26	26	0	0	1	0	HUB-D929	ליבּין, ז. [ישראל-זלמן הוּרוויטש]
ליבמאן	1	1	0	0	1	0	HUB-D2284	ליבּמאַן, פּאול [איצקאָווסקי]
ליבערט	31	31	0	0	2	0	HUB-D2282|HUB-P-1-facs_118_r_2	בערטעל-ליבערט|ליבּערט, יאַנקעוו
ליבערטן	3	0	0	3	0	0		
ליברעסקא	2	2	0	0	1	0	HUB-D924	ליבּרעסקאָ, יצחק [ליבּער]
ליובא	3	2	0	1	1	0	HUB-D1553	אייזענבערג, ליובאַ
ליוויי	3	3	0	0	2	0	HUB-D2272|HUB-D816	ליוויי, יוּליוּס|ליוויי, מאַקס
ליזע	2	2	0	0	1	0	HUB-D2735	ראַפּעל, ליזע [שולמית שאַפּראַן]
ליטמאן	19	19	0	0	2	0	HUB-D2328|HUB-D2330	ליטמאַן, אַברהם|ליטמאַן, יעקב
לייבע	1	1	0	0	1	0	HUB-P-3-facs_280_r_3	פֿייווישאָוו, לייבע
לייבעלע	3	3	0	0	1	0	HUB-D1804	גאָלד, לעאָן [לייבעלע גאָלדוואָג]
לייוויקן	2	2	0	0	1	0	HUB-D2229	לייוויק, ה. [לייוויק האַלפּער]
לייוויקס	8	8	0	0	1	0	HUB-D1439	כאַנוקאָוו, לייוויק
לייזע	1	1	0	0	1	0	HUB-P-5-facs_270_tr_1739220577	דייכעס לייזע
לייזער	1	1	0	0	1	0	HUB-D2740	ראוך לייזער,
לייכטענשטיין	3	3	0	0	1	0	HUB-P-5-facs_548_r_10	ליכטענשטיין,
לייפציגער	1	0	0	1	0	0		
ליכטיגער	1	0	0	1	0	0		
ליכטענשטיין	1	1	0	0	2	0	HUB-D2287|HUB-P-5-facs_548_r_10	ליכטענשטיין,|ליכטענשטיין, משה
לילי	6	6	0	0	1	0	HUB-D1814	גאָלדבערג, לילי
ליליאנא	1	1	0	0	1	0	HUB-P-3-facs_332_tr_1756058897	ליליאָנאַ, לילי
ליליען	12	9	0	3	1	0	HUB-D2304	ליליען, איזידאָר
ליליעןס	1	0	0	1	0	0		
ליליענבלום	2	2	0	0	1	0	HUB-D930	ליליענבלום, משה-לייב
ליליענען	2	1	0	1	1	0	HUB-D2304	ליליען, איזידאָר
ליליפוט	1	0	0	1	0	0		
לילית	1	1	0	0	1	0	HUB-D2303	לילית, אָליאַ [לאָליאַ צעדערבוים]
לינא	1	0	0	1	0	0		
ליניעצקי	2	2	0	0	1	0	HUB-D2311	ליניעצקי, יצחק-יואל
לינעצקי	6	6	0	0	2	0	HUB-D2309|HUB-D2310	לינעצקי|לינעצקי, הענעך
ליפאוויעצקי	3	3	0	0	1	0	HUB-D2317	ליפּאָוויעצקי, אברהם
ליפאווסקין	7	0	0	7	0	0		
ליפאוועצקי	1	1	0	0	1	0	HUB-D2319	ליפּאָווסקי, נחוּם
ליפמאן	6	5	0	1	1	0	HUB-D2315	ליפּמאַן, משה
ליפצין	22	22	0	0	2	0	HUB-D2325|HUB-D762	ליפּצין, סיליע [פּעקער]|ליפּצין, קעני [קריינע סאָניעס, סאַכאַר]
לעא	1	1	0	0	1	0	HUB-D932	ליאָוו, לעאָ (משה-לייב)
לעאנאוו	1	1	0	0	1	0	HUB-P-5-facs_438_r_20	לעאָנאָוו, לעאָניד,
לעאנארד	1	1	0	0	1	0	HUB-D2190	לאַנדעס, לעאָנאַרד דר.
לעבעדיעוו	7	7	0	0	1	0	HUB-D882	לעבעדיעוו, אהרן
לעבעדיעוון	1	1	0	0	1	0	HUB-D882	לעבעדיעוו, אהרן
לעבעדעוו	5	5	0	0	1	0	HUB-D882	לעבעדיעוו, אהרן
לעוויטאן	5	0	0	5	0	0		
לעווינזאן	1	0	0	1	0	0		
לעווינסאן	3	3	0	0	1	0	HUB-D2265	לעווינסאָן, אַברהם
לעווענזאן	1	1	0	0	1	0	HUB-D2251	לעווענזאָן, דוד
לעווענשטיין	1	1	0	0	2	0	HUB-D2253|HUB-D3587	לעווענשטיין, איזידאָר (אַפֿרים-יצחק)|לעווענשטיין, חנן
לעמקאף	1	1	0	0	1	0	HUB-D2129	קאָפלער-לעמקאָוו [יעקב?]
לעסינג	6	6	0	0	1	0	HUB-D2245	לעסינג, דזשאָזעף
לערמאן	10	10	0	0	2	0	HUB-D2239|HUB-D2243	לערמאַן, אַ[ליהו]|לערמאַן, יעקב
לערנערס	2	0	0	2	0	0		
לערעסקא	1	1	0	0	1	0	HUB-D2238	לערעסקאָ, סאַמועל [שמואל לעהרער]
לעש	1	1	0	0	1	0	HUB-D2203	לעש, יצחק [איזידאָר לעשטשינסקי]
לעשטשינסקי	1	1	0	0	1	0	HUB-D2203	לעש, יצחק [איזידאָר לעשטשינסקי]
מאגולעסקא	83	83	0	0	3	0	HUB-D2499|HUB-D759|HUB-P-2-facs_198_r_4	מאַגולעסקאָ, בעסי|מאָגולעסקאָ, אַמאַליע [פינקעלשטיין]|מאָגולעסקאָ, זיגמונט [זעלייג מאָגילעווסקי]
מאגולעסקאן	3	3	0	0	1	0	HUB-P-2-facs_198_r_4	מאָגולעסקאָ, זיגמונט [זעלייג מאָגילעווסקי]
מאגולעסקו	1	0	0	1	0	0		
מאגידזאן	1	0	0	1	0	0		
מאגילעווסקי	1	1	0	0	1	0	HUB-D2497	מאָגילעווסקי, אַלעקסאַנדער (סאָלאָמאָן)
מאוד	1	0	0	1	0	0		
מאזא	3	2	0	1	1	0	HUB-D2424	מאז'ה, (מאַזאָ) מרדכי
מאזאה	3	3	0	0	1	0	HUB-D2424	מאז'ה, (מאַזאָ) מרדכי
מאטיילדא	1	1	0	0	1	0	HUB-D3019	סאַן-קלעיר מאַטילדאַ (מאַנטיבּאַנד]
מאטל	1	1	0	0	1	0	HUB-D2134	קאָן, מאָטל
מאטע	1	0	0	1	0	0		
מאלאמוט	1	1	0	0	1	0	HUB-D2376	מאלאַמוט, יואל-לייב
מאלווינא	3	3	0	0	1	0	HUB-P-3-facs_35_tr_1752653019	פּאַסקעוויטש, מאַלווינאַ
מאלווינע	3	3	0	0	1	0	HUB-D3314	יאָלעס-גימפּעל, מאַלווינאַ
מאליי	2	0	0	2	0	0		
מאלץ	1	1	0	0	1	0	HUB-D2378	מאַלץ, פֿיליפּ
מאנדעלטארט	2	2	0	0	1	0	HUB-D2382	מאַנדעלטאָרט, לעאָן
מאנדעלקערן	4	4	0	0	1	0	HUB-D732	מאַנדעלקערן, יאָזעף
מאנוועל	1	1	0	0	1	0	HUB-D2916	שעכטמאַן, מאַנוועל
מאניא	2	2	0	0	1	0	HUB-D2926	שיין, מאַניאַ [מאָניאַ זאַבורסקאַ]
מאניע	1	1	0	0	1	0	HUB-D1176	אַרנאָן,מרים [מאַניע מאַרגוליס]
מאנסדארף	3	3	0	0	1	0	HUB-D2385	מאַנסדאָרף, אַברהם-יעקב [קעלמאָוויטש]
מאנע	2	2	0	0	1	0	HUB-D765	מאַנע, סאָלאָמאָן
מאסאף	1	1	0	0	1	0	HUB-D2417	מאַסאָף, סאַמועל
מאפו	2	2	0	0	1	0	HUB-D2386	מאָפּו
מארגאלין	1	1	0	0	3	0	HUB-D2391|HUB-D2392|HUB-D2393	מאַרגאָלין, א. דר.|מאַרגאָלין, זכריה|מאַרגאָלין, סאַמואיל א.
מארגולעס	2	0	0	2	0	0		
מארגענבעסער	5	0	0	5	0	0		
מארגענשטערן	2	2	0	0	1	0	HUB-P-5-facs_610_r_145	משה מאָרגענשטערן
מארינאוו	3	3	0	0	1	0	HUB-D2402	מאַריענהאָף, מאַקס
מאריס	1	1	0	0	1	0	HUB-D2508	מאָריס, סעם [שמואל-משה גאַנז]
מאריסאן	4	4	0	0	1	0	HUB-D842	מאָריסאָן, מאָריטץ [משה קאָהן]
מאריסאנען	2	2	0	0	1	0	HUB-D842	מאָריסאָן, מאָריטץ [משה קאָהן]
מאריע	1	1	0	0	1	0	HUB-D3647	אַרסקאַ, מאַריאַ [מרים-רחל]
מאריענהאף	4	3	0	1	1	0	HUB-D2402	מאַריענהאָף, מאַקס
מאריענשטראס	1	1	0	0	1	0	HUB-D2403	מאַריענשטראָס, [?]
מארמער	1	1	0	0	1	0	HUB-P-3-facs_275_tr_1755674154	שומסקי, וואָלף (מאַרמאָר]
מארסאלאוו	2	1	0	1	1	0	HUB-D2413	מאַרסאָלאָוו, ר. [ראובן מאַנדעלבוים]
מארעווסקי	20	20	0	0	1	0	HUB-D2505	מאָרעווסקי, אַברהם (מנקר]
מארעווסקין	2	2	0	0	1	0	HUB-D2505	מאָרעווסקי, אַברהם (מנקר]
מארעק	2	2	0	0	1	0	HUB-D2480	מילנער מאַרקאָ (מאַרעק)
מארק	2	2	0	0	1	0	HUB-D2404	מאַרק, פֿיליפּ
מארקאוו	1	1	0	0	1	0	HUB-D2406	מאַרקאָוו, א. דר.
מארקאוויטשע	1	1	0	0	1	0	HUB-P-5-facs_617_r_9	ייהודית מרים שייווער מאַרקאָוויטש
מארקיש	2	2	0	0	1	0	HUB-D2405	מאַרקיש, פּערעץ
מארקס	2	2	0	0	1	0	HUB-D724	מאַרקס, דאָלף [ראָדקינסאָן]
מארקשיע	1	1	0	0	1	0	HUB-D2405	מאַרקיש, פּערעץ
מאשקאוויטשן	2	2	0	0	1	0	HUB-D2518	מאָשקאָוויטש, יאָסעלע
מוני	4	4	0	0	2	0	HUB-D1215|HUB-D3241	באַדין, מאַקס [מוני באַדיאַן]|ווייזענפֿריינד מוני [משולם-מאיר]
מוסיא	1	1	0	0	1	0	HUB-D1401	בראָדסקי, מוסיאַ
מיאדאווניק	3	3	0	0	1	0	HUB-D2528	מיאָדאָווניק, מאַרק
מייזעל	6	5	0	1	1	0	HUB-D2428	מייזעל, היימאַן (חיים)
מייעראוויטש	6	4	0	2	1	0	HUB-D2457	מייעראָוויטש, דוד
מייערסאנען	1	1	0	0	1	0	HUB-D3814	מייערסאָן, מ. ל.
מייק	1	1	0	0	1	0	HUB-D3073	טאָמאַשעווסקי, מייק (מרדכי)
מייקל	1	1	0	0	1	0	HUB-P-5-facs_598_tr_1739222545	דר מייקל סאַסין
מייקעלזאן	1	1	0	0	1	0	HUB-D2462	מייקעלזאָהן, דזשוליוס [יהודה מיכלזאָהן]
מייקעלסאנען	1	1	0	0	1	0	HUB-D2462	מייקעלזאָהן, דזשוליוס [יהודה מיכלזאָהן]
מיכאלעוויטש	1	1	0	0	1	0	HUB-D2469	מיכאַלעוויטש, ב. ּ[יוסף איזבּיצקי]
מיכאעלס	2	2	0	0	1	0	HUB-D2470	מיכאָעלס, ס. מ. [שלמה וואַפּסי]
מיכאעלעס	1	1	0	0	1	0	HUB-D2470	מיכאָעלס, ס. מ. [שלמה וואַפּסי]
מיכל	1	1	0	0	1	0	HUB-D696	שאַרקאַנסקי, אַברהם מיכל
מילטאן	1	0	0	1	0	0		
מיליך	1	1	0	0	1	0	HUB-D2473	מיליך, זקן
מילנער	2	2	0	0	2	0	HUB-D2480|HUB-D2481	מילנער מאַרקאָ (מאַרעק)|מילנער, מוישע
מינא	1	1	0	0	1	0	HUB-P-4-facs_656_tr_1755029862	מינאַ האָפמאַן
מינדל	3	3	0	0	1	0	HUB-D3112	צוקערמאַן, מינדל [שנאַפּ]
מינדלין	3	0	0	3	0	0		
מיניקע	1	1	0	0	1	0	HUB-D863	מיניקעס, חנן-יעקב
מיניקעס	1	1	0	0	1	0	HUB-D863	מיניקעס, חנן-יעקב
מינץ	1	1	0	0	2	0	HUB-D2487|HUB-D2488	מינץ, מייקעל (מיכאל)|מינץ, עליע [אליהו זאַץ]
מינצע	3	3	0	0	1	0	HUB-D1718	גאָכאַנסקי, מרים (מינצע)
מיראן	1	1	0	0	1	0	HUB-D789	גאָלובאַק, מיראָן ע.
מירעלע	2	2	0	0	1	0	HUB-P-3-facs_345_r	גרובער מירעלע
מישוראד	1	0	0	1	0	0		
מישוראט	24	23	0	1	2	0	HUB-D2490|HUB-D2491	מישוּראַט, מאַקס (מאָטל)|מישוראַט, מאיר [ראַטוּשניק]
מישוראטן	1	1	0	0	1	0	HUB-D2491	מישוראַט, מאיר [ראַטוּשניק]
מלך	1	1	0	0	1	0	HUB-D1990	הערשקאָוויטש, מלך
מלכה	2	2	0	0	1	0	HUB-D2909	שעפנער, מלכה
מעי	1	1	0	0	1	0	HUB-D2980	סיימאָן, מעי
מעימי	1	1	0	0	1	0	HUB-D2506	מאָרגענבעסער מעימי [צווערלינג-קופּערשמידט]
מעלווין	1	1	0	0	1	0	HUB-P-5-facs_618_tr_1739221557	מעלווין טיליס
מעלניק	2	1	0	1	1	0	HUB-D2435	מעלניק, נחום
מעלצערן	1	0	0	1	0	0		
מענדעלע	23	23	0	0	1	0	HUB-D3469	מענדעלע מוכר ספרים [שלום-יעקב אַבראָמאָוויטש]
מענדעלעוויטש	5	5	0	0	1	0	HUB-D2441	מענדעלעוויטש, דוד
מענדעלען	2	2	0	0	1	0	HUB-D1732	גאַזאָווסקי, מאַרקוס [מענדעלע]
מענדעלעס	1	1	0	0	1	0	HUB-D1732	גאַזאָווסקי, מאַרקוס [מענדעלע]
מענזעלע	1	1	0	0	1	0	HUB-D1732	גאַזאָווסקי, מאַרקוס [מענדעלע]
מעני	1	1	0	0	1	0	HUB-D1667	פליישמאַן, מעני [מאיר]
מעסטל	1	1	0	0	1	0	HUB-D2450	מעסטעל, יצחק (=יונה)
מעערסאנען	2	2	0	0	1	0	HUB-D2459	מייערסאָן, ליאָסע
מערי	3	3	0	0	1	0	HUB-P-6-facs_652_r	מערי ריטשמאַן
משה	8	8	0	0	1	0	HUB-D2510	משה מרדכי
משהלע	1	1	0	0	1	0	HUB-D1818	גאָלדבערג, משהלע
מתתיהן	1	1	0	0	1	0	HUB-D2148	קאָוואָלסקי, מתתיהן
נאאום	1	1	0	0	1	0	HUB-D3392	זיגעל, נאַאום
נאגער	1	1	0	0	1	0	HUB-D2534	נאַגער אהרן
נאדאלסקי	1	1	0	0	1	0	HUB-D812	נאָדאָלסקי, לעאָן (לייב)
נאדיע	2	2	0	0	1	0	HUB-D2723	ראַדין, נאַדיע
נאדיר	3	3	0	0	1	0	HUB-D2533	נאַדיר, משה [יצחק רייז]
נאוויקאוו	2	2	0	0	1	0	HUB-D2577	נאַוויקאָוו, מאָריס [באַכנאָוו]
נאזשיק	7	6	0	1	1	0	HUB-D2579	נאָזשיק, יצחק
נאטאליא	2	2	0	0	1	0	HUB-D2316	ליפּמאַן, נאַטאַליאַ [נייטשע עלבּוים]
נאכבוש	1	1	0	0	1	0	HUB-D2530	נאַכבוש, נח [בושעלעוויטש]
נאמבערג	7	7	0	0	1	0	HUB-D2005	הירש, דוד
נאמבערגן	1	1	0	0	1	0	HUB-D2005	הירש, דוד
נארוויד	5	4	0	1	1	0	HUB-D2576	נאָרווייד מאָריץ [טרעפלער]
נארוויך	1	1	0	0	1	0	HUB-D2576	נאָרווייד מאָריץ [טרעפלער]
נארפלוס	3	3	0	0	1	0	HUB-D2574	נאָרפלוס, יוסף
נוגער	2	2	0	0	1	0	HUB-D2580	נוגער, א. פ.
נודעלמאן	1	1	0	0	1	0	HUB-D1460	קאָהן, ס. ה. [נודעלמאַן]
נוימאן	1	1	0	0	1	0	HUB-D2578	נוימאַן, משה-שמואל
נוסינאווס	1	1	0	0	1	0	HUB-D2583	נוסינאָוו, יצחק
נחמה	9	9	0	0	1	0	HUB-D2550	נחמה (ליפּשיץ-קאַדיש]
נחמיה	1	1	0	0	1	0	HUB-P-5-facs_548_r_4	שמאַיען, נחמיה,
ניגער	4	4	0	0	1	0	HUB-D2567	ניגער שמואל [טשאַרני]
ניוסיא	1	1	0	0	1	0	HUB-D1805	גאָלד, ניוסיאָ [גיסי גאָלדבערג]
נינא	1	1	0	0	1	0	HUB-P-3-facs_278_tr_1755674210	שייקעוויטש, נינאַ [הע צאָג]
ניקאליי	1	1	0	0	1	0	HUB-D1131	אפרת ניקאָליי
נעכאמקאס	1	1	0	0	1	0	HUB-D734	נעכאַמקאָס, מישע
נעמי	9	9	0	0	1	0	HUB-D2539	נעמי, לאה [קיגעל-אייזענבערג]
נעסטאר	3	3	0	0	1	0	HUB-D2556	נעסטאָר משה
נעראסלאווסקא	3	2	0	1	1	0	HUB-D2555	נעראָסלאַווסקאַ, אסתר
נערה	2	1	0	1	1	0	HUB-D3619	נערה [רבקה מאָצקין-ראַקאָוו]
נתן	3	3	0	0	1	0	HUB-D1314	בירנבוים (נחום) נתן, דר.
סאבזיי	1	1	0	0	1	0	HUB-D2817	סאָבסיי דוד-משה
סאבינא	2	0	0	2	0	0		
סאבסיי	66	65	0	1	1	0	HUB-D2817	סאָבסיי דוד-משה
סאבסיין	8	8	0	0	1	0	HUB-D2817	סאָבסיי דוד-משה
סאבסייס	5	4	0	1	1	0	HUB-D2817	סאָבסיי דוד-משה
סאדיגורסקין	1	1	0	0	1	0	HUB-D2821	סאַקס, מיכאַאיל [סאַדייגורסקי]
סאול	1	1	0	0	1	0	HUB-D2059	יאָזעפזאָן, סאַול
סאלאמאן	2	0	0	2	0	0		
סאלאמאנעסקא	2	2	0	0	1	0	HUB-D3009	סאָלאָמאָנעסקאָ, אָסקאַר
סאלאמאנעסקן	1	1	0	0	1	0	HUB-D3009	סאָלאָמאָנעסקאָ, אָסקאַר
סאלטשא	2	2	0	0	1	0	HUB-D3151	וויינבערג, סאלטשע [שרה ליכט]
סאמאלעסקא	1	1	0	0	1	0	HUB-D2826	סאַמאָלעסקאָ, דעיוו
סאמבערג	18	18	0	0	1	0	HUB-D2824	סאַמבערג, אַ. [יצחק-אייזיק סאַמבאָרעק]
סאמבערגן	4	4	0	0	1	0	HUB-D2824	סאַמבערג, אַ. [יצחק-אייזיק סאַמבאָרעק]
סאמואילאוו	5	5	0	0	2	0	HUB-D2829|HUB-D2831	סאַמאילאָוו, ס. [שלמה רעזידענט]|סאַמואילאָוו, משה-בער
סאנדאו	1	1	0	0	1	0	HUB-D2833	סאַנדוּ, א. [אַלעקסאַנדער-סאַמועלי]
סאנדלער	12	12	0	0	2	0	HUB-D3527|HUB-D857	סאַנדלער חיים|סאַנדלער פּרץ
סאפיע	3	3	0	0	1	0	HUB-D723	קאַרפּ, סאָפיע
סאקאלאוו	11	10	0	1	1	0	HUB-D3006	סאָקאָלאָוו, ליפּמאַן (סאָקאָלאָווסקי]
סאקאלעוו	1	1	0	0	1	0	HUB-D3006	סאָקאָלאָוו, ליפּמאַן (סאָקאָלאָווסקי]
סאקס	3	3	0	0	1	0	HUB-D2821	סאַקס, מיכאַאיל [סאַדייגורסקי]
סאקסאגאנסקי	1	1	0	0	1	0	HUB-D2154	קרייצבערג יאַשאַ [סאַקסאַנסקי]
סאקסן	1	1	0	0	1	0	HUB-D2821	סאַקס, מיכאַאיל [סאַדייגורסקי]
סאשא	1	1	0	0	1	0	HUB-P-7-facs_34_r	ראָזענטאָל, סאַשאַ (שמעיה פישנאָוו)
סטאלארסקאיא	1	1	0	0	1	0	HUB-D1408	בראַנשטיין, אסתר [סטאָלאַרסקאַיאַ]
סטאמבולקא	1	1	0	0	1	0	HUB-D3020	סטאַמבולקאַ, העריס
סטעלא	1	1	0	0	1	0	HUB-D1127	אַדלער, סטעלאַ
סטרעלסקא	4	3	0	1	1	0	HUB-D3031	סטרעלסקאָ, סאָניע (סאָפיע)
סיגאל	1	1	0	0	2	0	HUB-D2871|HUB-D2969	סיגאַל בן-ציון|סיגאָל, א.
סיגאלאווסקא	1	1	0	0	1	0	HUB-P-7-facs_108_r	סיגאַלאָווסקאַ, לענאַ
סיגעל	9	9	0	0	1	0	HUB-D910	סיגעל וויליאָם (וועלוול-יצחק הערצאָג]
סיגעלס	1	0	0	1	0	0		
סידני	2	1	0	1	1	0	HUB-D1836	גאָלדין, סידני [סאַמועל גאָלדשטיין]
סיימאן	7	7	0	0	1	0	HUB-D2979	סיימאָן
סילוויא	4	4	0	0	1	0	HUB-D1926	גראָסמאַן, סילוויאַ
סיליע	2	2	0	0	1	0	HUB-D2325	ליפּצין, סיליע [פּעקער]
סימאנאוו	2	0	0	2	0	0		
סימאר	1	1	0	0	1	0	HUB-P-3-facs_396_r_1	רעכצייט, סימאָר (שמעון ישעיהו]
סיעראצקי	25	24	0	1	1	0	HUB-D2891	סיעראָצקי, הערמאַן
סמאלניק	1	1	0	0	1	0	HUB-P-6-facs_34_r_1	בראַנדעסקאָ, יוסף [סמאָלניק]
סמבטיון	1	1	0	0	1	0	HUB-P-2-facs_358_tr_1744365784	„סמבטיון'.
סמיט	6	6	0	0	1	0	HUB-D3001	סמיטה, דוד [שמידט]
סמיטן	2	2	0	0	1	0	HUB-D3001	סמיטה, דוד [שמידט]
סניעגאוו	5	5	0	0	1	0	HUB-D3003	סניעגאָוו, לעאָניד [יהודה-לייב גאָלדשטיין]
סעגאל	5	5	0	0	1	0	HUB-D2873	סעגאַל, באָריס
סעגאלאוויטש	1	1	0	0	2	0	HUB-D2879|HUB-D2881	סעגאַלאָוויטש, זוסמאַן|סעגאַלאָוויטש, נחום
סעווילא	1	1	0	0	1	0	HUB-D2892	סעווילאַ [בת שבע זיגלער, פּאַסטאָר]
סענדיק	2	2	0	0	1	0	HUB-D2886	סענדיק, איסר
סעקונדא	2	2	0	0	1	0	HUB-D2870	סעקונדאַ, שלום
סעקונדע	1	1	0	0	1	0	HUB-D2870	סעקונדאַ, שלום
סעקלער	15	14	0	1	1	0	HUB-D2818	סעקלער הער (ביידערש)
סעקלערס	1	1	0	0	1	0	HUB-D2818	סעקלער הער (ביידערש)
סערא	6	6	0	0	1	0	HUB-D1126	אַדלער סעראַ [שרה-סאָניאַ לעוויצקאַ, היינע-חיימאָוויטש]
ספיוואק	3	3	0	0	3	0	HUB-D3018|HUB-P-5-facs_592_r_6|HUB-P-5-facs_593_r_15	ספּיוואַק, איסאַק,|ספּיוואַק, יונה
ספיוואקאווסקי	61	61	0	0	1	0	HUB-D768	ספּיוואַקאָווסקי, יעקב
ספעקטאראוו	1	1	0	0	1	0	HUB-D3015	ספּעקטאָראָוו, הערש
סקולער	4	4	0	0	1	0	HUB-D2869	סקולער צבי
עדעלהאפער	4	4	0	0	1	0	HUB-D1537	עדעלהאָפֿער, מאָריץ (משה)
עדעלמאן	6	6	0	0	4	0	HUB-D1538|HUB-D819|HUB-P-4-facs_663_tr_1755030300|HUB-P-4-facs_664_tr_1755030050	אַברהם עדעלמאַן|עדעלמאַן, וואָלף|עדעלמאַן, יזראַעל|פעני עדעלמאַן
עדעלשטיין	22	22	0	0	1	0	HUB-D707	עדעלשטיין, יאָזעף (יוסף)
עדעלשטיינען	2	0	0	2	0	0		
עטינגער	6	6	0	0	2	0	HUB-D1597|HUB-D1598	עטינגער שלמה (דר.]|עטינגער, יוסף
עטינגערן	1	1	0	0	1	0	HUB-D1598	עטינגער, יוסף
עטל	2	2	0	0	1	0	HUB-D2149	קאָווענסקאַ, עטל
עלא	2	2	0	0	1	0	HUB-D3385	זיבּעל, עלאַ
עלוויינג	2	2	0	0	1	0	HUB-D1570	עלווינג, בערנאָרד
עלווינג	11	11	0	0	1	0	HUB-D1570	עלווינג, בערנאָרד
עלווינגן	1	0	0	1	0	0		
עלווינגען	1	0	0	1	0	0		
עליאן	1	1	0	0	1	0	HUB-D3528	סארנאַ, צעשאַ [הירשפעלד, עליאַן).
עלמית	7	4	0	3	1	0	HUB-D1140	עלמית, ס. [סאָניאַ לובאָצקי]
עלקין	1	1	0	0	1	0	HUB-D1567	עלקין, מענדל
עלשטיין	1	1	0	0	1	0	HUB-D1568	עלשטיין אַברהם
עמא	3	3	0	0	1	0	HUB-D3464	דרייזינאַ, עמאַ
עמאנועל	1	1	0	0	1	0	HUB-D1488	דעססער, עמאַנועל
עמיל	2	0	0	2	0	0		
ענטין	1	1	0	0	1	0	HUB-D1574	ענטין, יואל
עני	3	3	0	0	1	0	HUB-D2019	האָפמאַן-שניידער עני
עסקרייז	5	3	0	2	1	0	HUB-D1594	עסקרייז יאָזעף
עפלבערג	4	3	0	1	1	0	HUB-D2869	סקולער צבי
עפעלבוים	1	1	0	0	1	0	HUB-D1576	עפּעלבוים ב. (מנחם-בעריש)
עפעלבערג	10	10	0	0	1	0	HUB-D1575	עפּ[פ]עלבערג, העשל
עריק	1	1	0	0	1	0	HUB-D1592	עריק, מאַקס [זלמן מערקין]
ערנא	1	0	0	1	0	0		
פאדזאמטשע	5	5	0	0	1	0	HUB-P-3-facs_12_tr_1752652594	פּאָדזאַמטשע, שלום
פאזנאנסקי	1	1	0	0	1	0	HUB-P-3-facs_17_tr_1752653007	פּאָזנאַנסקי, הערש
פאזנער	1	1	0	0	1	0	HUB-P-3-facs_17_tr_1752653009	פאָזנער (יחיאל-) מאיר
פאטאצקא	11	11	0	0	1	0	HUB-P-3-facs_19_tr_1752653066	פּאָטאָצקאַ, לידיאַ
פאטאשינסקי	2	2	0	0	1	0	HUB-P-3-facs_20_tr_1752653056	פּאַטאַשינסקי, משה
פאליאקאו	1	1	0	0	1	0	HUB-P-3-facs_29_tr_1752653003	פאָליאַקאָוו, אַהרן [פּאָליאַטשעק]
פאליאקעוויטש	2	2	0	0	1	0	HUB-P-3-facs_29_tr_1752653003	פאָליאַקאָוו, אַהרן [פּאָליאַטשעק]
פאלינאווא	1	1	0	0	1	0	HUB-D2677	פּאָלינאָוואָ, [?]
פאניא	2	2	0	0	1	0	HUB-D3110	ציפּקינאַ פאַניאַ
פאסקעוויטש	1	1	0	0	2	0	HUB-P-3-facs_35_tr_1752653019|HUB-P-3-facs_35_tr_1752653022	פּאַסקעוויטש, דזשאַנעט|פּאַסקעוויטש, מאַלווינאַ
פאפער	1	1	0	0	1	0	HUB-P-3-facs_36_tr_1752653032	פֿאָפּער, דוד
פארנעס	2	2	0	0	1	0	HUB-P-3-facs_36_r_5	פאַרנעס, נייטאָן
פולווער	1	1	0	0	1	0	HUB-P-3-facs_37_tr_1752653028	פולווער לעוו
פזשיגאדא	1	1	0	0	1	0	HUB-P-3-facs_89_tr_1753268336	פזשיגאָדאַ, [?]
פיורניק	1	1	0	0	1	0	HUB-P-3-facs_91_tr_1753268268	פּיורניק, רוזשאַ
פיזשאן	1	1	0	0	1	0	HUB-D3605	פישזאָן, מישאַ [משה כאָסידמאַן]
פייווישאוו	2	2	0	0	1	0	HUB-P-3-facs_280_r_3	פֿייווישאָוו, לייבע
פייוול	2	2	0	0	1	0	HUB-D3242	ווייזענפֿריינד פֿיליפּ [נחום-פייוול]
פיינבערג	1	1	0	0	2	0	HUB-D1626|HUB-D3590	פֿיינבערג יאָזעף|פֿיינבערג, העריס
פיינמאז	2	0	0	2	0	0		
פיינשטיין	8	8	0	0	1	0	HUB-P-6-facs_101_tr_1747825157	פֿיינשטיין, הערמאַן (צבי-חיים)
פייערשטיין	1	1	0	0	1	0	HUB-D1635	פֿייערשטיין, אַשר [זעליג גאַבעל ?]
פילאפעסקא	1	1	0	0	1	0	HUB-P-1-facs_132_tr_1740520964	פיליפּעסקאַ און זיין פרוי דזשאַנעט
פיליפעסקא	2	2	0	0	2	0	HUB-P-1-facs_132_tr_1740520964|HUB-P-3-facs_282_tr_1755674183	פיליפּעסקאַ און זיין פרוי דזשאַנעט|פֿיליפּעסקאָ, פֿרידריך [בלייכער]
פין	1	1	0	0	1	0	HUB-P-2-facs_51_tr_1744131371	"„טעיאַטאָר פֿין חסידים""."
פינטשיק	2	2	0	0	1	0	HUB-P-3-facs_91_tr_1753268278	פּינטשיק, פּ. [פּנחס סגל]
פיניעק	2	2	0	0	1	0	HUB-D3388	זיגלבוים, פיניע
פינסקי	39	39	0	0	1	0	HUB-P-3-facs_92_r	פּינסקי, דוד
פינקל	8	8	0	0	1	0	HUB-P-3-facs_279_tr_1755674208	פינקעל, אַליעזר-דוד
פינקעלשטיין	10	10	0	0	2	0	HUB-D3578|HUB-D3592	אייזיק און פּאָליאַ פינקעלשטיין|פינקעלשטיין ישעיה מאיר
פינקעלשטיינען	1	0	0	1	0	0		
פיקאן	8	8	0	0	1	0	HUB-P-3-facs_116_tr_1754820291	פּיקאָן, מאַלי
פיראזשניקאוו	2	2	0	0	1	0	HUB-P-3-facs_124_tr_1754820292	פּיראָזשניקאָוו, יצחק
פישזאניען	1	0	0	1	0	0		
פישזאנען	11	0	0	11	0	0		
פישעלעוויטש	4	4	0	0	1	0	HUB-P-3-facs_320_tr_1756045941	פישעלעוויטש, יצחק
פישקינד	6	6	0	0	1	0	HUB-D3593	פישקינד, אַברהם
פלאום	2	2	0	0	1	0	HUB-P-6-facs_104_tr_1747825067	פלאָום, שרה
פלאפאן	1	1	0	0	1	0	HUB-D1665	פלאַפּאַן, יעקב
פלייסיגן	1	1	0	0	1	0	HUB-D1668	פלייסיג, [?]
פליישמאן	1	1	0	0	1	0	HUB-D1667	פליישמאַן, מעני [מאיר]
פנחס	2	1	0	1	1	0	HUB-D2045	איזבעסקאָ, פינקוס [פּנחס איזבעסקי]
פסח	2	2	0	0	1	0	HUB-D1144	אַמאַטין, פּעטער [פּסח גאָלדבערג]
פעדער	1	1	0	0	3	0	HUB-D1620|HUB-D1621|HUB-P-5-facs_24_tr_1729945242	אוריך, צילע [חיה צילע פעדער]|פעדער, אייזיק [פּעדאָרעסקו]|פעדער, משה
פעדערעסקא	1	1	0	0	1	0	HUB-D1620	פעדער, אייזיק [פּעדאָרעסקו]
פעלא	1	1	0	0	1	0	HUB-P-3-facs_275_tr_1755674168	שומסקי, פעלאַ [כור-לאַנצמאַן]
פעליא	1	1	0	0	1	0	HUB-P-5-facs_446_r_2	ראָטשטיין פעליאַ
פעניגשטיין	2	2	0	0	1	0	HUB-D3594	פעניגשטיין, אַדאָלף
פעפי	3	3	0	0	1	0	HUB-D2329	ליטמאַן, פּעפּי [פּעשע קאַהאַנע]
פפיליפעסקא	1	1	0	0	1	0	HUB-P-1-facs_132_tr_1740520964	פיליפּעסקאַ און זיין פרוי דזשאַנעט
פראגער	4	4	0	0	2	0	HUB-P-3-facs_136_tr_1754820282|HUB-P-3-facs_155_tr_1754213834	פּראַגער רעגינע|פרעגער, יעקב
פראנצאז	1	1	0	0	1	0	HUB-P-6-facs_90_r_2	פֿראַנצאָז, זכריה [פּראַנקאָווסקי]
פראנצאס	4	4	0	0	1	0	HUB-P-6-facs_90_r_2	פֿראַנצאָז, זכריה [פּראַנקאָווסקי]
פריביאגא	1	1	0	0	1	0	HUB-P-3-facs_147_tr_1754213828	פּריבעאַגו, יאָן [איזאַק לאַזאַראָוויטש]
פריד	3	3	0	0	2	0	HUB-D1698|HUB-P-3-facs_308_tr_1755973377	פריד, לאַזאַר|פֿריד, י.
פרידא	1	1	0	0	1	0	HUB-D3386	זיבּעל, פרידא [זשאַרטאָווסקי]
פרידזעל	5	5	0	0	1	0	HUB-P-3-facs_284_tr_1755674201	פֿרידזעל, לואיס
פרידמאנען	1	0	0	1	0	0		
פריידעלע	2	2	0	0	2	0	HUB-D2604|HUB-D3635	ווינטער פֿראַניאַ [פריידל ראָזענראַט]|פֿריידעלע [אוישער]
פרייס	1	1	0	0	1	0	HUB-P-3-facs_150_tr_1754213811	פּרייס, מיכאל
פרישמאן	3	3	0	0	1	0	HUB-D3628	פרישמאַן, דוד
פרעגער	3	3	0	0	1	0	HUB-P-3-facs_155_tr_1754213834	פרעגער, יעקב
פרעגערן	1	1	0	0	1	0	HUB-P-3-facs_155_tr_1754213834	פרעגער, יעקב
פרענצים	1	1	0	0	1	0	HUB-P-2-facs_356_r	סינקאָף, פרענציס [שאַפּיראָ]
פרענקל	1	0	0	1	0	0		
פרץ	64	64	0	0	2	0	HUB-D857|HUB-P-3-facs_160_tr_1755156219	סאַנדלער פּרץ|פרץ, יצחק לייבוש
צווייבעל	1	0	0	1	0	0		
צווייפעל	2	2	0	0	1	0	HUB-D814	צווייבעל, לואיס
צונזער	3	3	0	0	2	0	HUB-P-1-facs_88_r_10|HUB-P-3-facs_269_tr_1755674195	טאָמער צונזער, מרים (מיני)|צונזער, אליקום
צוקער	5	5	0	0	1	0	HUB-D3540	צוקער, שלום
צוקערמאן	9	9	0	0	2	0	HUB-D3431|HUB-D3807	צוקערמאַן, איזידאָר|צוקערמאַן, לייזער
צייטלין	1	1	0	0	3	0	HUB-D3364|HUB-D3365|HUB-D3541	צייטלין, אַלחנן|צייטלין, אהרן [-אליעזר]|צייטלין, לעוו (אהרן-לייב)
ציליע	1	1	0	0	1	0	HUB-D2228	לייבאָוויטש, ציליע
צימבאליסט	3	2	0	1	1	0	HUB-D3405	צימבאַליסט, קאָרל [עקיבאַ]
ציפקוס	13	13	0	0	1	0	HUB-D3650	ציפקוס יעקב [יעקב זיידל ציפּעס]
ציפקוסעס	1	1	0	0	1	0	HUB-D3650	ציפקוס יעקב [יעקב זיידל ציפּעס]
צירל	1	1	0	0	1	0	HUB-D3040	סוזאַן (צירל גאָלדענבערג]
צירעלע	2	2	0	0	1	0	HUB-D3040	סוזאַן (צירל גאָלדענבערג]
צלבה	1	1	0	0	1	0	HUB-D2344	לוּאי, דוד
צעדערבוים	5	0	0	5	0	0		
צעזאר	1	1	0	0	1	0	HUB-D741	גרינבערג, צעזאַר [בצלאַל]
צעלמייסטער	10	9	0	1	1	0	HUB-D3098	צעלמייסטער דוד
צפורה	1	1	0	0	1	0	HUB-D1098	אַבּעלמאַן, ציפּע (צפּורה)
קאברין	34	34	0	0	1	0	HUB-D975	קאָברין, לעאָן
קאברינס	1	1	0	0	1	0	HUB-D975	קאָברין, לעאָן
קאגאן	1	0	0	1	0	0		
קאגוט	1	1	0	0	1	0	HUB-D2130	קאָגוט, אייב
קאדיסאן	3	3	0	0	1	0	HUB-D3808	קאָדיסאָן, לייב [שוסטער]
קאדיש	10	0	0	10	0	0		
קאהאנע	2	2	0	0	1	0	HUB-D3550	קדיש [ק. כאַש]
קאוואלסקי	1	0	0	1	0	0		
קאווארין	1	0	0	1	0	0		
קאזיניץ	1	1	0	0	1	0	HUB-D3485	קאָזיניץ, ש. י (שמואל יצחק]
קאליך	8	8	0	0	1	0	HUB-D922	קאָליך, יעקב
קאליש	20	19	0	1	2	0	HUB-D2068|HUB-D2069	קאַליש, בערטאָ|קאַליש, לעאָן [לייב]
קאלמאנאוויטש	13	13	0	0	2	0	HUB-D2070|HUB-D3640	קאַלמאַנאָוויטש, הערי|קאָלמאַנאָוויטש, לייזער
קאלמאנאוויטשעס	2	2	0	0	1	0	HUB-D2070	קאַלמאַנאָוויטש, הערי
קאמאי	2	2	0	0	1	0	HUB-D2072	קאַמאי ישראל
קאמינסקא	6	6	0	0	1	0	HUB-D3612	קאַמינסקאַ רעגינאַ
קאמינסקאס	1	1	0	0	1	0	HUB-D3612	קאַמינסקאַ רעגינאַ
קאמיען	1	1	0	0	1	0	HUB-D2559	יעקב ניומאַן — וואָרט-קינסטלער און קולטור-עסקן
קאמפאניעעץס	1	0	0	1	0	0		
קאמפאנעיעץ	43	33	0	10	1	0	HUB-D2133	קאָמפּאַנעיעץ, מאַקס [מרדכי, מאָטעק]
קאמפאנעעצס	1	0	0	1	0	0		
קאמפנניעעץ	1	0	0	1	0	0		
קאניעווסקא	7	0	0	7	0	0		
קאניעווסקי	6	5	0	1	1	0	HUB-D2074	קאַניעווסקי, אהרן
קאנעווסקין	1	1	0	0	1	0	HUB-D2074	קאַניעווסקי, אהרן
קאנער	13	12	0	1	1	0	HUB-D2076	קאַנער לעאָפּאָלד [לייב]
קאנערס	1	0	0	1	0	0		
קאנראד	1	1	0	0	1	0	HUB-D1464	קאָנראַד, וויליאַם
קאפלער	2	1	0	1	1	0	HUB-D2129	קאָפלער-לעמקאָוו [יעקב?]
קאפעלמאן	7	7	0	0	2	0	HUB-D2136|HUB-D2137	קאָפּעלמאַן, יאָסעף|קאָפּעלמאַן, לואיס
קאציזנאס	1	1	0	0	1	0	HUB-D3547	קאַציזנע, אַלטער (שלום)
קאציזנע	2	2	0	0	1	0	HUB-D3547	קאַציזנע, אַלטער (שלום)
קאציזנעס	1	1	0	0	1	0	HUB-D3547	קאַציזנע, אַלטער (שלום)
קאצמאן	9	9	0	0	1	0	HUB-D2099	קאַצמאַן, יעקב
קאצענעלזאן	2	2	0	0	1	0	HUB-D3548	קאַצענעלסאָן, יצחק[-יחיאָל]
קאצענעלסאן	2	2	0	0	1	0	HUB-D3548	קאַצענעלסאָן, יצחק[-יחיאָל]
קאצענעלענבאגן	1	1	0	0	1	0	HUB-P-6-facs_254_tr_1747928885	קאַצענעלענבאַגען, ש. י. (רש'י)
קאריק	14	14	0	0	1	0	HUB-D3645	קאָריק, איליאַ
קארנבליט	3	3	0	0	2	0	HUB-D2142|HUB-P-3-facs_333_tr_1756059823	פיעלד אסתר [קאָרנבליט]|קאָרנבליט, ז[ישע]
קארנפעלד	1	1	0	0	1	0	HUB-P-7-facs_81_r_7	קאָרנפעלד, לעאָן
קארעס	1	1	0	0	1	0	HUB-D2141	קאָרעס [?]
קארפ	7	7	0	0	1	0	HUB-D703	קאַרפּ, מאַקס
קדיש	7	7	0	0	1	0	HUB-D3550	קדיש [ק. כאַש]
קוזניעצאוו	1	1	0	0	1	0	HUB-D2178	קוזניעצאָוו, לייב
קוטנער	11	11	0	0	1	0	HUB-D3551	קוטנער, שלמה
קויפמאן	4	3	0	1	1	0	HUB-D2100	קויפמאַן, הערשל
קופערשמידט	2	1	0	1	1	0	HUB-D1465	קופּערשמידט, לואיס
קוראזש	4	4	0	0	1	0	HUB-D711	קוראַזש, גאָדל [?]
קורלענדער	1	1	0	0	1	0	HUB-D2172	קורלענדער יעקב
קידי	1	0	0	1	0	0		
קיטאין	1	1	0	0	1	0	HUB-D2122	קיטאָי, משה-מיכאל
קייזער	1	0	0	1	0	0		
קייזעראוויטש	5	4	0	1	1	0	HUB-D2104	קייזעראָוויטש, דוד
קייט	1	0	0	1	0	0		
קלמן	3	3	0	0	1	0	HUB-D2095	כץ, איזאַק
קלעבאנאוו	1	0	0	1	0	0		
קנעלער	1	0	0	1	0	0		
קעלטער	1	0	0	1	0	0		
קעלער	1	1	0	0	1	0	HUB-D3353	זאַרזשעווסקאַ, פאַלינאַ [קעלער]
קעסטין	6	4	0	2	1	0	HUB-D2090	קעסטין, סעם
קעסלערן	15	15	0	0	1	0	HUB-D721	קעסלער, דוד
קערי	1	1	0	0	1	0	HUB-P-5-facs_606_r_165	קערי האָדעם
קערמאן	1	1	0	0	1	0	HUB-D3556	קערמאַן, פּסח [פתחיה אַקערמאַן]
קעשיער	2	2	0	0	1	0	HUB-P-3-facs_289_tr_1755803006	קעשיר איזידאָר [זישע קאַסירער]
קראנץ	1	1	0	0	1	0	HUB-P-6-facs_266_tr_1747929004	קראַנץ פֿיליפּ [יעקב ראָמבראָ]
קראנצפעלד	1	1	0	0	1	0	HUB-D838	קראַנצפעלד שרה
קרוג	5	5	0	0	1	0	HUB-D2168	קרוג, [?]
קרויזע	25	22	0	3	1	0	HUB-D2151	קרויזע, שלמה
קרופאווניצקי	1	1	0	0	1	0	HUB-D2151	קרויזע, שלמה
קרייצבערגן	1	1	0	0	1	0	HUB-P-3-facs_349_tr_1756107917	קרייצבערג, בערטאָ [לעסער]
קרעטשמארעס	1	0	0	1	0	0		
קרעמער	4	4	0	0	7	0	HUB-D2156|HUB-D2158|HUB-D2159|HUB-D2160|HUB-D3489|HUB-P-3-facs_280_tr_1755674193|HUB-P-6-facs_60_tr_1747746173	קרעמער איידא|קרעמער איידאַ|קרעמער איסאַק|קרעמער יוסף|קרעמער לואיס|קרעמער צלאַל (סאַשאַ)|קרעמער, איזאַ
ראבערט	1	1	0	0	1	0	HUB-P-3-facs_314_tr_1756043856	פֿאָלק, ראָבערט
ראדיאן	1	0	0	1	0	0		
ראדקינסאן	1	1	0	0	1	0	HUB-D724	מאַרקס, דאָלף [ראָדקינסאָן]
ראזע	9	9	0	0	1	0	HUB-D1178	אַרנשטיין, ראָזע
ראזענבלאט	1	1	0	0	1	0	HUB-D1518	דראַנאָוו, מ. [מרדכי דוד ראָזענבלאַט]
ראזענקראנץ	2	0	0	2	0	0		
ראזענשטיין	2	0	0	2	0	0		
ראט	3	2	0	1	1	0	HUB-D2785	ראָט, גרשון
ראטבלום	1	1	0	0	3	0	HUB-D2786|HUB-P-3-facs_338_tr_1756106568|HUB-P-3-facs_338_tr_1756106571	ראַטבלום [רויטבלום], יצחק|ראַטבלום ישראל|ראַטבלום, ישראל
ראטשטיינען	1	1	0	0	1	0	HUB-D964	ראָטשטיין, עליאַס
ראלאנד	4	3	0	1	1	0	HUB-D2771	ראָלאַנד, וויליאַם (וועלוול כאַסקין)
ראמבא	1	1	0	0	1	0	HUB-P-6-facs_266_tr_1747929004	קראַנץ פֿיליפּ [יעקב ראָמבראָ]
ראמען	2	2	0	0	1	0	HUB-D3559	ראָזענטאַל, ראָמאַן
ראסי	2	1	0	1	1	0	HUB-D2427	מעדוויעדעוואַ, ראָסי
ראפאלאוויטש	1	1	0	0	1	0	HUB-D2726	ראַפֿאַלאָוויטש, חיים, מ.
ראפעלן	12	0	0	12	0	0		
ראשעל	1	1	0	0	1	0	HUB-D1265	בערגער ראַשעל
רובינשטיין	4	4	0	0	2	0	HUB-D2811|HUB-P-5-facs_423_r_4	רובינשטיין, נחום,|רובינשטיין, צבי-הירש
רויך	1	0	0	1	0	0		
רומשינסקי	17	17	0	0	1	0	HUB-P-3-facs_402_tr_1755856047	רומשינסקי, יוסף [רומשיסקי]
רומשינסקין	1	1	0	0	1	0	HUB-P-3-facs_402_tr_1755856047	רומשינסקי, יוסף [רומשיסקי]
רומשינסקיס	1	1	0	0	1	0	HUB-P-3-facs_402_tr_1755856047	רומשינסקי, יוסף [רומשיסקי]
רוסאטא	1	1	0	0	1	0	HUB-P-5-facs_618_tr_1739221558	שמעון רוסאַטאַ
ריבא	2	2	0	0	1	0	HUB-D2816	ריבאַ, הענריק [חיים]
ריבאלסקי	4	4	0	0	1	0	HUB-D3786	ריבאַלסקי, מרדכי
ריוועסמאן	2	2	0	0	1	0	HUB-D2764	ריוועסמאַן, מרדכי
ריווקינא	2	1	0	1	1	0	HUB-D2201	לאַפּיס-וואָלקענשטיין ריווקע [ריטע לילינאַ]
רייזל	3	3	0	0	1	0	HUB-P-3-facs_399_tr_1755856127	באַזשיק, רייזל [לעוועבראווסקאַ]
רייזמאן	1	1	0	0	1	0	HUB-D3787	רייזמאַן, יונה
רייזעלע	1	1	0	0	1	0	HUB-D3791	רענעי, רות [רייזעלע טאַבאַקסבלאַט]
רייזענס	3	3	0	0	1	0	HUB-D3654	רייזען, אַברהם
רייטשעל	1	1	0	0	1	0	HUB-D2227	לייבּאָוויטש, רייטשעל
ריינהארד	2	0	0	2	0	0		
ריינהארט	1	0	0	1	0	0		
רייש	3	3	0	0	1	0	HUB-P-6-facs_193_tr_1747825032	רייש, משה
ריישן	1	1	0	0	1	0	HUB-P-6-facs_193_tr_1747825032	רייש, משה
ריכטער	15	15	0	0	2	0	HUB-D2759|HUB-D3491	ריכטער נייטאַן|ריכטער, משה
רעבעקא	1	1	0	0	1	0	HUB-P-6-facs_662_tr_1747931526	דען און רעבעקאַ פֿראָהמאַן
רעגינע	2	2	0	0	2	0	HUB-D3184|HUB-P-3-facs_136_tr_1754820282	ווינער-ליכטיגער רעגינע|פּראַגער רעגינע
רעלקין	5	5	0	0	1	0	HUB-D2750	רעלקין, ערווין, א. נאַרנאָלד אַברהם]
שאכט	2	2	0	0	1	0	HUB-P-3-facs_321_tr_1756057140	שאַכט, גוסטאָוו
שאכטן	1	1	0	0	1	0	HUB-P-3-facs_321_tr_1756057140	שאַכט, גוסטאָוו
שאמער	2	2	0	0	2	0	HUB-P-3-facs_263_tr_1755674223|HUB-P-3-facs_267_tr_1755674219	שאַמער-באַטשעליס ראָזע|שאָמער אַברהם
שאפירא	4	4	0	0	5	0	HUB-D2896|HUB-D2897|HUB-D2900|HUB-D2901|HUB-D3562	שאַפּיראַ פֿימע|שאַפּיראָ, דניאל|שאַפּיראָ, טשאַרלז|שאַפּיראָ, סאַני [נתנאַל-דוד]|שאַפּיראָ, פּנחס
שאראוונער	26	26	0	0	1	0	HUB-D2902	שאַראַוונער, דוד
שארלאט	2	2	0	0	1	0	HUB-P-1-facs_319_r_1	הורוויץ שאַרלאָטא [שיפרע]
שארלאטא	1	1	0	0	1	0	HUB-P-1-facs_319_r_1	הורוויץ שאַרלאָטא [שיפרע]
שארלאטע	2	2	0	0	1	0	HUB-P-1-facs_319_r_1	הורוויץ שאַרלאָטא [שיפרע]
שארס	2	2	0	0	1	0	HUB-P-6-facs_654_r	ווילי שאָר
שארקאנסקי	10	10	0	0	1	0	HUB-D696	שאַרקאַנסקי, אַברהם מיכל
שווארצבארדן	1	1	0	0	1	0	HUB-P-3-facs_275_tr_1755674163	שוואַרצבאַרד דוד
שווארצבערג	2	2	0	0	1	0	HUB-D2867	שוואַרצבערג, יוסף
שולווייס	2	2	0	0	1	0	HUB-P-3-facs_374_r_1	שולווייס, משה
שולמאן	4	4	0	0	1	0	HUB-D2858	שולמאַן, נייטאָן
שולמית	2	2	0	0	1	0	HUB-D2735	ראַפּעל, ליזע [שולמית שאַפּראַן]
שושנה	12	12	0	0	2	0	HUB-P-3-facs_334_tr_1756105641|HUB-P-5-facs_617_r_3	שושנה ספעקטאָר-גרינבערג|שושנה, ר
שטאקפעדער	5	5	0	0	1	0	HUB-D3564	שטאָקפעדער, אַברהם [משה]
שטיין	7	7	0	0	3	0	HUB-D3024|HUB-D3447|HUB-D3781	שטיין, אַדאָלף (אַברהם)|שטיין, אַליאָשאַ [אליהו]|שטיין, מ. ב. [משה-בער באַרנשטיין]
שטיינבארג	1	1	0	0	1	0	HUB-D3797	שטיינבאַרג אַליעזר
שטיינבערג	5	5	0	0	1	0	HUB-D3026	שטיינבערג, שלמה
שטערן	2	2	0	0	2	0	HUB-D3596|HUB-P-5-facs_618_r_1	מאַלי שטערן|שטערן ישראל
שטערנבערג	1	1	0	0	1	0	HUB-D3027	שטערנבערג, העראָלד
שטראספאגל	1	1	0	0	1	0	HUB-D2950	שטראַספֿאַגעל, לעאָן
שטראספאגעל	7	5	0	2	1	0	HUB-D2950	שטראַספֿאַגעל, לעאָן
שטרודלער	1	1	0	0	1	0	HUB-D2951	שטרודלער, חנאַ
שטרענג	6	5	0	1	1	0	HUB-D3032	שטרענג, מאַקס
שטשערבאקאוו	3	3	0	0	1	0	HUB-D2952	שטשערבאַקאָוו, באָריס מאַרקאָוויטש [בער מאיר]
שיין	1	1	0	0	1	0	HUB-P-5-facs_618_r_13	משה און סאָניאַ שיין
שיינדל	1	1	0	0	1	0	HUB-D1756	גערטנער, דזשעני [שיינדל שטערן]
שיינע	2	2	0	0	1	0	HUB-D1167	אַפּעלבוים ראָזאָליאַ [שיינע רחל וויינשטיין]
שיינפעלד	1	0	0	1	0	0		
שייקעוויטשן	2	2	0	0	1	0	HUB-P-3-facs_277_tr_1755674189	שייקעוויטש, דזשעק [יעקבן
שילדקרויט	24	24	0	0	1	0	HUB-D3816	שילדקרויט, רודאָלף [חיים-מרדכי]
שילדקרויטן	4	4	0	0	1	0	HUB-D3816	שילדקרויט, רודאָלף [חיים-מרדכי]
שילדקרויטס	1	1	0	0	1	0	HUB-D3816	שילדקרויט, רודאָלף [חיים-מרדכי]
שילינג	8	7	0	1	1	0	HUB-D2848	שילינג, סעם [שמחה]
שילינגן	1	1	0	0	1	0	HUB-D2848	שילינג, סעם [שמחה]
שילער	19	0	0	19	0	0		
שילערס	4	0	0	4	0	0		
שימאנסקי	1	1	0	0	1	0	HUB-D2928	שימאַנסקי (סיימאַן], אַברהם-שמואל
שיפער	1	1	0	0	1	0	HUB-D3567	שיפּער יצחק (איגנאַץ) דר.
שכר	1	1	0	0	1	0	HUB-D1855	גאָלדשטיין, שכר
שלאסבערג	4	4	0	0	1	0	HUB-P-3-facs_286_tr_1755674601	שלאָסבערג, יצחק
שלאסבערגן	1	1	0	0	1	0	HUB-P-3-facs_286_tr_1755674601	שלאָסבערג, יצחק
שליווניאקן	1	1	0	0	1	0	HUB-D3568	שליווניאַק יוסף
שליפערשטיין	22	22	0	0	1	0	HUB-D2932	שליפערשטיין, אַדאָלף
שליפערשטיינען	3	2	0	1	1	0	HUB-D2932	שליפערשטיין, אַדאָלף
שמואליק	1	1	0	0	1	0	HUB-D2936	שמוליאק
שמוליאק	3	3	0	0	1	0	HUB-D2936	שמוליאק
שמידט	1	1	0	0	1	0	HUB-D3001	סמיטה, דוד [שמידט]
שמעיה	2	2	0	0	1	0	HUB-D1832	גאָלדפֿאַדען, שמעיה [גאָלדענפֿאָדים]
שמר	46	46	0	0	1	0	HUB-P-3-facs_250_r	"שמ""ר [שייקעוויטש. נחום מאיר]"
שניאור	5	5	0	0	2	0	HUB-D2938|HUB-D3570	שניאור, חיים [שניאור-היים גאַמעראָוו]|שניאור, מ.
שניידער	1	1	0	0	1	0	HUB-D2850	שניידער, שלמה
שנייער	2	2	0	0	1	0	HUB-D963	שנייער, סעם
שניצער	21	21	0	0	1	0	HUB-D2852	שניצער לואיס [ישראל-לייב]
שניצערס	2	2	0	0	1	0	HUB-D2852	שניצער לואיס [ישראל-לייב]
שנעק	4	4	0	0	1	0	HUB-D2937	שנעק, מאַרקוס
שנעקענדארף	1	1	0	0	1	0	HUB-D2937	שנעק, מאַרקוס
שעהנגאלדס	1	0	0	1	0	0		
שעפטעל	1	1	0	0	1	0	HUB-D3338	זאַק, שעפטל
שעפסינקע	1	0	0	1	0	0		
שערמאן	8	8	0	0	4	0	HUB-D2922|HUB-D2923|HUB-D3303|HUB-P-6-facs_150_tr_1747825139	ירדני, מרדכי [מאָטל שערמאַן]|שערמאַן, דוד|שערמאַן, יאָזעף|שערמאַן, פּנחס
שפאצער	1	1	0	0	1	0	HUB-D3014	שפּאַצער לעאָן
שפירא	4	3	0	1	1	0	HUB-D2899	שפּיראָ, משה
שריפטזעצער	6	5	0	1	1	0	HUB-D3571	שריפטזעצער, לייב
