n	play	page	line_id	offset	span	line	url
401	MS_DiTsveyTnoim	0011_31094209.xml	r1l17	0	ביס	ביס	https://app.transkribus.org/collection/2372172/doc/838430/detail/11
402	MS_DiTsveyTnoim	0011_31094209.xml	line_1639323923028_1521	19	(ווייבער)	אלע. יאַ. די מעננער (ווייבער) זענען זעהר שלעכט	https://app.transkribus.org/collection/2372172/doc/838430/detail/11
403	MS_DiTsveyTnoim	0011_31094209.xml	r1l18	16	(מעננער)	יאַ, די ווייבער (מעננער) זענען זעהר גוט און ליעבליך	https://app.transkribus.org/collection/2372172/doc/838430/detail/11
404	MS_DiTsveyTnoim	0011_31094209.xml	r1l20	1	אַלע מאָהל לויפֿט איינער אַוועק אין מיטין רעפֿריין. הילנאַ בלייבט די לעצטע זינגענד	(אַלע מאָהל לויפֿט איינער אַוועק אין מיטין רעפֿריין. הילנאַ בלייבט די לעצטע זינגענד	https://app.transkribus.org/collection/2372172/doc/838430/detail/11
405	MS_DiTsveyTnoim	0012_31094212.xml	r1l2	0	Verwandlung.	Verwandlung.	https://app.transkribus.org/collection/2372172/doc/838430/detail/12
406	MS_DiTsveyTnoim	0012_31094212.xml	r1l3	0	(צימער ביי ר' יוחנן און 2 טישעל 2 טשערס)	(צימער ביי ר' יוחנן און 2 טישעל 2 טשערס)	https://app.transkribus.org/collection/2372172/doc/838430/detail/12
407	MS_DiTsveyTnoim	0013_31094216.xml	r1l19	31	(צעוויינט זיך)	מַחְרִים מיט כל הַחרמות שבתורה (צעוויינט זיך) בַר לקיש. בַר לקיש ווי ווייט	https://app.transkribus.org/collection/2372172/doc/838430/detail/13
408	MS_DiTsveyTnoim	0013_31094216.xml	r2l11	17	(זינגט)	אלדינג אין לעבען. (זינגט)	https://app.transkribus.org/collection/2372172/doc/838430/detail/13
409	MS_DiTsveyTnoim	0014_31094219.xml	r1l4	0	2. (II)	2. (II)	https://app.transkribus.org/collection/2372172/doc/838430/detail/14
410	MS_DiTsveyTnoim	0014_31094219.xml	r1l14	0	3. (III)	3. (III)	https://app.transkribus.org/collection/2372172/doc/838430/detail/14
411	MS_DiTsveyTnoim	0015_31094223.xml	r1l11	34	(צייגט איהר רינג)	פּדות. קענסט דען רינג, יזראַעלית? (צייגט איהר רינג)	https://app.transkribus.org/collection/2372172/doc/838430/detail/15
412	MS_DiTsveyTnoim	0015_31094223.xml	r1l12	11	(ציטטערט)	יזראַעלית. (ציטטערט) יאַ עס איז מיין טבעת קדושין. וואָס טהוט ער ביי	https://app.transkribus.org/collection/2372172/doc/838430/detail/15
413	MS_DiTsveyTnoim	0016_31094226.xml	r1l12	10	(גוט איהם אַ שפיי אין פּנים)	יזראעלית. (גוט איהם אַ שפיי אין פּנים) און מיט אַ שפּיי אין דיין פָּנים רייס	https://app.transkribus.org/collection/2372172/doc/838430/detail/16
414	MS_DiTsveyTnoim	0016_31094226.xml	r1l18	15	(נעהמט ארויס אַ פּאַפּיער)	לעצטעס וואָרט! (נעהמט ארויס אַ פּאַפּיער). דאָס איז איין	https://app.transkribus.org/collection/2372172/doc/838430/detail/16
415	MS_DiTsveyTnoim	0016_31094226.xml	r1l21	40	(צערייסט דעם	מגורשת מומני לכל אָדָם, כדת משה וישראל. (צערייסט דעם	https://app.transkribus.org/collection/2372172/doc/838430/detail/16
416	MS_DiTsveyTnoim	0016_31094226.xml	r1l22	0	גֶט און וואַרפֿט עס וועק)	גֶט און וואַרפֿט עס וועק)	https://app.transkribus.org/collection/2372172/doc/838430/detail/16
417	MS_DiTsveyTnoim	0016_31094226.xml	r2l8	59	(טהוט	דער ערד, עס איז אַ עבירה חלעבען, מען מוז זיי אויפֿקלויבען. (טהוט	https://app.transkribus.org/collection/2372172/doc/838430/detail/16
418	MS_DiTsveyTnoim	0016_31094226.xml	r2l9	0	עס)	עס) און פֿערברענען, אַלאָ ניט קענן מען נאָך אַז עס איז קיין גֶט	https://app.transkribus.org/collection/2372172/doc/838430/detail/16
419	MS_DiTsveyTnoim	0017_31094228.xml	r1l2	0	(די העהלע אינווענדיג)	(די העהלע אינווענדיג)	https://app.transkribus.org/collection/2372172/doc/838430/detail/17
420	MS_DiTsveyTnoim	0017_31094228.xml	r1l3	0	(פֿייער אויבען),	(פֿייער אויבען), שלייפֿמאַשינען. האמער און אמבאָס. בערגעל גאָלד	https://app.transkribus.org/collection/2372172/doc/838430/detail/17
421	MS_DiTsveyTnoim	0017_31094228.xml	r1l3	17	שלייפֿמאַשינען. האמער און אמבאָס. בערגעל גאָלד	(פֿייער אויבען), שלייפֿמאַשינען. האמער און אמבאָס. בערגעל גאָלד	https://app.transkribus.org/collection/2372172/doc/838430/detail/17
422	MS_DiTsveyTnoim	0017_31094228.xml	r1l4	0	בערגען בריליאַנטען. אויף אַ געשטעל אַ קרוין עטץ, עטץ)	בערגען בריליאַנטען. אויף אַ געשטעל אַ קרוין עטץ, עטץ)	https://app.transkribus.org/collection/2372172/doc/838430/detail/17
423	MS_DiTsveyTnoim	0017_31094228.xml	r1l5	0	כאָהר אַלס רויבער, פּלדש, אַרבייטען)	כאָהר אַלס רויבער, פּלדש, אַרבייטען)	https://app.transkribus.org/collection/2372172/doc/838430/detail/17
424	MS_DiTsveyTnoim	0017_31094228.xml	r2l7	11	(איז עוואַס פֿריהער געקומען)	Auft הילנא (איז עוואַס פֿריהער געקומען)	https://app.transkribus.org/collection/2372172/doc/838430/detail/17
425	MS_DiTsveyTnoim	0017_31094228.xml	r2l11	52	(ציהט	שיקט ער זאָל צוריקקומען פֿאַראַ רויבער הויפּטמאַנן? (ציהט	https://app.transkribus.org/collection/2372172/doc/838430/detail/17
426	MS_DiTsveyTnoim	0017_31094228.xml	r2l12	0	דען דאָלך	דען דאָלך)	https://app.transkribus.org/collection/2372172/doc/838430/detail/17
427	MS_DiTsveyTnoim	0017_31094228.xml	r2l13	7	(ציהט אויך דען דאָלך)	הילנא. (ציהט אויך דען דאָלך) פֿייגלינג, קוק ווער צו דאָ ציהעט אַ מעססער? מיר	https://app.transkribus.org/collection/2372172/doc/838430/detail/17
428	MS_DiTsveyTnoim	0017_31094228.xml	r2l15	7	(לויפֿט נאָך אַרום און ארום)	שְמַע. (לויפֿט נאָך אַרום און ארום) והִי נועַם, ווִִהִי נועַם, ווער	https://app.transkribus.org/collection/2372172/doc/838430/detail/17
429	MS_DiTsveyTnoim	0018_31094232.xml	r1l15	4	נאָכן באַלעט)	I. (נאָכן באַלעט) Auftr	https://app.transkribus.org/collection/2372172/doc/838430/detail/18
430	MS_DiTsveyTnoim	0018_31094232.xml	r1l20	0	Vorang	Vorang	https://app.transkribus.org/collection/2372172/doc/838430/detail/18
431	MS_DiTsveyTnoim	0018_31094232.xml	r2l13	6	(סאָללאָ)	חגלה. (סאָללאָ) דאָס וועה גישריי פֿון קינדער און מוטטער	https://app.transkribus.org/collection/2372172/doc/838430/detail/18
432	MS_DiTsveyTnoim	0018_31094232.xml	r2l18	0	כאהר מיט	כאהר מיט	https://app.transkribus.org/collection/2372172/doc/838430/detail/18
433	MS_DiTsveyTnoim	0018_31094232.xml	r2l20	0	אלע ביס	אלע ביס	https://app.transkribus.org/collection/2372172/doc/838430/detail/18
434	MS_DiTsveyTnoim	0019_31094234.xml	r1l9	31	(אלעס טאַנצט אַרויס, עס קומט צוריק)	איין לוסטיג לעבען... א. ז. וו. (אלעס טאַנצט אַרויס, עס קומט צוריק)	https://app.transkribus.org/collection/2372172/doc/838430/detail/19
435	MS_DiTsveyTnoim	0019_31094234.xml	r2l3	0	(הילנאַ)	(הילנאַ) מיין טייערער הילל, אַיך מיין הערץ. מיינע געפֿיהלע, מיין	https://app.transkribus.org/collection/2372172/doc/838430/detail/19
436	MS_DiTsveyTnoim	0019_31094234.xml	r2l10	6	(צווויינט זיך ווי אַ קאָקעטקע.)	נחמן. (צווויינט זיך ווי אַ קאָקעטקע.) יאַ, אַזוי זענט איהר אַלע מעננער, ווען	https://app.transkribus.org/collection/2372172/doc/838430/detail/19
437	MS_DiTsveyTnoim	0020_31094237.xml	r1l15	67	(געשיהט)	הילנא. דערפֿאַר מיין ליעבעס פֿרייליין גיב איך דיר אַ הערצלעכען קוש (געשיהט)	https://app.transkribus.org/collection/2372172/doc/838430/detail/20
438	MS_DiTsveyTnoim	0021_31094240.xml	r1l15	17	מיט אַ ראַללע פּאַפּיער)	Auftr צענאַביא. (מיט אַ ראַללע פּאַפּיער)	https://app.transkribus.org/collection/2372172/doc/838430/detail/21
439	MS_DiTsveyTnoim	0021_31094240.xml	r1l19	38	(קוקט און צעלט)	און איהם אַליין דעם בריעף אָבגעגעבען. (קוקט און צעלט) ער שלאָפֿט?	https://app.transkribus.org/collection/2372172/doc/838430/detail/21
440	MS_DiTsveyTnoim	0021_31094240.xml	r1l21	57	(געהט	לעגען און ווען ער וועט ער וואַכען זאָל, ער איהם פֿינדען. (געהט	https://app.transkribus.org/collection/2372172/doc/838430/detail/21
441	MS_DiTsveyTnoim	0021_31094240.xml	r2l9	7	רויבער)	כאָהר (רויבער) נחמן, פלדש, הילנא, חגלה	https://app.transkribus.org/collection/2372172/doc/838430/detail/21
442	MS_DiTsveyTnoim	0021_31094240.xml	r2l9	16	חמן, פלדש, הילנא, חגלה	כאָהר (רויבער) נחמן, פלדש, הילנא, חגלה	https://app.transkribus.org/collection/2372172/doc/838430/detail/21
443	MS_DiTsveyTnoim	0021_31094240.xml	r2l9	0	כאָהר	כאָהר (רויבער) נחמן, פלדש, הילנא, חגלה	https://app.transkribus.org/collection/2372172/doc/838430/detail/21
444	MS_DiTsveyTnoim	0021_31094240.xml	r2l14	14	(אויפגערעגט מיטין בריעף	Auftr (שמעון. (אויפגערעגט מיטין בריעף	https://app.transkribus.org/collection/2372172/doc/838430/detail/21
445	MS_DiTsveyTnoim	0022_31094244.xml	r2l1	0	hintergrund chor on	hintergrund chor on	https://app.transkribus.org/collection/2372172/doc/838430/detail/22
446	MS_DiTsveyTnoim	0022_31094244.xml	r2l3	0	Verwandlung	Verwandlung	https://app.transkribus.org/collection/2372172/doc/838430/detail/22
447	MS_DiTsveyTnoim	0022_31094244.xml	r2l4	0	בן פדות	בן פדות	https://app.transkribus.org/collection/2372172/doc/838430/detail/22
448	MS_DiTsveyTnoim	0022_31094244.xml	r2l19	0	(פֿויזע)	(פֿויזע) שאַ, דער געדאַנק איז גוט....... איך מוז יעמאַנ=	https://app.transkribus.org/collection/2372172/doc/838430/detail/22
449	MS_DiTsveyTnoim	0024_31094251.xml	r2l11	6	יוחנן - איזראעלית	Auftr יוחנן - איזראעלית	https://app.transkribus.org/collection/2372172/doc/838430/detail/24
450	MS_DiTsveyTnoim	0024_31094251.xml	r2l15	19	(:שלאָפֿט איין:	לוקיש. וואו ביזטו. (:שלאָפֿט איין:)	https://app.transkribus.org/collection/2372172/doc/838430/detail/24
451	MS_DiTsveyTnoim	0024_31094251.xml	r2l20	7	(פֿון חָלום)	יוחנן. (פֿון חָלום) וואו ביזטו בר לוקיש מיין תלמיד מיין חבר	https://app.transkribus.org/collection/2372172/doc/838430/detail/24
452	MS_DiTsveyTnoim	0024_31094251.xml	r2l21	10	(ערגרייפֿט זיין האַנד)	יזראעלית. (ערגרייפֿט זיין האַנד) ער חָלומט פֿון מיין מאַנן זיין תלמיד.	https://app.transkribus.org/collection/2372172/doc/838430/detail/24
453	MS_DiTsveyTnoim	0025_31094259.xml	r1l8	7	(ערוואַכט)	יוחנן. (ערוואַכט) וואָס? איז דאָ שמעון ניט געווען? האָב איך ניט זיין	https://app.transkribus.org/collection/2372172/doc/838430/detail/25
454	MS_DiTsveyTnoim	0025_31094259.xml	r1l19	48	(קושט זיין האַנד)	יזראַעלית. איך קען ניט און וויל דיך ניט שעלטען. (קושט זיין האַנד)	https://app.transkribus.org/collection/2372172/doc/838430/detail/25
455	MS_DiTsveyTnoim	0025_31094259.xml	r2l8	37	(וויל געהן)	פּדות. אויבאַזוי ווייס איך גאָר ניט. (וויל געהן)	https://app.transkribus.org/collection/2372172/doc/838430/detail/25
456	MS_DiTsveyTnoim	0025_31094259.xml	r2l10	7	(צו יזראעלית)	פּדות. (צו יזראעלית) איך מוז טהון. וואָס מיין רבי הייסט מיר: מען	https://app.transkribus.org/collection/2372172/doc/838430/detail/25
457	MS_DiTsveyTnoim	0026_31094262.xml	r1l7	7	(קניענד נעבען רבי יוחנן ווישט זיך די אויגען)	פּדות. (קניענד נעבען רבי יוחנן ווישט זיך די אויגען) זעה רבי די	https://app.transkribus.org/collection/2372172/doc/838430/detail/26
458	MS_DiTsveyTnoim	0026_31094262.xml	r1l11	7	(קוקט איהם אָן מיט צווייפֿעל)	יוחנן. (קוקט איהם אָן מיט צווייפֿעל) איך זעה ניט זיין בילד אין דיינע	https://app.transkribus.org/collection/2372172/doc/838430/detail/26
459	MS_DiTsveyTnoim	0026_31094262.xml	r1l16	0	(ערגרייפֿט זיין קאָפּ)	(ערגרייפֿט זיין קאָפּ) אונגעהייער הייכלער! בן פּדות מיט דיין	https://app.transkribus.org/collection/2372172/doc/838430/detail/26
460	MS_DiTsveyTnoim	0026_31094262.xml	r2l9	7	(פֿאַנטאַזירט. קריכט אריין אין וואַהנזינן)	יוחנן. (פֿאַנטאַזירט. קריכט אריין אין וואַהנזינן) די מלאכים פֿערלאָזען מיך עס	https://app.transkribus.org/collection/2372172/doc/838430/detail/26
461	MS_DiTsveyTnoim	0026_31094262.xml	r2l15	0	בן פּדות - צענאביא	בן פּדות - צענאביאַ. Auft	https://app.transkribus.org/collection/2372172/doc/838430/detail/26
462	MS_DiTsveyTnoim	0027_31094266.xml	r1l6	7	(מעשוגע)	יוחנן. (מעשוגע) ניין, מיך קען קיינער ניט טעטען. איך בין גאָטט	https://app.transkribus.org/collection/2372172/doc/838430/detail/27
463	MS_DiTsveyTnoim	0027_31094266.xml	r1l8	38	(לעגט זיך)	אַלסדינג וואָס דו ווייסט, איך בעפֿעהל! (לעגט זיך)	https://app.transkribus.org/collection/2372172/doc/838430/detail/27
464	MS_DiTsveyTnoim	0027_31094266.xml	r1l13	1	סקרין דראָק ווערט בעלייכטעט. הינטען זעהט מען אַ וואַלד, אויף דער ערד	(סקרין דראָק ווערט בעלייכטעט. הינטען זעהט מען אַ וואַלד, אויף דער ערד	https://app.transkribus.org/collection/2372172/doc/838430/detail/27
465	MS_DiTsveyTnoim	0027_31094266.xml	r1l14	0	ארום. אין בעק ליעגען רויבער און שלאָפֿען אין דער מיט אָנגע=	ארום. אין בעק ליעגען רויבער און שלאָפֿען אין דער מיט אָנגע=	https://app.transkribus.org/collection/2372172/doc/838430/detail/27
466	MS_DiTsveyTnoim	0027_31094266.xml	r1l15	0	שפּאַרט אויף אַ שטאַם ליעגט בר לוקיש האַלב זיצענד מיט אַ	שפּאַרט אויף אַ שטאַם ליעגט בר לוקיש האַלב זיצענד מיט אַ	https://app.transkribus.org/collection/2372172/doc/838430/detail/27
467	MS_DiTsveyTnoim	0027_31094266.xml	r1l16	0	ראַללע פּאַפֿיר אין דער האַַנד און שלאפֿט	ראַללע פּאַפֿיר אין דער האַַנד און שלאפֿט.)	https://app.transkribus.org/collection/2372172/doc/838430/detail/27
468	MS_DiTsveyTnoim	0027_31094266.xml	r1l18	0	אנסאַמבעל	אנסאַמבעל	https://app.transkribus.org/collection/2372172/doc/838430/detail/27
469	MS_DiTsveyTnoim	0027_31094266.xml	r2l6	6	(שמעון ערוואַכט לעזט בריעף אין בילד:)	Feuer (שמעון ערוואַכט לעזט בריעף אין בילד:)	https://app.transkribus.org/collection/2372172/doc/838430/detail/27
470	MS_DiTsveyTnoim	0027_31094266.xml	r2l6	0	Feuer	Feuer (שמעון ערוואַכט לעזט בריעף אין בילד:)	https://app.transkribus.org/collection/2372172/doc/838430/detail/27
471	MS_DiTsveyTnoim	0027_31094266.xml	r2l8	39	(:רויבער שטעהן אויף:)	גלייך אַלע מענשען לויפֿען היער און הער (:רויבער שטעהן אויף:)	https://app.transkribus.org/collection/2372172/doc/838430/detail/27
472	MS_DiTsveyTnoim	0027_31094266.xml	r2l10	0	Feur	Feur יעדעס כאַפּט זיין שווערד. זיין געוועהר. (אלעס כאַפּט געוועהר	https://app.transkribus.org/collection/2372172/doc/838430/detail/27
473	MS_DiTsveyTnoim	0027_31094266.xml	r2l10	46	אלעס כאַפּט געוועהר	Feur יעדעס כאַפּט זיין שווערד. זיין געוועהר. (אלעס כאַפּט געוועהר	https://app.transkribus.org/collection/2372172/doc/838430/detail/27
474	MS_DiTsveyTnoim	0027_31094266.xml	r2l11	0	אין בילד:)	אין בילד:)	https://app.transkribus.org/collection/2372172/doc/838430/detail/27
475	MS_DiTsveyTnoim	0027_31094266.xml	r2l13	0	כאָהר	כאָהר	https://app.transkribus.org/collection/2372172/doc/838430/detail/27
476	MS_DiTsveyTnoim	0027_31094266.xml	r2l15	0	הינטען	הינטען	https://app.transkribus.org/collection/2372172/doc/838430/detail/27
477	MS_DiTsveyTnoim	0027_31094266.xml	r2l16	0	אַנסאַמבעל	אַנסאַמבעל |. מאָרדעט, רויבט, קעמפפֿט ווי די טייפֿעל טרינקט אייך זאַט מיט מענשענבלוט	https://app.transkribus.org/collection/2372172/doc/838430/detail/27
478	MS_DiTsveyTnoim	0027_31094266.xml	line_1640690127791_144	0	איין	איין	https://app.transkribus.org/collection/2372172/doc/838430/detail/27
479	MS_DiTsveyTnoim	0027_31094266.xml	line_1640690136080_150	0	דועט	דועט	https://app.transkribus.org/collection/2372172/doc/838430/detail/27
480	MS_DiTsveyTnoim	0027_31094266.xml	r2l29	1	ַנסאמבעל	אַנסאמבעל	https://app.transkribus.org/collection/2372172/doc/838430/detail/27
481	MS_DiTsveyTnoim	0027_31094266.xml	r2l17	0	בר נזיר מיט סאָלדאַטען קומען	בר נזיר מיט סאָלדאַטען קומען	https://app.transkribus.org/collection/2372172/doc/838430/detail/27
482	MS_DiTsveyTnoim	0027_31094266.xml	r2l19	0	אָן, בר נזיר ריכטעט	אָן, בר נזיר ריכטעט	https://app.transkribus.org/collection/2372172/doc/838430/detail/27
483	MS_DiTsveyTnoim	0027_31094266.xml	line_1640689656737_30	0	זיין פּפֿייל געגען שמעון. יעדער	זיין פּפֿייל געגען שמעון. יעדער	https://app.transkribus.org/collection/2372172/doc/838430/detail/27
484	MS_DiTsveyTnoim	0027_31094266.xml	r2l21	0	סאלדאט ריכטעט זיין שווערד	סאלדאט ריכטעט זיין שווערד	https://app.transkribus.org/collection/2372172/doc/838430/detail/27
485	MS_DiTsveyTnoim	0027_31094266.xml	r2l23	0	געגען איין יעדען רובער	געגען איין יעדען רובער	https://app.transkribus.org/collection/2372172/doc/838430/detail/27
486	MS_DiTsveyTnoim	0028_31094270.xml	r1l6	0	אללע.	אללע.....................	https://app.transkribus.org/collection/2372172/doc/838430/detail/28
487	MS_DiTsveyTnoim	0028_31094270.xml	r1l12	0	אלע........	אלע........	https://app.transkribus.org/collection/2372172/doc/838430/detail/28
488	MS_DiTsveyTnoim	0028_31094270.xml	r1l13	1	אין שלוס געזאַנג שטעכט בר נזיר שמעון און ער פֿאַלט. יעדער	(אין שלוס געזאַנג שטעכט בר נזיר שמעון און ער פֿאַלט. יעדער	https://app.transkribus.org/collection/2372172/doc/838430/detail/28
489	MS_DiTsveyTnoim	0028_31094270.xml	r1l14	0	סאָלדאַט שטעכט איינען פֿאָן די רויבער, וועלכע פֿאַלען. אַז דאָס	סאָלדאַט שטעכט איינען פֿאָן די רויבער, וועלכע פֿאַלען. אַז דאָס	https://app.transkribus.org/collection/2372172/doc/838430/detail/28
490	MS_DiTsveyTnoim	0028_31094270.xml	r1l15	0	בילד קומט אויס ביים פֿינאַהל, פֿאַלט שמעון מיט אַלע רויבער-	בילד קומט אויס ביים פֿינאַהל, פֿאַלט שמעון מיט אַלע רויבער-	https://app.transkribus.org/collection/2372172/doc/838430/detail/28
491	MS_DiTsveyTnoim	0028_31094270.xml	r1l16	0	סאָלדאַטען בלייבען שטעהן מיט די פּיקעס. דאָס איז אַלעס	סאָלדאַטען בלייבען שטעהן מיט די פּיקעס. דאָס איז אַלעס	https://app.transkribus.org/collection/2372172/doc/838430/detail/28
492	MS_DiTsveyTnoim	0028_31094270.xml	r1l17	0	הינטען)	הינטען)	https://app.transkribus.org/collection/2372172/doc/838430/detail/28
493	MS_DiTsveyTnoim	0028_31094270.xml	r1l18	0	(פֿאָרנע בלייבען. יוחנן. פּדות, יזראַעלית, צענאַביאַ.)	(פֿאָרנע בלייבען. יוחנן. פּדות, יזראַעלית, צענאַביאַ.)	https://app.transkribus.org/collection/2372172/doc/838430/detail/28
494	MS_DiTsveyTnoim	0028_31094270.xml	r2l3	0	(אַ שעהנער גאָרטען מיט בוימער און בושעס, רעכטס און לינקס שעהנע היי	(אַ שעהנער גאָרטען מיט בוימער און בושעס, רעכטס און לינקס שעהנע היי	https://app.transkribus.org/collection/2372172/doc/838430/detail/28
495	MS_DiTsveyTnoim	0028_31094270.xml	r2l4	0	זער מיט טרעפּליך. לינקס איז די ישיבה רעכטס איז ר' יוחנס	זער מיט טרעפּליך. לינקס איז די ישיבה רעכטס איז ר' יוחנס	https://app.transkribus.org/collection/2372172/doc/838430/detail/28
496	MS_DiTsveyTnoim	0028_31094270.xml	r2l5	0	הויז	הויז)	https://app.transkribus.org/collection/2372172/doc/838430/detail/28
497	MS_DiTsveyTnoim	0028_31094270.xml	r2l7	6	(וועלכע שטעהט אויף די טרעפּ און קוקט אין הויז רעכט'ס)	חגלה. (וועלכע שטעהט אויף די טרעפּ און קוקט אין הויז רעכט'ס) פּלדש, ווי וואָה	https://app.transkribus.org/collection/2372172/doc/838430/detail/28
498	MS_DiTsveyTnoim	0028_31094270.xml	r2l9	7	(וועלכער קוקט אין הויז לינקס)	פּלדש. (וועלכער קוקט אין הויז לינקס) אָט אַזוי איז דאָס חגלה. גרויסע	https://app.transkribus.org/collection/2372172/doc/838430/detail/28
499	MS_DiTsveyTnoim	0028_31094270.xml	r2l20	1	קומען זיך ביידע צו זאַמען אין מיט ביהנע	(קומען זיך ביידע צו זאַמען אין מיט ביהנע)	https://app.transkribus.org/collection/2372172/doc/838430/detail/28
500	MS_DiTsveyTnoim	0029_31094273.xml	r2l4	4	קופּלעט	Aro קופּלעט	https://app.transkribus.org/collection/2372172/doc/838430/detail/29
501	MS_DiTsveyTnoim	0030_31094277.xml	r2l13	13	אַלס מאַנן פֿון רעכטס)	Auftr נחמן. (אַלס מאַנן פֿון רעכטס)	https://app.transkribus.org/collection/2372172/doc/838430/detail/30
502	MS_DiTsveyTnoim	0030_31094277.xml	r2l15	14	אָלס פרוי פֿון לינקס)	Auftr הילנא. (אָלס פרוי פֿון לינקס)	https://app.transkribus.org/collection/2372172/doc/838430/detail/30
503	MS_DiTsveyTnoim	0030_31094277.xml	r2l17	30	(ער בליקט איהם)	הילנא. מיין נחמן איז נאָך דאָ? (ער בליקט איהם) אַה, ווי געהט עס	https://app.transkribus.org/collection/2372172/doc/838430/detail/30
504	MS_DiTsveyTnoim	0030_31094277.xml	r2l22	7	(אַ פּאַרט)	הילנא. (אַ פּאַרט) ער מיינט מיך (לויט) דאפֿיר וועסט עס קיינמאָל	https://app.transkribus.org/collection/2372172/doc/838430/detail/30
505	MS_DiTsveyTnoim	0030_31094277.xml	r2l22	32	(לויט)	הילנא. (אַ פּאַרט) ער מיינט מיך (לויט) דאפֿיר וועסט עס קיינמאָל	https://app.transkribus.org/collection/2372172/doc/838430/detail/30
506	MS_DiTsveyTnoim	0031_31094281.xml	r1l3	39	(וויל געהן)	הילנא. יאַ, וועסט עס צוריק פֿערליערען. (וויל געהן)	https://app.transkribus.org/collection/2372172/doc/838430/detail/31
507	MS_DiTsveyTnoim	0031_31094281.xml	r1l4	6	(האַלט זי צוריק)	נחמן. (האַלט זי צוריק) דו געהסט ניט ביז די וועסט מיר ניט זאָגען וואָס	https://app.transkribus.org/collection/2372172/doc/838430/detail/31
508	MS_DiTsveyTnoim	0031_31094281.xml	r1l21	0	דועט.	דועט.	https://app.transkribus.org/collection/2372172/doc/838430/detail/31
509	MS_DiTsveyTnoim	0031_31094281.xml	r1l22	0	מתנה׳לע.	מתנה׳לע.	https://app.transkribus.org/collection/2372172/doc/838430/detail/31
510	MS_DiTsveyTnoim	0031_31094281.xml	r2l20	0	ביידע ביסס	ביידע ביסס	https://app.transkribus.org/collection/2372172/doc/838430/detail/31
511	MS_DiTsveyTnoim	0032_31094284.xml	r1l12	0	צענאביא. נאַכהער הילנא.	צענאביא. נאַכהער הילנא. Auftr	https://app.transkribus.org/collection/2372172/doc/838430/detail/32
512	MS_DiTsveyTnoim	0032_31094284.xml	r1l13	8	(רופֿט)	צענאַב. (רופֿט) הילנאַ! הילנאַ! האָסט געטראָפֿען דעם גובערנעהר בר	https://app.transkribus.org/collection/2372172/doc/838430/detail/32
513	MS_DiTsveyTnoim	0032_31094284.xml	r2l5	48	(signal)	הילנא. מיר שיינט, אַז ער איז שוין אויף דעם וועג (signal) מיר	https://app.transkribus.org/collection/2372172/doc/838430/detail/32
514	MS_DiTsveyTnoim	0032_31094284.xml	r2l7	7	(רופֿט אין הויז לינקס)	צענאב. (רופֿט אין הויז לינקס) מיינע פֿריינדע דער געבערנעהר קומט.	https://app.transkribus.org/collection/2372172/doc/838430/detail/32
515	MS_DiTsveyTnoim	0032_31094284.xml	r2l8	6	בן פּדות מיט כאָהר (אַלס תלמידים פֿון הויז לינקס) בר נזיר (מיט	אָAuf בן פּדות מיט כאָהר (אַלס תלמידים פֿון הויז לינקס) בר נזיר (מיט	https://app.transkribus.org/collection/2372172/doc/838430/detail/32
516	MS_DiTsveyTnoim	0032_31094284.xml	r2l9	20	סאָלדאַטען	ראָלע פּאַפּיר מיט) סאָלדאַטען (שטאטיסטען) (פון גאַס לינקס)	https://app.transkribus.org/collection/2372172/doc/838430/detail/32
517	MS_DiTsveyTnoim	0032_31094284.xml	r2l9	31	(שטאטיסטען)	ראָלע פּאַפּיר מיט) סאָלדאַטען (שטאטיסטען) (פון גאַס לינקס)	https://app.transkribus.org/collection/2372172/doc/838430/detail/32
518	MS_DiTsveyTnoim	0032_31094284.xml	r2l9	42	(פון גאַס לינקס)	ראָלע פּאַפּיר מיט) סאָלדאַטען (שטאטיסטען) (פון גאַס לינקס)	https://app.transkribus.org/collection/2372172/doc/838430/detail/32
519	MS_DiTsveyTnoim	0032_31094284.xml	r2l10	0	יזראעלית (פֿון הויז רעכטס שטעל איך אונטער אַז בוים)	יזראעלית (פֿון הויז רעכטס שטעל איך אונטער אַז בוים)	https://app.transkribus.org/collection/2372172/doc/838430/detail/32
520	MS_DiTsveyTnoim	0032_31094284.xml	r2l11	0	בעגריעסונגס קאהר.	בעגריעסונגס קאהר.	https://app.transkribus.org/collection/2372172/doc/838430/detail/32
521	MS_DiTsveyTnoim	0032_31094284.xml	r2l13	24	(לעזט פֿון ראָללע פּאַפּיער)	דעם קעניגליכען בעפֿעהל: (לעזט פֿון ראָללע פּאַפּיער)	https://app.transkribus.org/collection/2372172/doc/838430/detail/32
522	MS_DiTsveyTnoim	0033_31094288.xml	r1l7	9	(איבערגיבט איהם דאָס פּאפּיר)	בן פּדות. (איבערגיבט איהם דאָס פּאפּיר) איך ה בן פּדות	https://app.transkribus.org/collection/2372172/doc/838430/detail/33
523	MS_DiTsveyTnoim	0033_31094288.xml	r1l14	0	(לעזט פֿון 2-טער ראָלע)	(לעזט פֿון 2-טער ראָלע) עס איז יעדען בעקאַנט דאָס 11 טאַגע	https://app.transkribus.org/collection/2372172/doc/838430/detail/33
524	MS_DiTsveyTnoim	0033_31094288.xml	r2l5	7	(נעהמט איהם אין אַ זייט)	פּדות. (נעהמט איהם אין אַ זייט) גובערנעהר, אין דיעזער געלעגענ=	https://app.transkribus.org/collection/2372172/doc/838430/detail/33
525	MS_DiTsveyTnoim	0033_31094288.xml	r2l9	0	כאָהר.	כאָהר. N (דאָס זעלבע פֿון פֿריהער) (אב)	https://app.transkribus.org/collection/2372172/doc/838430/detail/33
526	MS_DiTsveyTnoim	0033_31094288.xml	r2l10	1	אַלעס געהט אין הויז לינקס, פּדות וויל געהן דער לעצטער)	(אַלעס געהט אין הויז לינקס, פּדות וויל געהן דער לעצטער)	https://app.transkribus.org/collection/2372172/doc/838430/detail/33
527	MS_DiTsveyTnoim	0033_31094288.xml	r2l11	7	(האַלט איהם צוריק)	צענאב. (האַלט איהם צוריק) בן - פּדות ווילסט מיך דען פֿערראַטען.	https://app.transkribus.org/collection/2372172/doc/838430/detail/33
528	MS_DiTsveyTnoim	0034_31094292.xml	r1l9	1	יזראעלית, וועלכע איז ביז יעצט געשטאַנען אונטערן בוים איז ביי)	יזראעלית, וועלכע איז ביז יעצט געשטאַנען אונטערן בוים איז ביי)	https://app.transkribus.org/collection/2372172/doc/838430/detail/34
529	MS_DiTsveyTnoim	0034_31094292.xml	r1l10	0	די לעצטע ווערטער אַפֿערגעגאַנגען, ער זעהט זי)	די לעצטע ווערטער אַפֿערגעגאַנגען, ער זעהט זי) אָה, יזראַע=	https://app.transkribus.org/collection/2372172/doc/838430/detail/34
530	MS_DiTsveyTnoim	0035_31094296.xml	r1l22	10	(גיט איהם אַ פּאַטש)	יזראעלית. (גיט איהם אַ פּאַטש) דאָס האָסטו מיין האַנד דאַרויף אַז עס	https://app.transkribus.org/collection/2372172/doc/838430/detail/35
531	MS_DiTsveyTnoim	0035_31094296.xml	r2l10	10	(שפיּיט איהם אין פָּנים)	מענשהייט. (שפיּיט איהם אין פָּנים)	https://app.transkribus.org/collection/2372172/doc/838430/detail/35
532	MS_DiTsveyTnoim	0035_31094296.xml	r2l16	24	(וויל זיע ערגרייפֿען)	דער דער זיעגער פֿיהלען. (וויל זיע ערגרייפֿען) קום אין	https://app.transkribus.org/collection/2372172/doc/838430/detail/35
533	MS_DiTsveyTnoim	0035_31094296.xml	r2l17	12	(ראַנגעלן)	מיינע אַרמע. (ראַנגעלן)	https://app.transkribus.org/collection/2372172/doc/838430/detail/35
534	MS_DiTsveyTnoim	0035_31094296.xml	r2l21	1	וואַרפֿט איהם צו באָדען. (שטעהט מיט אַ פֿוס אויף זיין קערפּער	(וואַרפֿט איהם צו באָדען. (שטעהט מיט אַ פֿוס אויף זיין קערפּער	https://app.transkribus.org/collection/2372172/doc/838430/detail/35
535	MS_DiTsveyTnoim	0035_31094296.xml	r2l22	0	מיט די האַנד אין דער הויך, טריאָמפֿיערענד)	מיט די האַנד אין דער הויך, טריאָמפֿיערענד) דער אֶמֶת	https://app.transkribus.org/collection/2372172/doc/838430/detail/35
536	MS_DiTsveyTnoim	0036_31094299.xml	r1l2	0	זיעגט	זיעגט	https://app.transkribus.org/collection/2372172/doc/838430/detail/36
537	MS_DiTsveyTnoim	0036_31094299.xml	r1l3	0	פּאָזיציאָן.	פּאָזיציאָן.	https://app.transkribus.org/collection/2372172/doc/838430/detail/36
538	MS_DiTsveyTnoim	0036_31094299.xml	r1l4	6	צענאביא	Auft צענאביא	https://app.transkribus.org/collection/2372172/doc/838430/detail/36
539	MS_DiTsveyTnoim	0036_31094299.xml	r1l7	45	זאָזיעהט	העלדען טיגער וועלכער האָט איהר קינד צערריסען זאָזיעהט	https://app.transkribus.org/collection/2372172/doc/838430/detail/36
540	MS_DiTsveyTnoim	0036_31094299.xml	r1l9	7	(הויבט זיך אויף)	פּדות. (הויבט זיך אויף) שפּאָטעט! לאַכט! אויך די באַנדיטין מאַטראַ=	https://app.transkribus.org/collection/2372172/doc/838430/detail/36
541	MS_DiTsveyTnoim	0036_31094299.xml	r1l11	0	לינקס)	לינקס)	https://app.transkribus.org/collection/2372172/doc/838430/detail/36
542	MS_DiTsveyTnoim	0036_31094299.xml	r1l12	1	שטוממע סצענע צווישען די 2 פֿרויען. יזראעלית בעטראַכטעט	(שטוממע סצענע צווישען די 2 פֿרויען. יזראעלית בעטראַכטעט	https://app.transkribus.org/collection/2372172/doc/838430/detail/36
543	MS_DiTsveyTnoim	0036_31094299.xml	r1l13	0	זי מיט פֿעראַכטונג, וויל אַבגעהן אין איהר הויז רעכטס	זי מיט פֿעראַכטונג, וויל אַבגעהן אין איהר הויז רעכטס)	https://app.transkribus.org/collection/2372172/doc/838430/detail/36
544	MS_DiTsveyTnoim	0036_31094299.xml	r1l14	7	(האַלט זי צוריק)	צענאב. (האַלט זי צוריק) יזראַעלית!	https://app.transkribus.org/collection/2372172/doc/838430/detail/36
545	MS_DiTsveyTnoim	0037_31094303.xml	r1l4	13	(צייגט לינקס)	צו טהון היער (צייגט לינקס) אויף וויע דער ערזעהען	https://app.transkribus.org/collection/2372172/doc/838430/detail/37
546	MS_DiTsveyTnoim	0037_31094303.xml	r1l8	14	אַלס עגיפּטער מיט גרויסען פֿאַלשען באָרד)	Auftr שמעון. (אַלס עגיפּטער מיט גרויסען פֿאַלשען באָרד) נחמן	https://app.transkribus.org/collection/2372172/doc/838430/detail/37
547	MS_DiTsveyTnoim	0037_31094303.xml	r1l8	57	חמן	Auftr שמעון. (אַלס עגיפּטער מיט גרויסען פֿאַלשען באָרד) נחמן	https://app.transkribus.org/collection/2372172/doc/838430/detail/37
548	MS_DiTsveyTnoim	0037_31094303.xml	r1l19	1	געהט, קושט די טיהר פֿון הויז לינקס)	(געהט, קושט די טיהר פֿון הויז לינקס) מה טובו אוהליך, יעקבב	https://app.transkribus.org/collection/2372172/doc/838430/detail/37
549	MS_DiTsveyTnoim	0037_31094303.xml	r2l8	52	(שטעלט	אָבער זעהן מוז איך זיע, זי בעטראַכטען פֿון ווייטען. (שטעלט	https://app.transkribus.org/collection/2372172/doc/838430/detail/37
550	MS_DiTsveyTnoim	0037_31094303.xml	r2l9	0	זיך אונטערן בוים	זיך אונטערן בוים)	https://app.transkribus.org/collection/2372172/doc/838430/detail/37
551	MS_DiTsveyTnoim	0037_31094303.xml	r2l10	0	איזראעלית.	איזראעלית. Auft	https://app.transkribus.org/collection/2372172/doc/838430/detail/37
552	MS_DiTsveyTnoim	0037_31094303.xml	r2l17	7	(טרעט פֿאָר)	שמעון. (טרעט פֿאָר) בין איך פֿיעלייכט ניט צו פּאַסענדען צייט	https://app.transkribus.org/collection/2372172/doc/838430/detail/37
553	MS_DiTsveyTnoim	0038_31094306.xml	r1l16	10	(ערוויינט)	אייניגען. (ערוויינט) מיר שיינט, דו וויינסט?	https://app.transkribus.org/collection/2372172/doc/838430/detail/38
554	MS_DiTsveyTnoim	0038_31094306.xml	r2l6	39	(קניעט פֿאַר	זעהן און ביי איהרע פֿיססע צו שטאָרבען. (קניעט פֿאַר	https://app.transkribus.org/collection/2372172/doc/838430/detail/38
555	MS_DiTsveyTnoim	0038_31094306.xml	r2l7	0	איהר)	איהר) אָה, איזראַעלית, הימלישע, גוטע, ווי ער נאָר אין וואָרט	https://app.transkribus.org/collection/2372172/doc/838430/detail/38
556	MS_DiTsveyTnoim	0038_31094306.xml	r2l12	0	(הייבט איהם אויף)	(הייבט איהם אויף) דיך אויפֿהעבען און אין איהרע אַרמע שליעסען.	https://app.transkribus.org/collection/2372172/doc/838430/detail/38
557	MS_DiTsveyTnoim	0038_31094306.xml	r2l13	0	(אומאַרמט איהם)	(אומאַרמט איהם) אָה, שמעון, שמעון דו בלייבסט עביג מיין מאַנן. (רייסט	https://app.transkribus.org/collection/2372172/doc/838430/detail/38
558	MS_DiTsveyTnoim	0038_31094306.xml	r2l13	62	(רייסט	(אומאַרמט איהם) אָה, שמעון, שמעון דו בלייבסט עביג מיין מאַנן. (רייסט	https://app.transkribus.org/collection/2372172/doc/838430/detail/38
559	MS_DiTsveyTnoim	0038_31094306.xml	r2l14	0	זיך שנעלל אַוועק)	זיך שנעלל אַוועק) האָ! - גאָטט! וואָס האָב איך געטהון? איין פֿרעמ=	https://app.transkribus.org/collection/2372172/doc/838430/detail/38
560	MS_DiTsveyTnoim	0038_31094306.xml	r2l17	7	(דעמאַסקירט זיך)	מאַנן. (דעמאַסקירט זיך) דיין שמעון!	https://app.transkribus.org/collection/2372172/doc/838430/detail/38
561	MS_DiTsveyTnoim	0038_31094306.xml	r2l19	0	צוזאַמען, אומאַרמונג	צוזאַמען, אומאַרמונג	https://app.transkribus.org/collection/2372172/doc/838430/detail/38
562	MS_DiTsveyTnoim	0039_31094309.xml	r1l11	0	אין הויז לינקס רעכטס)	אין הויז לינקס רעכטס)	https://app.transkribus.org/collection/2372172/doc/838430/detail/39
563	MS_DiTsveyTnoim	0039_31094309.xml	r1l13	0	כאָהר אַלס תלמידים חכמים, אַנדערע אַלס סאָלדאַטען	כאָהר אַלס תלמידים חכמים, אַנדערע אַלס סאָלדאַטען	https://app.transkribus.org/collection/2372172/doc/838430/detail/39
564	MS_DiTsveyTnoim	0039_31094309.xml	r1l14	0	צענאַביאַ. (אלע פֿון הויז לינקס)	צענאַביאַ. (אלע פֿון הויז לינקס)	https://app.transkribus.org/collection/2372172/doc/838430/detail/39
565	MS_DiTsveyTnoim	0039_31094309.xml	r1l15	0	כאהר No.	כאהר No.	https://app.transkribus.org/collection/2372172/doc/838430/detail/39
566	MS_DiTsveyTnoim	0039_31094309.xml	r2l5	21	(מען לעקט איהר אַן קעטטען)	ברעכסטו דיין שוואָר. (מען לעקט איהר אַן קעטטען)	https://app.transkribus.org/collection/2372172/doc/838430/detail/39
567	MS_DiTsveyTnoim	0039_31094309.xml	r2l12	0	שמעון. (פֿון הויז	שמעון. (פֿון הויז) Auft	https://app.transkribus.org/collection/2372172/doc/838430/detail/39
568	MS_DiTsveyTnoim	0039_31094309.xml	r2l16	34	(מען לעגט שמעון אָן קעטטען)	כאָהר דאָס איז ניט מעהר ווי רעכט. (מען לעגט שמעון אָן קעטטען)	https://app.transkribus.org/collection/2372172/doc/838430/detail/39
569	MS_DiTsveyTnoim	0040_31094310.xml	r1l2	0	אלע	אלע	https://app.transkribus.org/collection/2372172/doc/838430/detail/40
570	MS_DiTsveyTnoim	0040_31094310.xml	r1l3	1	רוססער אַנסאַמבעל. נאָך מוזיק טעקסט	(רוססער אַנסאַמבעל. נאָך מוזיק טעקסט	https://app.transkribus.org/collection/2372172/doc/838430/detail/40
571	MS_DiTsveyTnoim	0040_31094310.xml	r2l3	1	וואַלד מיט בית עולם הינטען אָבגעצוימט מיט שטאַכעטען. מצבות הינטען, פֿאַרנע	(וואַלד מיט בית עולם הינטען אָבגעצוימט מיט שטאַכעטען. מצבות הינטען, פֿאַרנע	https://app.transkribus.org/collection/2372172/doc/838430/detail/40
572	MS_DiTsveyTnoim	0040_31094310.xml	r2l4	0	גראָס בראַנג)	גראָס בראַנג)	https://app.transkribus.org/collection/2372172/doc/838430/detail/40
573	MS_DiTsveyTnoim	0040_31094310.xml	r2l5	6	(מיט אַ לאַמטערנע אין האַמער, געהט צו יעדען קבר קלאפּט אָן	יוחנן. (מיט אַ לאַמטערנע אין האַמער, געהט צו יעדען קבר קלאפּט אָן	https://app.transkribus.org/collection/2372172/doc/838430/detail/40
574	MS_DiTsveyTnoim	0040_31094310.xml	r2l5	0	יוחנן.	יוחנן. (מיט אַ לאַמטערנע אין האַמער, געהט צו יעדען קבר קלאפּט אָן	https://app.transkribus.org/collection/2372172/doc/838430/detail/40
575	MS_DiTsveyTnoim	0040_31094310.xml	r2l6	0	און רופֿט: - היכא את בר -לוקיש. -ער קוקט אויס משוגע. אין שוואַרצען געקליי	און רופֿט: - היכא את בר -לוקיש. -ער קוקט אויס משוגע. אין שוואַרצען געקליי	https://app.transkribus.org/collection/2372172/doc/838430/detail/40
576	MS_DiTsveyTnoim	0040_31094310.xml	r2l7	0	דעט)	דעט)	https://app.transkribus.org/collection/2372172/doc/838430/detail/40
577	MS_DiTsveyTnoim	0040_31094310.xml	r2l11	51	(קלאַפּט	געשטאָרבען דורך מיר זאָלסטו צוריק לעבענדיג ווערען. (קלאַפּט	https://app.transkribus.org/collection/2372172/doc/838430/detail/40
578	MS_DiTsveyTnoim	0040_31094310.xml	r2l12	11	ויעדער און רופֿט ביי 2 מצבות)	אַיֶ כָּר וויעדער און רופֿט ביי 2 מצבות) היכא בר לוקיש. וואָס? (פּויזע)	https://app.transkribus.org/collection/2372172/doc/838430/detail/40
579	MS_DiTsveyTnoim	0040_31094310.xml	r2l12	64	פּויזע)	אַיֶ כָּר וויעדער און רופֿט ביי 2 מצבות) היכא בר לוקיש. וואָס? (פּויזע)	https://app.transkribus.org/collection/2372172/doc/838430/detail/40
580	MS_DiTsveyTnoim	0040_31094310.xml	r2l20	8	(ליכט קומט אויף איהם)	וועלט.. (ליכט קומט אויף איהם) הֵיכָא אֶת בַר- לוקיש?	https://app.transkribus.org/collection/2372172/doc/838430/detail/40
581	MS_DiTsveyTnoim	0040_31094310.xml	r2l21	0	(ציהט זיך צוריק הינטער אַ קבר)	(ציהט זיך צוריק הינטער אַ קבר)	https://app.transkribus.org/collection/2372172/doc/838430/detail/40
582	MS_DiTsveyTnoim	0041_31094311.xml	r1l2	0	פּלדש -חגלה (מיט עססען	פּלדש -חגלה (מיט עססען) Auft	https://app.transkribus.org/collection/2372172/doc/838430/detail/41
583	MS_DiTsveyTnoim	0041_31094311.xml	r1l11	7	(פֿון קבר קומענד)	יוחנן. (פֿון קבר קומענד) דער מלאך המות האָט נישט יעצט קיין צייט	https://app.transkribus.org/collection/2372172/doc/838430/detail/41
584	MS_DiTsveyTnoim	0041_31094311.xml	r1l15	37	(געהט צו)	פּלדש. לאָז מיך נאָך מיט איהם רעדען. (געהט צו) ר״ב״ש״ע״ מיר	https://app.transkribus.org/collection/2372172/doc/838430/detail/41
585	MS_DiTsveyTnoim	0041_31094311.xml	r2l8	29	(געהט צום קבר)	נייער גאָטט זאָל זי טראָגען. (געהט צום קבר) ש אָט ברענג	https://app.transkribus.org/collection/2372172/doc/838430/detail/41
586	MS_DiTsveyTnoim	0041_31094311.xml	r2l12	7	(קומט צוריק מיט אַ קרוין)	יוחנן. (קומט צוריק מיט אַ קרוין) זעהט די קרוין. האָב איך געפֿונען	https://app.transkribus.org/collection/2372172/doc/838430/detail/41
587	MS_DiTsveyTnoim	0041_31094311.xml	r2l17	5	(בעטראַכט זי)	חגלה. (בעטראַכט זי) דאָס איז ניט די פֿאַלשע קרוין, די קרוין	https://app.transkribus.org/collection/2372172/doc/838430/detail/41
588	MS_DiTsveyTnoim	0042_31094312.xml	r1l6	7	(כאַפּט די קרוין)	יוחנן. (כאַפּט די קרוין) יאַ, איך בין דיין גאָטט איך האָב בעשאָפֿען	https://app.transkribus.org/collection/2372172/doc/838430/detail/42
589	MS_DiTsveyTnoim	0042_31094312.xml	r1l8	21	(וואַכפֿט וועג די קרוין)	פֿון מענשען געמאַכט. (וואַכפֿט וועג די קרוין)	https://app.transkribus.org/collection/2372172/doc/838430/detail/42
590	MS_DiTsveyTnoim	0042_31094312.xml	r1l10	0	(כאפּען קרוין, סצענע. אַב)	(כאפּען קרוין, סצענע. אַב)	https://app.transkribus.org/collection/2372172/doc/838430/detail/42
591	MS_DiTsveyTnoim	0042_31094312.xml	r1l9	0	חגלה	חגלה	https://app.transkribus.org/collection/2372172/doc/838430/detail/42
592	MS_DiTsveyTnoim	0042_31094312.xml	r1l11	0	פּלדש	פּלדש	https://app.transkribus.org/collection/2372172/doc/838430/detail/42
593	MS_DiTsveyTnoim	0042_31094312.xml	r1l16	1	עס שלאָגט 12, גרויסער שטורם, דונקלע ביהנע, עס ער שיינט דאַמען	(עס שלאָגט 12, גרויסער שטורם, דונקלע ביהנע, עס ער שיינט דאַמען	https://app.transkribus.org/collection/2372172/doc/838430/detail/42
594	MS_DiTsveyTnoim	0042_31094312.xml	r1l17	0	אלס מתים פֿון הינטען מלאָכים	אלס מתים פֿון הינטען מלאָכים)	https://app.transkribus.org/collection/2372172/doc/838430/detail/42
595	MS_DiTsveyTnoim	0042_31094312.xml	line_1640887685177_320	0	יוחנן	יוחנן	https://app.transkribus.org/collection/2372172/doc/838430/detail/42
596	MS_DiTsveyTnoim	0042_31094312.xml	r1l19	0	מיט	מיט	https://app.transkribus.org/collection/2372172/doc/838430/detail/42
597	MS_DiTsveyTnoim	0042_31094312.xml	r1l21	0	כאהר	כאהר	https://app.transkribus.org/collection/2372172/doc/838430/detail/42
598	MS_DiTsveyTnoim	0042_31094312.xml	line_1640887693295_325	0	דאנן	דאנן	https://app.transkribus.org/collection/2372172/doc/838430/detail/42
599	MS_DiTsveyTnoim	0042_31094312.xml	line_1640887701811_331	0	באַלעט	באַלעט	https://app.transkribus.org/collection/2372172/doc/838430/detail/42
600	MS_DiTsveyTnoim	0042_31094312.xml	r1l24	1	ענגעל פֿערשווינדען נאָכין באַלעט, יוחנן בלייבט ליעגען אויף גרויס	(ענגעל פֿערשווינדען נאָכין באַלעט, יוחנן בלייבט ליעגען אויף גרויס	https://app.transkribus.org/collection/2372172/doc/838430/detail/42
